{
  "metadata": {
    "formatVersion": 3.1,
    "sourceFile": "glass.obj",
    "generatedBy": "OBJConverter",
    "vertices": 55,
    "faces": 46,
    "normals": 55,
    "colors": 0,
    "uvs": 0,
    "materials": 1
  },
  "scale": 0.5,
  "materials": [
    {
      "DbgColor": 15658734,
      "DbgIndex": 0,
      "DbgName": "Standard_5",
      "colorAmbient": [
        0.2431,
        0.2863,
        0.4353
      ],
      "colorDiffuse": [
        0.2431,
        0.2863,
        0.4353
      ],
      "colorSpecular": [
        0.792,
        0.792,
        0.792
      ],
      "illumination": 2,
      "opacity": 1,
      "opticalDensity": 1.5,
      "specularCoef": 39,
      "transparent": true
    }
  ],
  "vertices": [
    -26,
    693,
    103,
    -228,
    491,
    472,
    -100,
    491,
    496,
    138,
    641,
    -811,
    208,
    553,
    -999,
    92,
    554,
    -1004,
    -176,
    695,
    -669,
    80,
    698,
    -672,
    -141,
    616,
    -866,
    -222,
    687,
    87,
    -352,
    622,
    -243,
    -383,
    561,
    -704,
    -396,
    521,
    -233,
    398,
    521,
    -233,
    385,
    561,
    -704,
    354,
    622,
    -243,
    369,
    589,
    -155,
    370,
    560,
    226,
    398,
    516,
    -135,
    -396,
    516,
    -135,
    -369,
    560,
    226,
    -367,
    589,
    -155,
    101,
    491,
    496,
    229,
    491,
    472,
    324,
    609,
    213,
    84,
    650,
    195,
    346,
    628,
    -615,
    -344,
    628,
    -615,
    399,
    488,
    250,
    -397,
    488,
    250,
    -208,
    553,
    -999,
    300,
    634,
    -791,
    -324,
    609,
    213,
    337,
    647,
    -171,
    323,
    657,
    41,
    -321,
    657,
    41,
    -336,
    647,
    -171,
    -307,
    691,
    -181,
    309,
    691,
    -181,
    176,
    690,
    94,
    290,
    678,
    77,
    370,
    492,
    402,
    177,
    695,
    -669,
    -308,
    691,
    -251,
    310,
    691,
    -251,
    -338,
    549,
    -981,
    -273,
    687,
    -659,
    -369,
    492,
    402,
    -290,
    678,
    77,
    274,
    687,
    -659,
    -322,
    661,
    -554,
    324,
    661,
    -554,
    339,
    549,
    -981,
    -398,
    536,
    -719,
    400,
    536,
    -719
  ],
  "morphTargets": [],
  "morphColors": [],
  "normals": [
    -0.033012,
    0.89867,
    0.43738,
    -0.12732,
    0.88178,
    0.45416,
    -0.047643,
    0.89005,
    0.45337,
    0.040755,
    0.91935,
    -0.39132,
    0.062114,
    0.91335,
    -0.40241,
    0.011252,
    0.91016,
    -0.41411,
    -0.068786,
    0.92399,
    -0.37617,
    0.0094247,
    0.9265,
    -0.37618,
    -0.047059,
    0.91668,
    -0.39684,
    -0.11218,
    0.8913,
    0.43931,
    -0.88131,
    0.47253,
    -0.00013154,
    -0.87243,
    0.48862,
    0.011114,
    -0.91246,
    0.40905,
    0.0092272,
    0.91246,
    0.40905,
    0.0092272,
    0.87243,
    0.48862,
    0.011114,
    0.88131,
    0.47253,
    -0.00013154,
    0.89676,
    0.44142,
    0.030971,
    0.91677,
    0.39848,
    0.027438,
    0.92724,
    0.3736,
    0.025611,
    -0.92724,
    0.3736,
    0.025611,
    -0.91677,
    0.39848,
    0.027438,
    -0.89676,
    0.44142,
    0.030971,
    0.048593,
    0.88741,
    0.45842,
    0.12442,
    0.88524,
    0.44819,
    0.14047,
    0.88114,
    0.45151,
    0.043915,
    0.89584,
    0.44219,
    0.85148,
    0.52427,
    -0.010644,
    -0.85148,
    0.52427,
    -0.010644,
    0.92632,
    0.37588,
    0.025266,
    -0.92632,
    0.37588,
    0.025266,
    -0.058103,
    0.91321,
    -0.40332,
    0.091763,
    0.91965,
    -0.38188,
    -0.14866,
    0.88139,
    0.44839,
    0.85324,
    0.52042,
    0.033738,
    0.86507,
    0.5003,
    0.036822,
    -0.86507,
    0.5003,
    0.036822,
    -0.85324,
    0.52042,
    0.033738,
    -0.83631,
    0.54729,
    0.032633,
    0.83631,
    0.54729,
    0.032633,
    0.10546,
    0.89655,
    0.43021,
    0.15503,
    0.89456,
    0.41921,
    0.2267,
    0.85247,
    0.47107,
    0.075694,
    0.92723,
    -0.36677,
    -0.84256,
    0.53852,
    -0.0092284,
    0.84256,
    0.53852,
    -0.0092284,
    -0.089362,
    0.91825,
    -0.38578,
    -0.12094,
    0.92088,
    -0.3706,
    -0.2267,
    0.85247,
    0.47107,
    -0.17353,
    0.89356,
    0.41405,
    0.11945,
    0.92949,
    -0.34896,
    -0.8078,
    0.58906,
    -0.021514,
    0.8078,
    0.58906,
    -0.021514,
    0.083375,
    0.91556,
    -0.39343,
    -0.87086,
    0.49122,
    0.017234,
    0.87086,
    0.49122,
    0.017234
  ],
  "colors": [],
  "uvs": [
    []
  ],
  "faces": [
    34,
    0,
    1,
    2,
    0,
    0,
    1,
    2,
    34,
    3,
    4,
    5,
    0,
    3,
    4,
    5,
    34,
    6,
    7,
    8,
    0,
    6,
    7,
    8,
    34,
    1,
    0,
    9,
    0,
    1,
    0,
    9,
    34,
    10,
    11,
    12,
    0,
    10,
    11,
    12,
    34,
    13,
    14,
    15,
    0,
    13,
    14,
    15,
    34,
    16,
    17,
    18,
    0,
    16,
    17,
    18,
    34,
    19,
    20,
    21,
    0,
    19,
    20,
    21,
    34,
    22,
    23,
    24,
    0,
    22,
    23,
    24,
    34,
    24,
    25,
    22,
    0,
    24,
    25,
    22,
    34,
    14,
    26,
    15,
    0,
    14,
    26,
    15,
    34,
    10,
    27,
    11,
    0,
    10,
    27,
    11,
    34,
    28,
    18,
    17,
    0,
    28,
    18,
    17,
    34,
    20,
    19,
    29,
    0,
    20,
    19,
    29,
    34,
    8,
    30,
    6,
    0,
    8,
    30,
    6,
    34,
    4,
    3,
    31,
    0,
    4,
    3,
    31,
    34,
    1,
    9,
    32,
    0,
    1,
    9,
    32,
    34,
    25,
    0,
    2,
    0,
    25,
    0,
    2,
    34,
    17,
    33,
    34,
    0,
    17,
    33,
    34,
    34,
    35,
    36,
    20,
    0,
    35,
    36,
    20,
    34,
    36,
    35,
    37,
    0,
    36,
    35,
    37,
    34,
    38,
    34,
    33,
    0,
    38,
    34,
    33,
    34,
    39,
    24,
    40,
    0,
    39,
    24,
    40,
    34,
    5,
    30,
    8,
    0,
    5,
    30,
    8,
    34,
    5,
    8,
    3,
    0,
    5,
    8,
    3,
    34,
    22,
    25,
    2,
    0,
    22,
    25,
    2,
    34,
    41,
    24,
    23,
    0,
    41,
    24,
    23,
    34,
    3,
    42,
    31,
    0,
    3,
    42,
    31,
    34,
    7,
    3,
    8,
    0,
    7,
    3,
    8,
    34,
    27,
    10,
    43,
    0,
    27,
    10,
    43,
    34,
    44,
    15,
    26,
    0,
    44,
    15,
    26,
    34,
    39,
    0,
    25,
    0,
    39,
    0,
    25,
    34,
    24,
    39,
    25,
    0,
    24,
    39,
    25,
    34,
    6,
    45,
    46,
    0,
    6,
    45,
    46,
    34,
    47,
    1,
    32,
    0,
    47,
    1,
    32,
    34,
    45,
    6,
    30,
    0,
    45,
    6,
    30,
    34,
    9,
    48,
    32,
    0,
    9,
    48,
    32,
    34,
    49,
    31,
    42,
    0,
    49,
    31,
    42,
    34,
    27,
    43,
    50,
    0,
    27,
    43,
    50,
    34,
    51,
    44,
    26,
    0,
    51,
    44,
    26,
    34,
    31,
    52,
    4,
    0,
    31,
    52,
    4,
    34,
    53,
    12,
    11,
    0,
    53,
    12,
    11,
    34,
    14,
    13,
    54,
    0,
    14,
    13,
    54,
    34,
    33,
    17,
    16,
    0,
    33,
    17,
    16,
    34,
    21,
    20,
    36,
    0,
    21,
    20,
    36,
    34,
    3,
    7,
    42,
    0,
    3,
    7,
    42
  ]
}