{
  "metadata": {
    "formatVersion": 3.1,
    "sourceFile": "roof.obj",
    "generatedBy": "OBJConverter",
    "vertices": 30,
    "faces": 49,
    "normals": 30,
    "colors": 0,
    "uvs": 0,
    "materials": 1
  },
  "scale": 0.5,
  "materials": [
    {
      "DbgColor": 15658734,
      "DbgIndex": 0,
      "DbgName": "Standard_5",
      "colorAmbient": [
        0.5879999995,
        0.5879999995,
        0.5879999995
      ],
      "colorDiffuse": [
        0.5879999995,
        0.5879999995,
        0.5879999995
      ],
      "colorSpecular": [
        0,
        0,
        0
      ],
      "illumination": 2,
      "opacity": 1,
      "opticalDensity": 1.5,
      "specularCoef": 10,
      "transparent": true
    }
  ],
  "vertices": [
    -104,
    732,
    -227,
    -275,
    718,
    -109,
    197,
    724,
    -109,
    0,
    728,
    -486,
    272,
    723,
    -226,
    265,
    719,
    -485,
    -263,
    709,
    -484,
    -271,
    714,
    -227,
    -271,
    723,
    -226,
    264,
    709,
    -571,
    -105,
    698,
    -672,
    -104,
    693,
    99,
    283,
    701,
    4,
    276,
    718,
    -109,
    289,
    678,
    61,
    271,
    714,
    -227,
    196,
    694,
    -667,
    262,
    679,
    -648,
    -104,
    690,
    -662,
    -263,
    709,
    -571,
    -262,
    687,
    -657,
    -282,
    701,
    4,
    105,
    693,
    99,
    -103,
    687,
    86,
    263,
    687,
    -657,
    -289,
    678,
    61,
    -289,
    679,
    74,
    -264,
    719,
    -485,
    290,
    679,
    74,
    -262,
    679,
    -648
  ],
  "morphTargets": [],
  "morphColors": [],
  "normals": [
    -0.017149,
    0.99941,
    0.029639,
    -0.6495,
    0.75922,
    0.04165,
    0.033628,
    0.99488,
    0.095297,
    0.0029059,
    0.99621,
    -0.086931,
    0.72966,
    0.68356,
    -0.018803,
    0.69014,
    0.72086,
    -0.063791,
    -0.99866,
    -0.049786,
    -0.014441,
    -0.99863,
    -0.041722,
    -0.031565,
    -0.73522,
    0.67771,
    -0.012967,
    0.72638,
    0.67737,
    -0.1164,
    -0.032497,
    0.29041,
    -0.95635,
    -0.029156,
    0.15008,
    0.98824,
    0.64552,
    0.75521,
    0.11387,
    0.66719,
    0.74404,
    0.035503,
    0.91089,
    -0.41242,
    -0.013682,
    0.99875,
    -0.038842,
    -0.031456,
    0.062491,
    0.26478,
    -0.96228,
    0.81681,
    -0.44674,
    -0.36502,
    -0.0051641,
    -0.74645,
    -0.66542,
    -0.71982,
    0.68453,
    -0.11525,
    -0.59757,
    0.17287,
    -0.78296,
    -0.64463,
    0.75671,
    0.1088,
    0.032081,
    0.14541,
    0.98885,
    0.0059954,
    -0.91454,
    0.40444,
    0.62161,
    0.15596,
    -0.76764,
    -0.92028,
    -0.39006,
    -0.030692,
    -0.64271,
    -0.12614,
    0.75565,
    -0.72149,
    0.68918,
    -0.066918,
    0.62108,
    -0.13399,
    0.77221,
    -0.81222,
    -0.4508,
    -0.37024
  ],
  "colors": [],
  "uvs": [
    []
  ],
  "faces": [
    34,
    0,
    1,
    2,
    0,
    0,
    1,
    2,
    34,
    3,
    4,
    5,
    0,
    3,
    4,
    5,
    34,
    6,
    7,
    8,
    0,
    6,
    7,
    8,
    34,
    9,
    10,
    3,
    0,
    9,
    10,
    3,
    34,
    2,
    11,
    12,
    0,
    2,
    11,
    12,
    34,
    13,
    14,
    15,
    0,
    13,
    14,
    15,
    34,
    16,
    17,
    18,
    0,
    16,
    17,
    18,
    34,
    15,
    5,
    4,
    0,
    15,
    5,
    4,
    34,
    1,
    8,
    7,
    0,
    1,
    8,
    7,
    34,
    2,
    1,
    11,
    0,
    2,
    1,
    11,
    34,
    18,
    10,
    16,
    0,
    18,
    10,
    16,
    34,
    6,
    19,
    20,
    0,
    6,
    19,
    20,
    34,
    1,
    21,
    11,
    0,
    1,
    21,
    11,
    34,
    22,
    23,
    14,
    0,
    22,
    23,
    14,
    34,
    22,
    12,
    11,
    0,
    22,
    12,
    11,
    34,
    10,
    9,
    16,
    0,
    10,
    9,
    16,
    34,
    17,
    24,
    9,
    0,
    17,
    24,
    9,
    34,
    5,
    15,
    17,
    0,
    5,
    15,
    17,
    34,
    21,
    1,
    25,
    0,
    21,
    1,
    25,
    34,
    25,
    23,
    26,
    0,
    25,
    23,
    26,
    34,
    8,
    27,
    6,
    0,
    8,
    27,
    6,
    34,
    0,
    4,
    3,
    0,
    0,
    4,
    3,
    34,
    20,
    19,
    10,
    0,
    20,
    19,
    10,
    34,
    20,
    10,
    18,
    0,
    20,
    10,
    18,
    34,
    14,
    13,
    12,
    0,
    14,
    13,
    12,
    34,
    14,
    28,
    22,
    0,
    14,
    28,
    22,
    34,
    4,
    0,
    2,
    0,
    4,
    0,
    2,
    34,
    15,
    4,
    13,
    0,
    15,
    4,
    13,
    34,
    7,
    25,
    1,
    0,
    7,
    25,
    1,
    34,
    22,
    11,
    23,
    0,
    22,
    11,
    23,
    34,
    11,
    26,
    23,
    0,
    11,
    26,
    23,
    34,
    10,
    27,
    3,
    0,
    10,
    27,
    3,
    34,
    0,
    3,
    27,
    0,
    0,
    3,
    27,
    34,
    17,
    16,
    24,
    0,
    17,
    16,
    24,
    34,
    24,
    16,
    9,
    0,
    24,
    16,
    9,
    34,
    4,
    2,
    13,
    0,
    4,
    2,
    13,
    34,
    13,
    2,
    12,
    0,
    13,
    2,
    12,
    34,
    20,
    29,
    6,
    0,
    20,
    29,
    6,
    34,
    12,
    22,
    28,
    0,
    12,
    22,
    28,
    34,
    14,
    12,
    28,
    0,
    14,
    12,
    28,
    34,
    26,
    21,
    25,
    0,
    26,
    21,
    25,
    34,
    11,
    21,
    26,
    0,
    11,
    21,
    26,
    34,
    27,
    8,
    0,
    0,
    27,
    8,
    0,
    34,
    0,
    8,
    1,
    0,
    0,
    8,
    1,
    34,
    17,
    9,
    5,
    0,
    17,
    9,
    5,
    34,
    3,
    5,
    9,
    0,
    3,
    5,
    9,
    34,
    27,
    19,
    6,
    0,
    27,
    19,
    6,
    34,
    27,
    10,
    19,
    0,
    27,
    10,
    19,
    34,
    18,
    29,
    20,
    0,
    18,
    29,
    20
  ]
}