{
  "metadata": {
    "formatVersion": 3.1,
    "sourceFile": "sideskirt.obj",
    "generatedBy": "OBJConverter",
    "vertices": 49,
    "faces": 72,
    "normals": 50,
    "colors": 0,
    "uvs": 0,
    "materials": 1
  },
  "scale": 0.5,
  "materials": [
    {
      "DbgColor": 15658734,
      "DbgIndex": 0,
      "DbgName": "Standard_5",
      "colorAmbient": [
        0.5879999995,
        0.5879999995,
        0.5879999995
      ],
      "colorDiffuse": [
        0.5879999995,
        0.5879999995,
        0.5879999995
      ],
      "colorSpecular": [
        0,
        0,
        0
      ],
      "illumination": 2,
      "opacity": 1,
      "opticalDensity": 1.5,
      "specularCoef": 10,
      "transparent": true
    }
  ],
  "vertices": [
    438,
    172,
    -549,
    434,
    124,
    441,
    437,
    145,
    -398,
    -437,
    145,
    -398,
    -434,
    124,
    441,
    -438,
    172,
    -549,
    -430,
    152,
    538,
    423,
    152,
    538,
    440,
    133,
    -469,
    441,
    134,
    -549,
    409,
    99,
    535,
    417,
    99,
    -547,
    433,
    121,
    -422,
    -409,
    99,
    535,
    -419,
    117,
    415,
    -433,
    121,
    -422,
    -433,
    123,
    537,
    -417,
    99,
    -547,
    -441,
    134,
    -549,
    -440,
    133,
    -469,
    428,
    115,
    385,
    433,
    123,
    537,
    441,
    132,
    -467,
    437,
    144,
    -411,
    432,
    138,
    301,
    -432,
    138,
    301,
    -437,
    144,
    -411,
    -441,
    132,
    -467,
    -423,
    124,
    440,
    -426,
    143,
    -422,
    -429,
    116,
    397,
    -422,
    122,
    -422,
    426,
    143,
    -422,
    423,
    124,
    440,
    434,
    124,
    440,
    417,
    116,
    397,
    433,
    121,
    -411,
    -429,
    132,
    -468,
    -423,
    124,
    440,
    423,
    124,
    440,
    429,
    132,
    -468,
    -423,
    152,
    538,
    422,
    121,
    -411,
    -434,
    124,
    440,
    429,
    132,
    -468,
    422,
    121,
    -411,
    -422,
    121,
    -411,
    431,
    173,
    -549,
    -431,
    173,
    -549
  ],
  "morphTargets": [],
  "morphColors": [],
  "normals": [
    0.56505,
    0.57628,
    -0.59044,
    0.97704,
    -0.21115,
    -0.028342,
    0.96149,
    -0.27472,
    0.0084875,
    -0.96149,
    -0.27472,
    0.0084875,
    -0.88451,
    -0.45734,
    -0.092122,
    -0.56503,
    0.57626,
    -0.59048,
    -0.55409,
    0.56881,
    0.60782,
    0.87878,
    0.29955,
    0.37151,
    0.96499,
    -0.2358,
    0.11483,
    0.72798,
    -0.20501,
    -0.65423,
    0.6591,
    -0.68218,
    0.31656,
    0.78154,
    -0.56812,
    -0.25773,
    0.92889,
    0.32757,
    0.17279,
    -0.66334,
    -0.68316,
    0.30541,
    -0.91126,
    -0.41014,
    -0.037233,
    -0.92905,
    0.32755,
    0.172,
    -0.7308,
    -0.27888,
    0.62303,
    -0.78154,
    -0.56812,
    -0.25773,
    -0.72798,
    -0.20501,
    -0.65423,
    -0.96499,
    -0.2358,
    0.11483,
    0.98192,
    -0.18913,
    -0.0084017,
    0.76892,
    -0.19453,
    0.60903,
    0.58424,
    -0.016965,
    -0.81141,
    0.59071,
    0.80652,
    -0.024404,
    0.18046,
    0.98329,
    0.024117,
    -0.18046,
    0.98329,
    0.024117,
    -0.59071,
    0.80652,
    -0.024404,
    -0.60717,
    -0.016321,
    -0.7944,
    0.51173,
    0.024648,
    0.85879,
    -0.073166,
    0.98618,
    -0.14862,
    -0.0047573,
    -0.99987,
    0.015634,
    -0.43956,
    -0.89777,
    -0.028139,
    0.073164,
    0.98618,
    -0.14862,
    -0.11901,
    -0.2301,
    0.96586,
    0.60731,
    0.02709,
    0.794,
    0.39893,
    -0.91679,
    0.018974,
    0.45963,
    -0.88596,
    -0.061726,
    -0.044975,
    -0.11547,
    -0.99229,
    -0.37441,
    0.14803,
    0.91537,
    -0.13099,
    0.16285,
    -0.97792,
    0.57015,
    -0.040478,
    -0.82055,
    0.37441,
    0.14803,
    0.91537,
    -0.037773,
    0.64367,
    0.76437,
    0.014946,
    0.9983,
    0.05638,
    -0.57423,
    0.03447,
    0.81797,
    0.044983,
    -0.11394,
    -0.99247,
    0.02686,
    -0.99497,
    -0.096468,
    -0.0082118,
    0.99853,
    0.053561,
    0.039974,
    0.67571,
    -0.73608,
    -0.039981,
    0.67571,
    -0.73608
  ],
  "colors": [],
  "uvs": [
    []
  ],