{
  "metadata": {
    "formatVersion": 3.1,
    "sourceFile": "spoiler.obj",
    "generatedBy": "OBJConverter",
    "vertices": 31,
    "faces": 48,
    "normals": 31,
    "colors": 0,
    "uvs": 0,
    "materials": 1
  },
  "scale": 0.5,
  "materials": [
    {
      "DbgColor": 15658734,
      "DbgIndex": 0,
      "DbgName": "Standard_5",
      "colorAmbient": [
        0.987,
        0.987,
        0.987
      ],
      "colorDiffuse": [
        0.987,
        0.987,
        0.987
      ],
      "colorSpecular": [
        0.936,
        0.936,
        0.936
      ],
      "illumination": 2,
      "opacity": 1,
      "opticalDensity": 1.5,
      "specularCoef": 20,
      "transparent": true
    }
  ],
  "vertices": [
    119,
    524,
    -1242,
    331,
    516,
    -1216,
    179,
    521,
    -1267,
    -259,
    519,
    -1256,
    -119,
    524,
    -1242,
    -1,
    527,
    -1277,
    324,
    514,
    -1241,
    259,
    519,
    -1256,
    153,
    510,
    -1267,
    328,
    506,
    -1241,
    319,
    504,
    -1242,
    -331,
    516,
    -1216,
    -6,
    517,
    -1274,
    -153,
    510,
    -1267,
    -119,
    523,
    -1273,
    -328,
    506,
    -1241,
    330,
    513,
    -1216,
    317,
    513,
    -1217,
    -319,
    504,
    -1242,
    -317,
    513,
    -1217,
    -1,
    522,
    -1243,
    124,
    520,
    -1240,
    1,
    527,
    -1246,
    7,
    516,
    -1274,
    -330,
    512,
    -1236,
    -324,
    514,
    -1241,
    16,
    513,
    -1273,
    7,
    516,
    -1271,
    -16,
    513,
    -1273,
    -124,
    520,
    -1240,
    330,
    513,
    -1233
  ],
  "morphTargets": [],
  "morphColors": [],
  "normals": [
    -0.0010803,
    0.85649,
    0.51616,
    0.6912,
    0.48104,
    0.5393,
    0.13202,
    0.55917,
    -0.81847,
    -0.13649,
    0.50944,
    -0.84961,
    0.00040788,
    0.85833,
    0.51309,
    0.0022362,
    0.62312,
    -0.78212,
    0.36918,
    0.67918,
    -0.63437,
    0.14447,
    0.5669,
    -0.81102,
    0.05664,
    -0.20402,
    -0.97733,
    0.65894,
    -0.55483,
    -0.5079,
    0.14374,
    -0.69494,
    -0.70456,
    -0.70529,
    0.18668,
    0.6839,
    0.056984,
    -0.50261,
    -0.86264,
    -0.12746,
    -0.15287,
    -0.97999,
    -0.065065,
    0.56818,
    -0.82033,
    -0.64473,
    -0.5871,
    -0.48952,
    0.43586,
    -0.53592,
    0.72306,
    -0.10038,
    -0.19221,
    0.97621,
    -0.15908,
    -0.69878,
    -0.69743,
    0.020305,
    -0.20771,
    0.97798,
    0.004798,
    0.46219,
    0.88677,
    -0.075565,
    0.38042,
    0.92172,
    -0.0019104,
    0.86268,
    0.50574,
    -0.088538,
    -0.74033,
    -0.66639,
    -0.87321,
    0.40797,
    -0.26657,
    -0.35284,
    0.68508,
    -0.63731,
    -0.015062,
    -0.46153,
    -0.887,
    -0.16747,
    -0.98566,
    -0.020507,
    -0.015723,
    -0.37301,
    -0.92769,
    0.075665,
    0.38034,
    0.92174,
    0.84184,
    0.49118,
    -0.22371
  ],
  "colors": [],
  "uvs": [
    []
  ],
  "faces": [
    34,
    0,
    1,
    2,
    0,
    0,
    1,
    2,
    34,
    3,
    4,
    5,
    0,
    3,
    4,
    5,
    34,
    1,
    6,
    7,
    0,
    1,
    6,
    7,
    34,
    8,
    9,
    10,
    0,
    8,
    9,
    10,
    34,
    11,
    4,
    3,
    0,
    11,
    4,
    3,
    34,
    8,
    2,
    9,
    0,
    8,
    2,
    9,
    34,
    12,
    13,
    14,
    0,
    12,
    13,
    14,
    34,
    15,
    14,
    13,
    0,
    15,
    14,
    13,
    34,
    16,
    10,
    9,
    0,
    16,
    10,
    9,
    34,
    0,
    17,
    1,
    0,
    0,
    17,
    1,
    34,
    13,
    18,
    15,
    0,
    13,
    18,
    15,
    34,
    15,
    18,
    19,
    0,
    15,
    18,
    19,
    34,
    20,
    21,
    0,
    0,
    20,
    21,
    0,
    34,
    4,
    22,
    5,
    0,
    4,
    22,
    5,
    34,
    2,
    8,
    23,
    0,
    2,
    8,
    23,
    34,
    0,
    2,
    5,
    0,
    0,
    2,
    5,
    34,
    23,
    5,
    2,
    0,
    23,
    5,
    2,
    34,
    15,
    19,
    11,
    0,
    15,
    19,
    11,
    34,
    11,
    19,
    4,
    0,
    11,
    19,
    4,
    34,
    17,
    10,
    16,
    0,
    17,
    10,
    16,
    34,
    14,
    15,
    3,
    0,
    14,
    15,
    3,
    34,
    24,
    11,
    25,
    0,
    24,
    11,
    25,
    34,
    26,
    23,
    8,
    0,
    26,
    23,
    8,
    34,
    14,
    3,
    5,
    0,
    14,
    3,
    5,
    34,
    14,
    5,
    12,
    0,
    14,
    5,
    12,
    34,
    12,
    27,
    28,
    0,
    12,
    27,
    28,
    34,
    13,
    12,
    28,
    0,
    13,
    12,
    28,
    34,
    21,
    17,
    0,
    0,
    21,
    17,
    0,
    34,
    20,
    22,
    4,
    0,
    20,
    22,
    4,
    34,
    4,
    19,
    29,
    0,
    4,
    19,
    29,
    34,
    9,
    7,
    6,
    0,
    9,
    7,
    6,
    34,
    30,
    9,
    6,
    0,
    30,
    9,
    6,
    34,
    26,
    27,
    23,
    0,
    26,
    27,
    23,
    34,
    24,
    25,
    15,
    0,
    24,
    25,
    15,
    34,
    24,
    15,
    11,
    0,
    24,
    15,
    11,
    34,
    5,
    22,
    0,
    0,
    5,
    22,
    0,
    34,
    0,
    22,
    20,
    0,
    0,
    22,
    20,
    34,
    4,
    29,
    20,
    0,
    4,
    29,
    20,
    34,
    25,
    3,
    15,
    0,
    25,
    3,
    15,
    34,
    3,
    25,
    11,
    0,
    3,
    25,
    11,
    34,
    1,
    9,
    30,
    0,
    1,
    9,
    30,
    34,
    6,
    1,
    30,
    0,
    6,
    1,
    30,
    34,
    5,
    23,
    12,
    0,
    5,
    23,
    12,
    34,
    27,
    12,
    23,
    0,
    27,
    12,
    23,
    34,
    7,
    2,
    1,
    0,
    7,
    2,
    1,
    34,
    7,
    9,
    2,
    0,
    7,
    9,
    2,
    34,
    9,
    1,
    16,
    0,
    9,
    1,
    16,
    34,
    17,
    16,
    1,
    0,
    17,
    16,
    1
  ]
}