{
  "metadata": {
    "formatVersion": 3.1,
    "sourceFile": "glass.obj",
    "generatedBy": "OBJConverter",
    "vertices": 47,
    "faces": 35,
    "normals": 47,
    "colors": 0,
    "uvs": 0,
    "materials": 1
  },
  "scale": 0.5,
  "materials": [
    {
      "DbgColor": 15658734,
      "DbgIndex": 0,
      "DbgName": "Standard_22",
      "colorAmbient": [
        0.2431,
        0.2863,
        0.4353
      ],
      "colorDiffuse": [
        0.2431,
        0.2863,
        0.4353
      ],
      "colorSpecular": [
        0.792,
        0.792,
        0.792
      ],
      "illumination": 2,
      "opacity": 1,
      "opticalDensity": 1.5,
      "specularCoef": 39,
      "transparent": true
    }
  ],
  "vertices": [
    -137,
    639,
    240,
    35,
    621,
    288,
    128,
    674,
    150,
    157,
    547,
    -1070,
    -123,
    609,
    -910,
    59,
    675,
    -711,
    -179,
    668,
    -698,
    -83,
    515,
    480,
    -338,
    533,
    385,
    -400,
    507,
    -114,
    -391,
    494,
    369,
    -338,
    622,
    139,
    338,
    622,
    139,
    391,
    494,
    369,
    400,
    507,
    -114,
    -304,
    547,
    -991,
    246,
    598,
    304,
    338,
    533,
    385,
    287,
    659,
    137,
    374,
    534,
    -729,
    324,
    643,
    -538,
    386,
    526,
    -593,
    -386,
    526,
    -593,
    -324,
    643,
    -538,
    -374,
    534,
    -729,
    -387,
    527,
    -590,
    -400,
    510,
    -191,
    -316,
    675,
    -218,
    316,
    675,
    -218,
    400,
    510,
    -191,
    387,
    527,
    -590,
    -316,
    675,
    -169,
    316,
    675,
    -169,
    292,
    653,
    -670,
    324,
    643,
    -535,
    -324,
    643,
    -535,
    304,
    547,
    -991,
    83,
    515,
    480,
    324,
    506,
    438,
    -348,
    569,
    -775,
    348,
    569,
    -775,
    -275,
    665,
    127,
    -324,
    506,
    438,
    -188,
    545,
    -1064,
    -292,
    653,
    -670,
    -275,
    542,
    -1027,
    -62,
    550,
    -1081
  ],
  "morphTargets": [],
  "morphColors": [],
  "normals": [
    -0.076111,
    0.92153,
    0.38079,
    0.019354,
    0.90615,
    0.4225,
    0.074548,
    0.91735,
    0.39105,
    0.088493,
    0.9458,
    -0.31246,
    -0.080216,
    0.94563,
    -0.31519,
    0.055409,
    0.95137,
    -0.30304,
    -0.13406,
    0.94598,
    -0.29521,
    -0.056135,
    0.87736,
    0.47653,
    -0.12887,
    0.87657,
    0.4637,
    -0.89656,
    0.44255,
    0.018068,
    -0.9054,
    0.42357,
    0.028862,
    -0.90261,
    0.4297,
    0.025391,
    0.90261,
    0.4297,
    0.025391,
    0.9054,
    0.42357,
    0.028862,
    0.89656,
    0.44255,
    0.018068,
    -0.17823,
    0.93672,
    -0.3013,
    0.15533,
    0.89253,
    0.4234,
    0.195,
    0.86139,
    0.46903,
    0.13752,
    0.9126,
    0.38504,
    0.85116,
    0.52021,
    -0.070076,
    0.86475,
    0.49923,
    -0.054592,
    0.87288,
    0.48587,
    -0.044874,
    -0.87288,
    0.48587,
    -0.044874,
    -0.86475,
    0.49923,
    -0.054592,
    -0.85116,
    0.52021,
    -0.070076,
    -0.88324,
    0.46849,
    -0.020304,
    -0.89325,
    0.44944,
    -0.010803,
    -0.89015,
    0.45546,
    -0.013795,
    0.89015,
    0.45546,
    -0.013795,
    0.89325,
    0.44944,
    -0.010803,
    0.88324,
    0.46849,
    -0.020304,
    -0.89328,
    0.44927,
    0.01421,
    0.89328,
    0.44927,
    0.01421,
    0.14533,
    0.94315,
    -0.29893,
    0.87687,
    0.48002,
    -0.026116,
    -0.87687,
    0.48002,
    -0.026116,
    0.1637,
    0.93852,
    -0.30394,
    0.047917,
    0.87176,
    0.48759,
    0.1404,
    0.85104,
    0.50598,
    -0.84294,
    0.53217,
    -0.079024,
    0.84294,
    0.53217,
    -0.079024,
    -0.12066,
    0.92429,
    0.36213,
    -0.11752,
    0.86817,
    0.48216,
    -0.13553,
    0.93631,
    -0.32396,
    -0.19797,
    0.93289,
    -0.30086,
    -0.15302,
    0.95181,
    -0.26578,
    -0.013678,
    0.94512,
    -0.32643
  ],
  "colors": [],
  "uvs": [
    []
  ],
  "faces": [
    34,
    0,
    1,
    2,
    0,
    0,
    1,
    2,
    34,
    3,
    4,
    5,
    0,
    3,
    4,
    5,
    34,
    4,
    6,
    5,
    0,
    4,
    6,
    5,
    34,
    7,
    0,
    8,
    0,
    7,
    0,
    8,
    34,
    9,
    10,
    11,
    0,
    9,
    10,
    11,
    34,
    12,
    13,
    14,
    0,
    12,
    13,
    14,
    34,
    6,
    4,
    15,
    0,
    6,
    4,
    15,
    34,
    16,
    17,
    18,
    0,
    16,
    17,
    18,
    34,
    19,
    20,
    21,
    0,
    19,
    20,
    21,
    34,
    22,
    23,
    24,
    0,
    22,
    23,
    24,
    34,
    25,
    26,
    27,
    0,
    25,
    26,
    27,
    34,
    28,
    29,
    30,
    0,
    28,
    29,
    30,
    34,
    31,
    9,
    11,
    0,
    31,
    9,
    11,
    34,
    12,
    14,
    32,
    0,
    12,
    14,
    32,
    34,
    5,
    33,
    3,
    0,
    5,
    33,
    3,
    34,
    28,
    30,
    34,
    0,
    28,
    30,
    34,
    34,
    35,
    25,
    27,
    0,
    35,
    25,
    27,
    34,
    3,
    33,
    36,
    0,
    3,
    33,
    36,
    34,
    16,
    37,
    38,
    0,
    16,
    37,
    38,
    34,
    0,
    7,
    1,
    0,
    0,
    7,
    1,
    34,
    24,
    23,
    39,
    0,
    24,
    23,
    39,
    34,
    40,
    20,
    19,
    0,
    40,
    20,
    19,
    34,
    18,
    2,
    1,
    0,
    18,
    2,
    1,
    34,
    0,
    2,
    41,
    0,
    0,
    2,
    41,
    34,
    41,
    8,
    0,
    0,
    41,
    8,
    0,
    34,
    16,
    1,
    37,
    0,
    16,
    1,
    37,
    34,
    18,
    1,
    16,
    0,
    18,
    1,
    16,
    34,
    8,
    42,
    7,
    0,
    8,
    42,
    7,
    34,
    43,
    15,
    4,
    0,
    43,
    15,
    4,
    34,
    7,
    37,
    1,
    0,
    7,
    37,
    1,
    34,
    17,
    16,
    38,
    0,
    17,
    16,
    38,
    34,
    6,
    15,
    44,
    0,
    6,
    15,
    44,
    34,
    45,
    15,
    43,
    0,
    45,
    15,
    43,
    34,
    4,
    46,
    43,
    0,
    4,
    46,
    43,
    34,
    4,
    3,
    46,
    0,
    4,
    3,
    46
  ]
}