{
  "metadata": {
    "formatVersion": 3.1,
    "sourceFile": "hood.obj",
    "generatedBy": "OBJConverter",
    "vertices": 25,
    "faces": 34,
    "normals": 25,
    "colors": 0,
    "uvs": 0,
    "materials": 1
  },
  "scale": 0.5,
  "materials": [
    {
      "DbgColor": 15658734,
      "DbgIndex": 0,
      "DbgName": "Standard_22",
      "colorAmbient": [
        0.987,
        0.987,
        0.987
      ],
      "colorDiffuse": [
        0.987,
        0.987,
        0.987
      ],
      "colorSpecular": [
        0.936,
        0.936,
        0.936
      ],
      "illumination": 2,
      "opacity": 1,
      "opticalDensity": 1.5,
      "specularCoef": 20,
      "transparent": true
    }
  ],
  "vertices": [
    -86,
    499,
    559,
    -315,
    489,
    503,
    -345,
    476,
    666,
    -62,
    443,
    993,
    293,
    439,
    937,
    170,
    377,
    1115,
    267,
    391,
    1070,
    -56,
    411,
    1079,
    -278,
    367,
    1091,
    -378,
    379,
    1004,
    -293,
    439,
    937,
    -377,
    484,
    455,
    -408,
    430,
    838,
    315,
    489,
    503,
    170,
    502,
    550,
    345,
    476,
    666,
    378,
    379,
    1004,
    408,
    430,
    838,
    377,
    484,
    455,
    -189,
    349,
    1122,
    -51,
    363,
    1127,
    278,
    367,
    1091,
    189,
    349,
    1122,
    409,
    463,
    509,
    -409,
    463,
    509
  ],
  "morphTargets": [],
  "morphColors": [],
  "normals": [
    -0.018319,
    0.99355,
    0.11188,
    -0.096587,
    0.99357,
    0.059007,
    -0.22256,
    0.96894,
    0.10782,
    -0.014362,
    0.96753,
    0.25233,
    0.17872,
    0.94577,
    0.27125,
    0.091176,
    0.63855,
    0.76416,
    0.23294,
    0.83228,
    0.50305,
    -0.039343,
    0.79042,
    0.61131,
    -0.53951,
    -0.078253,
    0.83833,
    -0.33729,
    0.84356,
    0.41791,
    -0.19008,
    0.93847,
    0.28834,
    -0.27012,
    0.96001,
    0.07362,
    -0.28404,
    0.93642,
    0.20601,
    0.11111,
    0.99319,
    0.035147,
    0.0092833,
    0.9966,
    -0.081863,
    0.23156,
    0.96635,
    0.11201,
    0.37507,
    0.83213,
    0.40852,
    0.28404,
    0.93642,
    0.20601,
    0.27012,
    0.96001,
    0.07362,
    -0.12155,
    0.66798,
    0.73419,
    -0.039371,
    0.9161,
    0.39902,
    0.54455,
    -0.20346,
    0.81368,
    0.1904,
    0.2798,
    0.94099,
    0.42041,
    0.90261,
    0.09247,
    -0.42041,
    0.90261,
    0.09247
  ],
  "colors": [],
  "uvs": [
    []
  ],
  "faces": [
    34,
    0,
    1,
    2,
    0,
    0,
    1,
    2,
    34,
    3,
    4,
    0,
    0,
    3,
    4,
    0,
    34,
    5,
    6,
    7,
    0,
    5,
    6,
    7,
    34,
    8,
    5,
    7,
    0,
    8,
    5,
    7,
    34,
    9,
    8,
    10,
    0,
    9,
    8,
    10,
    34,
    2,
    11,
    12,
    0,
    2,
    11,
    12,
    34,
    6,
    4,
    7,
    0,
    6,
    4,
    7,
    34,
    13,
    14,
    15,
    0,
    13,
    14,
    15,
    34,
    7,
    10,
    8,
    0,
    7,
    10,
    8,
    34,
    0,
    2,
    3,
    0,
    0,
    2,
    3,
    34,
    4,
    16,
    17,
    0,
    4,
    16,
    17,
    34,
    17,
    18,
    15,
    0,
    17,
    18,
    15,
    34,
    12,
    9,
    10,
    0,
    12,
    9,
    10,
    34,
    9,
    19,
    8,
    0,
    9,
    19,
    8,
    34,
    20,
    5,
    8,
    0,
    20,
    5,
    8,
    34,
    16,
    4,
    6,
    0,
    16,
    4,
    6,
    34,
    21,
    22,
    16,
    0,
    21,
    22,
    16,
    34,
    1,
    11,
    2,
    0,
    1,
    11,
    2,
    34,
    3,
    2,
    10,
    0,
    3,
    2,
    10,
    34,
    2,
    12,
    10,
    0,
    2,
    12,
    10,
    34,
    4,
    15,
    14,
    0,
    4,
    15,
    14,
    34,
    4,
    17,
    15,
    0,
    4,
    17,
    15,
    34,
    20,
    22,
    5,
    0,
    20,
    22,
    5,
    34,
    5,
    22,
    21,
    0,
    5,
    22,
    21,
    34,
    23,
    18,
    17,
    0,
    23,
    18,
    17,
    34,
    14,
    13,
    0,
    0,
    14,
    13,
    0,
    34,
    4,
    14,
    0,
    0,
    4,
    14,
    0,
    34,
    12,
    11,
    24,
    0,
    12,
    11,
    24,
    34,
    7,
    4,
    3,
    0,
    7,
    4,
    3,
    34,
    10,
    7,
    3,
    0,
    10,
    7,
    3,
    34,
    8,
    19,
    20,
    0,
    8,
    19,
    20,
    34,
    15,
    18,
    13,
    0,
    15,
    18,
    13,
    34,
    21,
    6,
    5,
    0,
    21,
    6,
    5,
    34,
    21,
    16,
    6,
    0,
    21,
    16,
    6
  ]
}