{
  "metadata": {
    "formatVersion": 3.1,
    "sourceFile": "lens.obj",
    "generatedBy": "OBJConverter",
    "vertices": 31,
    "faces": 25,
    "normals": 31,
    "colors": 0,
    "uvs": 0,
    "materials": 1
  },
  "scale": 0.5,
  "materials": [
    {
      "DbgColor": 15658734,
      "DbgIndex": 0,
      "DbgName": "Standard_22",
      "colorAmbient": [
        0.2431,
        0.2863,
        0.4353
      ],
      "colorDiffuse": [
        0.2431,
        0.2863,
        0.4353
      ],
      "colorSpecular": [
        0.792,
        0.792,
        0.792
      ],
      "illumination": 2,
      "opacity": 1,
      "opticalDensity": 1.5,
      "specularCoef": 39,
      "transparent": true
    }
  ],
  "vertices": [
    366,
    302,
    1063,
    414,
    379,
    961,
    326,
    373,
    1061,
    -322,
    373,
    1061,
    -411,
    379,
    961,
    -362,
    302,
    1063,
    -302,
    407,
    -1182,
    -382,
    406,
    -1120,
    -342,
    476,
    -1133,
    346,
    476,
    -1133,
    385,
    406,
    -1120,
    305,
    407,
    -1182,
    244,
    323,
    1132,
    303,
    314,
    1107,
    286,
    367,
    1088,
    -299,
    314,
    1107,
    -241,
    323,
    1132,
    -245,
    412,
    -1198,
    -274,
    480,
    -1169,
    -178,
    462,
    -1201,
    182,
    462,
    -1201,
    278,
    480,
    -1169,
    249,
    412,
    -1198,
    -412,
    305,
    998,
    416,
    305,
    998,
    397,
    464,
    -1071,
    -394,
    464,
    -1071,
    215,
    356,
    1120,
    -211,
    356,
    1120,
    408,
    405,
    -1082,
    -404,
    405,
    -1082
  ],
  "morphTargets": [],
  "morphColors": [],
  "normals": [
    0.66119,
    0.35906,
    0.65872,
    0.71102,
    0.3508,
    0.60942,
    0.59435,
    0.38941,
    0.70364,
    -0.57028,
    0.4145,
    0.7092,
    -0.71102,
    0.3508,
    0.60942,
    -0.66119,
    0.35906,
    0.65872,
    -0.31245,
    -0.63338,
    -0.70796,
    -0.74468,
    0.21604,
    -0.63149,
    -0.61403,
    0.27644,
    -0.73929,
    0.61403,
    0.27644,
    -0.73929,
    0.74468,
    0.21604,
    -0.63149,
    0.31245,
    -0.63338,
    -0.70796,
    0.32541,
    0.50043,
    0.8023,
    0.4893,
    0.39753,
    0.77624,
    0.4136,
    0.44984,
    0.79157,
    -0.4771,
    0.41995,
    0.77202,
    -0.34219,
    0.54126,
    0.76808,
    -0.26877,
    0.19561,
    -0.94313,
    -0.35179,
    0.29823,
    -0.8873,
    -0.25176,
    0.28886,
    -0.92368,
    0.25176,
    0.28886,
    -0.92368,
    0.35179,
    0.29823,
    -0.8873,
    0.26877,
    0.19561,
    -0.94313,
    -0.74581,
    0.30602,
    0.59171,
    0.74581,
    0.30602,
    0.59171,
    0.78837,
    0.29304,
    -0.54093,
    -0.78837,
    0.29304,
    -0.54093,
    0.26694,
    0.54674,
    0.79361,
    -0.31218,
    0.57411,
    0.75693,
    0.83919,
    0.23885,
    -0.48858,
    -0.83919,
    0.23885,
    -0.48858
  ],
  "colors": [],
  "uvs": [
    []
  ],
  "faces": [
    34,
    0,
    1,
    2,
    0,
    0,
    1,
    2,
    34,
    3,
    4,
    5,
    0,
    3,
    4,
    5,
    34,
    6,
    7,
    8,
    0,
    6,
    7,
    8,
    34,
    9,
    10,
    11,
    0,
    9,
    10,
    11,
    34,
    12,
    13,
    14,
    0,
    12,
    13,
    14,
    34,
    3,
    15,
    16,
    0,
    3,
    15,
    16,
    34,
    17,
    18,
    19,
    0,
    17,
    18,
    19,
    34,
    20,
    21,
    22,
    0,
    20,
    21,
    22,
    34,
    5,
    4,
    23,
    0,
    5,
    4,
    23,
    34,
    24,
    1,
    0,
    0,
    24,
    1,
    0,
    34,
    10,
    9,
    25,
    0,
    10,
    9,
    25,
    34,
    26,
    8,
    7,
    0,
    26,
    8,
    7,
    34,
    14,
    27,
    12,
    0,
    14,
    27,
    12,
    34,
    16,
    28,
    3,
    0,
    16,
    28,
    3,
    34,
    11,
    22,
    21,
    0,
    11,
    22,
    21,
    34,
    11,
    10,
    22,
    0,
    11,
    10,
    22,
    34,
    17,
    7,
    6,
    0,
    17,
    7,
    6,
    34,
    18,
    17,
    6,
    0,
    18,
    17,
    6,
    34,
    6,
    8,
    18,
    0,
    6,
    8,
    18,
    34,
    21,
    9,
    11,
    0,
    21,
    9,
    11,
    34,
    10,
    25,
    29,
    0,
    10,
    25,
    29,
    34,
    30,
    26,
    7,
    0,
    30,
    26,
    7,
    34,
    3,
    5,
    15,
    0,
    3,
    5,
    15,
    34,
    13,
    0,
    2,
    0,
    13,
    0,
    2,
    34,
    14,
    13,
    2,
    0,
    14,
    13,
    2
  ]
}