{
  "metadata": {
    "formatVersion": 3.1,
    "sourceFile": "reflector.obj",
    "generatedBy": "OBJConverter",
    "vertices": 31,
    "faces": 43,
    "normals": 38,
    "colors": 0,
    "uvs": 0,
    "materials": 1
  },
  "scale": 0.5,
  "materials": [
    {
      "DbgColor": 15658734,
      "DbgIndex": 0,
      "DbgName": "Standard_22",
      "colorAmbient": [
        0.5879999995,
        0.5879999995,
        0.5879999995
      ],
      "colorDiffuse": [
        0.5879999995,
        0.5879999995,
        0.5879999995
      ],
      "colorSpecular": [
        0,
        0,
        0
      ],
      "illumination": 2,
      "opacity": 1,
      "opticalDensity": 1.5,
      "specularCoef": 10,
      "transparent": true
    }
  ],
  "vertices": [
    514,
    499,
    240,
    426,
    491,
    268,
    426,
    555,
    262,
    413,
    504,
    310,
    491,
    535,
    284,
    426,
    552,
    288,
    -491,
    535,
    284,
    -426,
    552,
    288,
    -489,
    552,
    244,
    413,
    519,
    267,
    413,
    519,
    307,
    -426,
    491,
    268,
    -522,
    512,
    238,
    -417,
    547,
    266,
    -512,
    542,
    237,
    -523,
    512,
    263,
    -411,
    525,
    282,
    -417,
    500,
    273,
    -413,
    519,
    307,
    494,
    510,
    286,
    522,
    512,
    238,
    523,
    512,
    263,
    489,
    552,
    244,
    512,
    542,
    237,
    398,
    520,
    280,
    -514,
    499,
    240,
    -494,
    510,
    286,
    -413,
    504,
    310,
    402,
    517,
    308,
    -398,
    520,
    280,
    417,
    500,
    273
  ],
  "morphTargets": [],
  "morphColors": [],
  "normals": [
    -0.29136,
    -0.081449,
    -0.95314,
    0.2272,
    0.2469,
    0.94203,
    0.44116,
    0.55735,
    0.70338,
    -0.37739,
    0.76405,
    0.52327,
    -0.44438,
    0.55647,
    0.70205,
    0.3054,
    0.82652,
    0.47286,
    -0.34095,
    0.89264,
    0.29485,
    -0.42123,
    0.90038,
    0.109,
    -0.86308,
    0.25945,
    -0.43333,
    0.21943,
    0.5925,
    0.77511,
    0.27998,
    -0.087032,
    -0.95605,
    0.29347,
    -0.13591,
    -0.94626,
    -0.71235,
    0.6452,
    0.2762,
    -0.8478,
    -0.39186,
    0.35733,
    0.8833,
    0.44931,
    -0.13379,
    0.55578,
    0.16393,
    -0.81501,
    0.67539,
    0.73678,
    -0.031642,
    0.55792,
    0.31706,
    0.76694,
    0.46744,
    0.041136,
    0.88307,
    0.99943,
    -0.022725,
    -0.024902,
    0.8478,
    -0.39186,
    0.35733,
    0.35696,
    0.87715,
    0.32122,
    0.71235,
    0.6452,
    0.2762,
    -0.20715,
    0.94394,
    -0.25704,
    0.29892,
    0.0018209,
    -0.95428,
    -0.2984,
    -0.093809,
    -0.94982,
    -0.13785,
    -0.085165,
    -0.98679,
    -0.99943,
    -0.022725,
    -0.024902,
    -0.46571,
    0.042346,
    0.88393,
    -0.14879,
    -0.088887,
    -0.98487,
    0.58427,
    -0.12991,
    -0.80109,
    0.29015,
    -0.015072,
    -0.95686,
    0.29269,
    0.31712,
    0.90209,
    -0.2876,
    -0.0090216,
    -0.95771,
    -0.098515,
    0.8168,
    0.56845,
    0.28397,
    0.90624,
    -0.3132,
    -0.67148,
    -0.32398,
    -0.66645,
    -0.69348,
    -0.32205,
    -0.64449
  ],
  "colors": [],
  "uvs": [
    []
  ],
  "faces": [
    34,
    0,
    1,
    2,
    0,
    0,
    0,
    0,
    34,
    3,
    4,
    5,
    0,
    1,
    2,
    3,
    34,
    6,
    7,
    8,
    0,
    4,
    5,
    6,
    34,
    2,
    9,
    10,
    0,
    7,
    8,
    9,
    34,
    11,
    12,
    13,
    0,
    10,
    10,
    10,
    34,
    12,
    14,
    13,
    0,
    11,
    11,
    11,
    34,
    14,
    15,
    6,
    0,
    12,
    13,
    4,
    34,
    16,
    17,
    13,
    0,
    14,
    15,
    16,
    34,
    16,
    7,
    18,
    0,
    14,
    5,
    17,
    34,
    19,
    20,
    21,
    0,
    18,
    19,
    20,
    34,
    22,
    4,
    23,
    0,
    21,
    2,
    22,
    34,
    7,
    6,
    18,
    0,
    5,
    4,
    17,
    34,
    24,
    10,
    9,
    0,
    23,
    9,
    8,
    34,
    11,
    25,
    12,
    0,
    24,
    24,
    24,
    34,
    23,
    0,
    2,
    0,
    25,
    25,
    25,
    34,
    10,
    3,
    5,
    0,
    9,
    1,
    3,
    34,
    22,
    5,
    4,
    0,
    21,
    3,
    2,
    34,
    10,
    5,
    2,
    0,
    9,
    3,
    7,
    34,
    1,
    9,
    2,
    0,
    26,
    26,
    26,
    34,
    13,
    7,
    16,
    0,
    16,
    5,
    14,
    34,
    7,
    13,
    8,
    0,
    5,
    16,
    6,
    34,
    14,
    12,
    15,
    0,
    12,
    27,
    13,
    34,
    15,
    12,
    26,
    0,
    13,
    27,
    28,
    34,
    21,
    20,
    23,
    0,
    20,
    19,
    22,
    34,
    23,
    20,
    0,
    0,
    29,
    29,
    29,
    34,
    4,
    21,
    23,
    0,
    2,
    20,
    22,
    34,
    4,
    19,
    21,
    0,
    2,
    18,
    20,
    34,
    13,
    17,
    11,
    0,
    30,
    30,
    30,
    34,
    18,
    6,
    26,
    0,
    17,
    4,
    28,
    34,
    15,
    26,
    6,
    0,
    13,
    28,
    4,
    34,
    14,
    8,
    13,
    0,
    31,
    31,
    31,
    34,
    14,
    6,
    8,
    0,
    12,
    4,
    6,
    34,
    27,
    18,
    26,
    0,
    32,
    17,
    28,
    34,
    16,
    18,
    27,
    0,
    14,
    17,
    32,
    34,
    22,
    2,
    5,
    0,
    21,
    7,
    3,
    34,
    22,
    23,
    2,
    0,
    33,
    33,
    33,
    34,
    19,
    4,
    3,
    0,
    18,
    2,
    1,
    34,
    10,
    28,
    3,
    0,
    9,
    34,
    1,
    34,
    10,
    24,
    28,
    0,
    9,
    23,
    34,
    34,
    17,
    16,
    29,
    0,
    15,
    14,
    35,
    34,
    27,
    29,
    16,
    0,
    32,
    35,
    14,
    34,
    30,
    9,
    1,
    0,
    36,
    8,
    37,
    34,
    24,
    9,
    30,
    0,
    23,
    8,
    36
  ]
}