{
  "metadata": {
    "formatVersion": 3.1,
    "sourceFile": "roof.obj",
    "generatedBy": "OBJConverter",
    "vertices": 20,
    "faces": 29,
    "normals": 20,
    "colors": 0,
    "uvs": 0,
    "materials": 1
  },
  "scale": 0.5,
  "materials": [
    {
      "DbgColor": 15658734,
      "DbgIndex": 0,
      "DbgName": "Standard_22",
      "colorAmbient": [
        0.5879999995,
        0.5879999995,
        0.5879999995
      ],
      "colorDiffuse": [
        0.5879999995,
        0.5879999995,
        0.5879999995
      ],
      "colorSpecular": [
        0,
        0,
        0
      ],
      "illumination": 2,
      "opacity": 1,
      "opticalDensity": 1.5,
      "specularCoef": 10,
      "transparent": true
    }
  ],
  "vertices": [
    0,
    686,
    -673,
    -58,
    721,
    -435,
    87,
    715,
    -480,
    -119,
    721,
    -72,
    291,
    702,
    -52,
    201,
    719,
    -340,
    -284,
    700,
    -380,
    -291,
    702,
    -52,
    -94,
    685,
    134,
    122,
    705,
    46,
    118,
    678,
    -667,
    -290,
    660,
    -631,
    -290,
    664,
    -634,
    -58,
    730,
    -249,
    284,
    700,
    -380,
    290,
    660,
    -631,
    189,
    677,
    125,
    301,
    669,
    99,
    -301,
    669,
    99,
    -189,
    677,
    125
  ],
  "morphTargets": [],
  "morphColors": [],
  "normals": [
    -0.039043,
    0.25895,
    -0.9651,
    -0.051502,
    0.99372,
    -0.099322,
    0.067615,
    0.99009,
    -0.12306,
    -0.049713,
    0.99504,
    0.086147,
    0.64152,
    0.7654,
    0.051106,
    0.11842,
    0.99205,
    -0.042587,
    -0.1444,
    0.98699,
    -0.07066,
    -0.64782,
    0.75988,
    0.054034,
    -0.053536,
    0.30209,
    0.95177,
    0.057654,
    0.98175,
    0.18125,
    0.1097,
    0.96895,
    -0.2216,
    -0.8293,
    -0.33768,
    -0.44522,
    -0.62141,
    0.29401,
    -0.72623,
    -0.024649,
    0.99965,
    0.0097932,
    0.18748,
    0.97698,
    -0.10179,
    0.14478,
    0.97637,
    -0.16044,
    0.10699,
    0.96044,
    0.25711,
    0.20094,
    0.95941,
    0.19786,
    -0.19543,
    0.96103,
    0.19551,
    -0.10388,
    0.98216,
    0.15674
  ],
  "colors": [],
  "uvs": [
    []
  ],
  "faces": [
    34,
    0,
    1,
    2,
    0,
    0,
    1,
    2,
    34,
    3,
    4,
    5,
    0,
    3,
    4,
    5,
    34,
    6,
    7,
    3,
    0,
    6,
    7,
    3,
    34,
    3,
    8,
    9,
    0,
    3,
    8,
    9,
    34,
    10,
    0,
    2,
    0,
    10,
    0,
    2,
    34,
    10,
    11,
    0,
    0,
    10,
    11,
    0,
    34,
    1,
    0,
    12,
    0,
    1,
    0,
    12,
    34,
    12,
    6,
    1,
    0,
    12,
    6,
    1,
    34,
    8,
    3,
    7,
    0,
    8,
    3,
    7,
    34,
    4,
    3,
    9,
    0,
    4,
    3,
    9,
    34,
    6,
    3,
    13,
    0,
    6,
    3,
    13,
    34,
    5,
    13,
    3,
    0,
    5,
    13,
    3,
    34,
    5,
    14,
    15,
    0,
    5,
    14,
    15,
    34,
    4,
    14,
    5,
    0,
    4,
    14,
    5,
    34,
    4,
    16,
    17,
    0,
    4,
    16,
    17,
    34,
    4,
    17,
    14,
    0,
    4,
    17,
    14,
    34,
    8,
    7,
    18,
    0,
    8,
    7,
    18,
    34,
    6,
    18,
    7,
    0,
    6,
    18,
    7,
    34,
    2,
    15,
    10,
    0,
    2,
    15,
    10,
    34,
    2,
    5,
    15,
    0,
    2,
    5,
    15,
    34,
    5,
    2,
    13,
    0,
    5,
    2,
    13,
    34,
    19,
    16,
    8,
    0,
    19,
    16,
    8,
    34,
    8,
    18,
    19,
    0,
    8,
    18,
    19,
    34,
    8,
    16,
    9,
    0,
    8,
    16,
    9,
    34,
    9,
    16,
    4,
    0,
    9,
    16,
    4,
    34,
    12,
    0,
    11,
    0,
    12,
    0,
    11,
    34,
    11,
    6,
    12,
    0,
    11,
    6,
    12,
    34,
    13,
    2,
    1,
    0,
    13,
    2,
    1,
    34,
    1,
    6,
    13,
    0,
    1,
    6,
    13
  ]
}