{
  "metadata": {
    "formatVersion": 3.1,
    "sourceFile": "trunk.obj",
    "generatedBy": "OBJConverter",
    "vertices": 28,
    "faces": 36,
    "normals": 28,
    "colors": 0,
    "uvs": 0,
    "materials": 1
  },
  "scale": 0.5,
  "materials": [
    {
      "DbgColor": 15658734,
      "DbgIndex": 0,
      "DbgName": "Standard_22",
      "colorAmbient": [
        0.5879999995,
        0.5879999995,
        0.5879999995
      ],
      "colorDiffuse": [
        0.5879999995,
        0.5879999995,
        0.5879999995
      ],
      "colorSpecular": [
        0,
        0,
        0
      ],
      "illumination": 2,
      "opacity": 1,
      "opticalDensity": 1.5,
      "specularCoef": 10,
      "transparent": true
    }
  ],
  "vertices": [
    -125,
    526,
    -1203,
    -156,
    544,
    -1070,
    62,
    552,
    -1082,
    125,
    526,
    -1203,
    -236,
    349,
    -1212,
    0,
    346,
    -1237,
    215,
    344,
    -1209,
    -181,
    458,
    -1183,
    181,
    458,
    -1183,
    -28,
    364,
    -1221,
    -93,
    463,
    -1214,
    191,
    477,
    -1193,
    247,
    360,
    -1207,
    -264,
    405,
    -1188,
    -248,
    359,
    -1199,
    156,
    544,
    -1070,
    299,
    542,
    -1000,
    298,
    503,
    -1153,
    -258,
    513,
    -1174,
    -299,
    542,
    -1000,
    264,
    405,
    -1188,
    -178,
    460,
    -1191,
    178,
    460,
    -1191,
    -286,
    479,
    -1161,
    286,
    479,
    -1161,
    178,
    462,
    -1201,
    -312,
    533,
    -1032,
    -298,
    503,
    -1153
  ],
  "morphTargets": [],
  "morphColors": [],
  "normals": [
    -0.11391,
    0.66784,
    -0.73554,
    -0.073902,
    0.98704,
    -0.14245,
    0.016363,
    0.98393,
    0.17779,
    0.097664,
    0.57353,
    -0.81334,
    -0.36715,
    -0.77672,
    -0.51176,
    0.015919,
    -0.3936,
    -0.91914,
    0.17354,
    -0.31635,
    -0.93263,
    -0.067068,
    0.31217,
    -0.94766,
    0.060324,
    0.30281,
    -0.95114,
    -0.0283,
    0.47981,
    -0.87691,
    -0.031255,
    -0.57031,
    -0.82083,
    0.30475,
    -0.026827,
    -0.95205,
    0.79468,
    -0.54715,
    -0.2629,
    -0.20768,
    0.28643,
    -0.93532,
    -0.80157,
    -0.39433,
    -0.44943,
    0.13416,
    0.97766,
    -0.16183,
    0.13499,
    0.9603,
    -0.24415,
    0.25568,
    0.76335,
    -0.59323,
    -0.33653,
    0.56315,
    -0.75473,
    -0.16385,
    0.9729,
    -0.16315,
    0.22357,
    0.30985,
    -0.92413,
    -0.25566,
    -0.18146,
    -0.94958,
    0.40913,
    -0.82217,
    -0.3958,
    -0.40045,
    -0.038135,
    -0.91552,
    0.31856,
    0.11168,
    -0.9413,
    0.37491,
    -0.44735,
    -0.81199,
    -0.95972,
    -0.036056,
    0.27865,
    -0.49504,
    0.64329,
    -0.58405
  ],
  "colors": [],
  "uvs": [
    []
  ],
  "faces": [
    34,
    0,
    1,
    2,
    0,
    0,
    1,
    2,
    34,
    3,
    0,
    2,
    0,
    3,
    0,
    2,
    34,
    4,
    5,
    6,
    0,
    4,
    5,
    6,
    34,
    7,
    8,
    9,
    0,
    7,
    8,
    9,
    34,
    10,
    0,
    11,
    0,
    10,
    0,
    11,
    34,
    11,
    0,
    3,
    0,
    11,
    0,
    3,
    34,
    4,
    7,
    9,
    0,
    4,
    7,
    9,
    34,
    12,
    9,
    8,
    0,
    12,
    9,
    8,
    34,
    7,
    4,
    13,
    0,
    7,
    4,
    13,
    34,
    6,
    14,
    4,
    0,
    6,
    14,
    4,
    34,
    15,
    16,
    17,
    0,
    15,
    16,
    17,
    34,
    18,
    0,
    10,
    0,
    18,
    0,
    10,
    34,
    18,
    19,
    0,
    0,
    18,
    19,
    0,
    34,
    12,
    8,
    20,
    0,
    12,
    8,
    20,
    34,
    11,
    3,
    17,
    0,
    11,
    3,
    17,
    34,
    3,
    15,
    17,
    0,
    3,
    15,
    17,
    34,
    1,
    0,
    19,
    0,
    1,
    0,
    19,
    34,
    10,
    21,
    18,
    0,
    10,
    21,
    18,
    34,
    10,
    22,
    21,
    0,
    10,
    22,
    21,
    34,
    18,
    21,
    23,
    0,
    18,
    21,
    23,
    34,
    24,
    11,
    17,
    0,
    24,
    11,
    17,
    34,
    10,
    25,
    22,
    0,
    10,
    25,
    22,
    34,
    22,
    11,
    24,
    0,
    22,
    11,
    24,
    34,
    14,
    13,
    4,
    0,
    14,
    13,
    4,
    34,
    12,
    6,
    5,
    0,
    12,
    6,
    5,
    34,
    20,
    6,
    12,
    0,
    20,
    6,
    12,
    34,
    9,
    12,
    5,
    0,
    9,
    12,
    5,
    34,
    9,
    5,
    4,
    0,
    9,
    5,
    4,
    34,
    26,
    18,
    27,
    0,
    26,
    18,
    27,
    34,
    23,
    27,
    18,
    0,
    23,
    27,
    18,
    34,
    19,
    18,
    26,
    0,
    19,
    18,
    26,
    34,
    27,
    19,
    26,
    0,
    27,
    19,
    26,
    34,
    2,
    15,
    3,
    0,
    2,
    15,
    3,
    34,
    2,
    1,
    15,
    0,
    2,
    1,
    15,
    34,
    22,
    25,
    11,
    0,
    22,
    25,
    11,
    34,
    10,
    11,
    25,
    0,
    10,
    11,
    25
  ]
}