{
  "metadata": {
    "formatVersion": 3.1,
    "sourceFile": "hood.obj",
    "generatedBy": "OBJConverter",
    "vertices": 38,
    "faces": 57,
    "normals": 38,
    "colors": 0,
    "uvs": 0,
    "materials": 1
  },
  "scale": 0.5,
  "materials": [
    {
      "DbgColor": 15658734,
      "DbgIndex": 0,
      "DbgName": "222",
      "colorAmbient": [
        0.987,
        0.987,
        0.987
      ],
      "colorDiffuse": [
        0.987,
        0.987,
        0.987
      ],
      "colorSpecular": [
        0.936,
        0.936,
        0.936
      ],
      "illumination": 2,
      "opacity": 1,
      "opticalDensity": 1.5,
      "specularCoef": 20,
      "transparent": true
    }
  ],
  "vertices": [
    324,
    493,
    713,
    56,
    517,
    613,
    33,
    478,
    875,
    318,
    504,
    564,
    -367,
    479,
    595,
    -369,
    437,
    870,
    -323,
    493,
    713,
    -200,
    382,
    1105,
    -179,
    423,
    1072,
    -329,
    411,
    989,
    126,
    420,
    1089,
    -50,
    419,
    1101,
    50,
    376,
    1138,
    369,
    437,
    870,
    367,
    479,
    595,
    329,
    411,
    989,
    205,
    427,
    1053,
    173,
    380,
    1116,
    -111,
    509,
    608,
    -318,
    511,
    564,
    -266,
    459,
    924,
    -136,
    469,
    913,
    266,
    459,
    924,
    -50,
    376,
    1138,
    -56,
    517,
    613,
    0,
    510,
    614,
    -372,
    399,
    961,
    -269,
    387,
    1064,
    -371,
    399,
    943,
    371,
    399,
    943,
    372,
    399,
    961,
    269,
    387,
    1064,
    371,
    410,
    935,
    -371,
    410,
    935,
    357,
    509,
    534,
    -357,
    509,
    534,
    -357,
    502,
    534,
    357,
    502,
    534
  ],
  "morphTargets": [],
  "morphColors": [],
  "normals": [
    0.31099,
    0.93999,
    0.14039,
    -0.039552,
    0.94604,
    -0.32164,
    0.010269,
    0.97952,
    0.2011,
    -0.039757,
    0.9986,
    0.034875,
    -0.7358,
    0.65486,
    0.17247,
    -0.7498,
    0.63835,
    0.17413,
    -0.31175,
    0.93882,
    0.1464,
    -0.26435,
    0.69175,
    0.67202,
    -0.18391,
    0.83412,
    0.52001,
    -0.45399,
    0.74405,
    0.49019,
    0.086292,
    0.85358,
    0.51377,
    -0.037624,
    0.83966,
    0.54181,
    0.050253,
    0.6885,
    0.72349,
    0.7498,
    0.63835,
    0.17413,
    0.7358,
    0.65486,
    0.17247,
    0.45873,
    0.7412,
    0.49009,
    0.23833,
    0.83548,
    0.49515,
    0.23303,
    0.68654,
    0.68874,
    -0.099564,
    0.98803,
    -0.11783,
    -0.00036944,
    0.99348,
    -0.11402,
    -0.21954,
    0.9402,
    0.26044,
    -0.027222,
    0.97688,
    0.21205,
    0.21141,
    0.94398,
    0.25338,
    -0.066814,
    0.65399,
    0.75354,
    0.0099414,
    0.82825,
    -0.56027,
    -0.0040199,
    -0.12757,
    -0.99182,
    -0.86488,
    -0.25314,
    0.43348,
    -0.22317,
    0.85674,
    0.46496,
    -0.95961,
    -0.28108,
    -0.012106,
    0.95961,
    -0.28108,
    -0.012106,
    0.86488,
    -0.25314,
    0.43348,
    0.18949,
    0.8758,
    0.44392,
    0.61416,
    0.73353,
    0.29111,
    -0.61416,
    0.73353,
    0.29111,
    0.31335,
    0.634,
    -0.70701,
    -0.33688,
    0.60783,
    -0.71907,
    -0.53419,
    0.22164,
    -0.81579,
    0.53558,
    0.033691,
    -0.84381
  ],
  "colors": [],
  "uvs": [
    []
  ],
  "faces": [
    34,
    0,
    1,
    2,
    0,
    0,
    1,
    2,
    34,
    0,
    3,
    1,
    0,
    0,
    3,
    1,
    34,
    4,
    5,
    6,
    0,
    4,
    5,
    6,
    34,
    7,
    8,
    9,
    0,
    7,
    8,
    9,
    34,
    10,
    11,
    12,
    0,
    10,
    11,
    12,
    34,
    0,
    13,
    14,
    0,
    0,
    13,
    14,
    34,
    15,
    16,
    17,
    0,
    15,
    16,
    17,
    34,
    12,
    17,
    10,
    0,
    12,
    17,
    10,
    34,
    18,
    19,
    6,
    0,
    18,
    19,
    6,
    34,
    8,
    20,
    9,
    0,
    8,
    20,
    9,
    34,
    21,
    11,
    16,
    0,
    21,
    11,
    16,
    34,
    22,
    2,
    16,
    0,
    22,
    2,
    16,
    34,
    15,
    22,
    16,
    0,
    15,
    22,
    16,
    34,
    23,
    11,
    7,
    0,
    23,
    11,
    7,
    34,
    8,
    21,
    20,
    0,
    8,
    21,
    20,
    34,
    21,
    24,
    6,
    0,
    21,
    24,
    6,
    34,
    1,
    3,
    25,
    0,
    1,
    3,
    25,
    34,
    6,
    24,
    18,
    0,
    6,
    24,
    18,
    34,
    9,
    26,
    27,
    0,
    9,
    26,
    27,
    34,
    27,
    26,
    28,
    0,
    27,
    26,
    28,
    34,
    29,
    30,
    31,
    0,
    29,
    30,
    31,
    34,
    31,
    30,
    15,
    0,
    31,
    30,
    15,
    34,
    21,
    8,
    11,
    0,
    21,
    8,
    11,
    34,
    7,
    11,
    8,
    0,
    7,
    11,
    8,
    34,
    2,
    22,
    0,
    0,
    2,
    22,
    0,
    34,
    15,
    0,
    22,
    0,
    15,
    0,
    22,
    34,
    6,
    20,
    21,
    0,
    6,
    20,
    21,
    34,
    20,
    6,
    9,
    0,
    20,
    6,
    9,
    34,
    32,
    14,
    13,
    0,
    32,
    14,
    13,
    34,
    15,
    13,
    0,
    0,
    15,
    13,
    0,
    34,
    5,
    4,
    33,
    0,
    5,
    4,
    33,
    34,
    6,
    5,
    9,
    0,
    6,
    5,
    9,
    34,
    17,
    31,
    15,
    0,
    17,
    31,
    15,
    34,
    0,
    34,
    3,
    0,
    0,
    34,
    3,
    34,
    19,
    35,
    6,
    0,
    19,
    35,
    6,
    34,
    18,
    36,
    19,
    0,
    18,
    36,
    19,
    34,
    9,
    27,
    7,
    0,
    9,
    27,
    7,
    34,
    32,
    13,
    15,
    0,
    32,
    13,
    15,
    34,
    30,
    32,
    15,
    0,
    30,
    32,
    15,
    34,
    9,
    33,
    26,
    0,
    9,
    33,
    26,
    34,
    9,
    5,
    33,
    0,
    9,
    5,
    33,
    34,
    16,
    11,
    10,
    0,
    16,
    11,
    10,
    34,
    16,
    10,
    17,
    0,
    16,
    10,
    17,
    34,
    6,
    35,
    4,
    0,
    6,
    35,
    4,
    34,
    12,
    11,
    23,
    0,
    12,
    11,
    23,
    34,
    14,
    34,
    0,
    0,
    14,
    34,
    0,
    34,
    24,
    21,
    2,
    0,
    24,
    21,
    2,
    34,
    16,
    2,
    21,
    0,
    16,
    2,
    21,
    34,
    35,
    19,
    36,
    0,
    35,
    19,
    36,
    34,
    35,
    36,
    4,
    0,
    35,
    36,
    4,
    34,
    25,
    18,
    24,
    0,
    25,
    18,
    24,
    34,
    30,
    29,
    32,
    0,
    30,
    29,
    32,
    34,
    33,
    28,
    26,
    0,
    33,
    28,
    26,
    34,
    24,
    1,
    25,
    0,
    24,
    1,
    25,
    34,
    24,
    2,
    1,
    0,
    24,
    2,
    1,
    34,
    34,
    37,
    3,
    0,
    34,
    37,
    3,
    34,
    14,
    37,
    34,
    0,
    14,
    37,
    34
  ]
}