{
  "metadata": {
    "formatVersion": 3.1,
    "sourceFile": "reflector.obj",
    "generatedBy": "OBJConverter",
    "vertices": 37,
    "faces": 53,
    "normals": 36,
    "colors": 0,
    "uvs": 0,
    "materials": 1
  },
  "scale": 0.5,
  "materials": [
    {
      "DbgColor": 15658734,
      "DbgIndex": 0,
      "DbgName": "222",
      "colorAmbient": [
        0.5879999995,
        0.5879999995,
        0.5879999995
      ],
      "colorDiffuse": [
        0.5879999995,
        0.5879999995,
        0.5879999995
      ],
      "colorSpecular": [
        0,
        0,
        0
      ],
      "illumination": 2,
      "opacity": 1,
      "opticalDensity": 1.5,
      "specularCoef": 10,
      "transparent": true
    }
  ],
  "vertices": [
    486,
    528,
    358,
    492,
    528,
    373,
    432,
    524,
    400,
    469,
    562,
    373,
    474,
    568,
    335,
    427,
    573,
    351,
    -432,
    524,
    400,
    -492,
    528,
    373,
    -486,
    528,
    358,
    -426,
    573,
    351,
    -474,
    568,
    335,
    -469,
    562,
    373,
    422,
    561,
    392,
    -421,
    561,
    392,
    455,
    549,
    392,
    409,
    568,
    357,
    407,
    521,
    388,
    -407,
    521,
    388,
    -409,
    568,
    357,
    -454,
    549,
    392,
    402,
    555,
    360,
    -402,
    555,
    360,
    503,
    560,
    325,
    509,
    549,
    355,
    515,
    543,
    322,
    -515,
    543,
    322,
    -508,
    549,
    355,
    -503,
    560,
    325,
    513,
    542,
    322,
    -513,
    542,
    322,
    413,
    522,
    392,
    -413,
    522,
    392,
    -498,
    562,
    324,
    -405,
    518,
    356,
    -508,
    515,
    320,
    405,
    519,
    359,
    -405,
    519,
    359
  ],
  "morphTargets": [],
  "morphColors": [],
  "normals": [
    0.45744,
    -0.88789,
    -0.049072,
    0.6398,
    -0.59337,
    0.48843,
    0.0143,
    -0.57882,
    0.81533,
    0.33656,
    0.80987,
    0.48045,
    0.21511,
    0.97601,
    0.033687,
    -0.24165,
    0.82029,
    -0.51839,
    -0.0143,
    -0.57882,
    0.81533,
    -0.6398,
    -0.59337,
    0.48843,
    -0.45744,
    -0.88789,
    -0.049072,
    0.24165,
    0.82029,
    -0.51839,
    -0.21511,
    0.97601,
    0.033687,
    -0.33656,
    0.80987,
    0.48045,
    -0.34709,
    0.61771,
    0.70566,
    0.34709,
    0.61771,
    0.70566,
    0.33262,
    0.32952,
    0.88362,
    -0.62749,
    0.76036,
    0.16765,
    -0.63526,
    -0.59444,
    0.49304,
    0.63526,
    -0.59444,
    0.49304,
    0.62749,
    0.76036,
    0.16765,
    -0.33262,
    0.32952,
    0.88362,
    -0.92983,
    0.30873,
    -0.20027,
    0.92983,
    0.30873,
    -0.20027,
    0.304,
    0.7105,
    -0.63464,
    0.88485,
    0.19418,
    0.42348,
    0.73747,
    -0.32904,
    -0.58981,
    -0.73747,
    -0.32904,
    -0.58981,
    -0.88485,
    0.19418,
    0.42348,
    -0.304,
    0.7105,
    -0.63464,
    0.1546,
    -0.78517,
    -0.59967,
    -0.1546,
    -0.78517,
    -0.59967,
    -0.37958,
    -0.38641,
    0.8406,
    0.37958,
    -0.38641,
    0.8406,
    0.33169,
    -0.000075051,
    -0.94339,
    0.33169,
    -0.000075051,
    -0.94339,
    -0.97549,
    -0.21599,
    -0.042139,
    0.97549,
    -0.21599,
    -0.042139
  ],
  "colors": [],
  "uvs": [
    []
  ],
  "faces": [
    34,
    0,
    1,
    2,
    0,
    0,
    1,
    2,
    34,
    3,
    4,
    5,
    0,
    3,
    4,
    5,
    34,
    6,
    7,
    8,
    0,
    6,
    7,
    8,
    34,
    9,
    10,
    11,
    0,
    9,
    10,
    11,
    34,
    3,
    5,
    12,
    0,
    3,
    5,
    12,
    34,
    13,
    9,
    11,
    0,
    13,
    9,
    11,
    34,
    12,
    2,
    14,
    0,
    12,
    2,
    14,
    34,
    12,
    15,
    16,
    0,
    12,
    15,
    16,
    34,
    17,
    18,
    13,
    0,
    17,
    18,
    13,
    34,
    19,
    6,
    13,
    0,
    19,
    6,
    13,
    34,
    15,
    20,
    16,
    0,
    15,
    20,
    16,
    34,
    17,
    21,
    18,
    0,
    17,
    21,
    18,
    34,
    22,
    23,
    24,
    0,
    22,
    23,
    24,
    34,
    25,
    26,
    27,
    0,
    25,
    26,
    27,
    34,
    13,
    11,
    19,
    0,
    13,
    11,
    19,
    34,
    8,
    7,
    26,
    0,
    8,
    7,
    26,
    34,
    23,
    1,
    0,
    0,
    23,
    1,
    0,
    34,
    14,
    3,
    12,
    0,
    14,
    3,
    12,
    34,
    23,
    0,
    28,
    0,
    23,
    0,
    28,
    34,
    29,
    8,
    26,
    0,
    29,
    8,
    26,
    34,
    12,
    30,
    2,
    0,
    12,
    30,
    2,
    34,
    2,
    30,
    0,
    0,
    2,
    30,
    0,
    34,
    8,
    31,
    6,
    0,
    8,
    31,
    6,
    34,
    6,
    31,
    13,
    0,
    6,
    31,
    13,
    34,
    23,
    22,
    3,
    0,
    23,
    22,
    3,
    34,
    23,
    3,
    14,
    0,
    23,
    3,
    14,
    34,
    11,
    27,
    26,
    0,
    11,
    27,
    26,
    34,
    19,
    11,
    26,
    0,
    19,
    11,
    26,
    34,
    27,
    10,
    29,
    0,
    27,
    10,
    29,
    34,
    27,
    11,
    10,
    0,
    27,
    11,
    10,
    34,
    4,
    3,
    22,
    0,
    4,
    3,
    22,
    34,
    28,
    4,
    22,
    0,
    28,
    4,
    22,
    34,
    32,
    33,
    34,
    0,
    32,
    32,
    33,
    34,
    16,
    35,
    30,
    0,
    16,
    34,
    30,
    34,
    30,
    12,
    16,
    0,
    30,
    12,
    16,
    34,
    31,
    36,
    17,
    0,
    31,
    35,
    17,
    34,
    17,
    13,
    31,
    0,
    17,
    13,
    31,
    34,
    9,
    13,
    18,
    0,
    9,
    13,
    18,
    34,
    9,
    18,
    10,
    0,
    9,
    18,
    10,
    34,
    15,
    12,
    5,
    0,
    15,
    12,
    5,
    34,
    4,
    15,
    5,
    0,
    4,
    15,
    5,
    34,
    26,
    7,
    19,
    0,
    26,
    7,
    19,
    34,
    6,
    19,
    7,
    0,
    6,
    19,
    7,
    34,
    14,
    1,
    23,
    0,
    14,
    1,
    23,
    34,
    1,
    14,
    2,
    0,
    1,
    14,
    2,
    34,
    29,
    25,
    27,
    0,
    29,
    25,
    27,
    34,
    26,
    25,
    29,
    0,
    26,
    25,
    29,
    34,
    28,
    24,
    23,
    0,
    28,
    24,
    23,
    34,
    22,
    24,
    28,
    0,
    22,
    24,
    28,
    34,
    15,
    35,
    20,
    0,
    15,
    34,
    20,
    34,
    20,
    35,
    16,
    0,
    20,
    34,
    16,
    34,
    17,
    36,
    21,
    0,
    17,
    35,
    21,
    34,
    21,
    36,
    18,
    0,
    21,
    35,
    18
  ]
}