{
  "metadata": {
    "formatVersion": 3.1,
    "sourceFile": "roof.obj",
    "generatedBy": "OBJConverter",
    "vertices": 48,
    "faces": 80,
    "normals": 48,
    "colors": 0,
    "uvs": 0,
    "materials": 1
  },
  "scale": 0.5,
  "materials": [
    {
      "DbgColor": 15658734,
      "DbgIndex": 0,
      "DbgName": "222",
      "colorAmbient": [
        0.5879999995,
        0.5879999995,
        0.5879999995
      ],
      "colorDiffuse": [
        0.5879999995,
        0.5879999995,
        0.5879999995
      ],
      "colorSpecular": [
        0,
        0,
        0
      ],
      "illumination": 2,
      "opacity": 1,
      "opticalDensity": 1.5,
      "specularCoef": 10,
      "transparent": true
    }
  ],
  "vertices": [
    0,
    730,
    37,
    179,
    732,
    -17,
    0,
    741,
    -68,
    -179,
    732,
    -17,
    208,
    723,
    -531,
    -36,
    734,
    -502,
    179,
    736,
    -466,
    260,
    738,
    -234,
    261,
    728,
    -234,
    266,
    722,
    -463,
    -265,
    722,
    -463,
    -261,
    728,
    -234,
    -260,
    738,
    -234,
    0,
    746,
    -395,
    178,
    739,
    -431,
    264,
    723,
    25,
    208,
    713,
    100,
    37,
    716,
    111,
    -37,
    706,
    111,
    -264,
    723,
    25,
    -261,
    732,
    -70,
    -262,
    722,
    -70,
    147,
    741,
    -120,
    205,
    742,
    -299,
    0,
    746,
    -175,
    262,
    722,
    -70,
    261,
    732,
    -70,
    -265,
    731,
    -463,
    -205,
    742,
    -299,
    -206,
    738,
    -120,
    -36,
    725,
    -538,
    269,
    710,
    -528,
    -36,
    714,
    -538,
    -269,
    720,
    -527,
    -149,
    715,
    105,
    -266,
    712,
    92,
    -208,
    704,
    100,
    208,
    704,
    100,
    -269,
    710,
    -528,
    -208,
    723,
    -531,
    -35,
    747,
    -354,
    269,
    720,
    -527,
    267,
    727,
    -495,
    -266,
    702,
    92,
    266,
    712,
    92,
    266,
    702,
    92,
    263,
    735,
    -429,
    -263,
    735,
    -429
  ],
  "morphTargets": [],
  "morphColors": [],
  "normals": [
    -0.00035396,
    0.98958,
    0.14402,
    0.037935,
    0.9938,
    0.10447,
    -0.0016681,
    0.99711,
    0.075908,
    -0.036787,
    0.99397,
    0.10333,
    0.042946,
    0.60188,
    -0.79743,
    -0.0077479,
    0.98517,
    -0.17142,
    0.031167,
    0.99029,
    -0.13548,
    0.70201,
    0.71197,
    0.016763,
    0.99852,
    0.053886,
    0.0076745,
    0.9977,
    0.048041,
    0.047838,
    -0.99698,
    0.062127,
    0.046534,
    -0.99852,
    0.053886,
    0.0076745,
    -0.70318,
    0.71085,
    0.014794,
    0.0087049,
    0.99831,
    -0.057477,
    0.033953,
    0.99721,
    -0.066539,
    0.67727,
    0.73192,
    0.074828,
    0.084577,
    0.64575,
    0.75885,
    0.046788,
    0.47958,
    0.87625,
    -0.029647,
    0.24621,
    0.96876,
    -0.6757,
    0.73299,
    0.078407,
    -0.70292,
    0.71025,
    0.038077,
    -0.99841,
    0.054942,
    -0.012505,
    0.037825,
    0.99823,
    0.045849,
    0.053518,
    0.99854,
    -0.0074541,
    -0.0011213,
    0.99963,
    0.027146,
    0.99841,
    0.054942,
    -0.012505,
    0.70094,
    0.71237,
    0.03476,
    -0.69033,
    0.72126,
    -0.056852,
    -0.055352,
    0.99844,
    -0.0076905,
    -0.051438,
    0.9977,
    0.044219,
    -0.0053494,
    0.62127,
    -0.78358,
    0.69064,
    0.055801,
    -0.72104,
    -0.0050815,
    0.017916,
    -0.99983,
    -0.63147,
    0.53685,
    -0.5595,
    -0.066641,
    0.64587,
    0.76053,
    -0.63633,
    0.52852,
    0.56192,
    -0.10958,
    0.20763,
    0.97205,
    0.093239,
    0.017567,
    0.99549,
    -0.69039,
    0.057414,
    -0.72116,
    -0.05718,
    0.65185,
    -0.75619,
    -0.011591,
    0.99968,
    -0.022664,
    0.63775,
    0.52618,
    -0.5625,
    0.7086,
    0.70157,
    -0.075352,
    -0.74342,
    0.014627,
    0.66867,
    0.6419,
    0.52159,
    0.56206,
    0.74336,
    0.014701,
    0.66873,
    0.6658,
    0.7452,
    -0.037286,
    -0.66143,
    0.74923,
    -0.03412
  ],
  "colors": [],
  "uvs": [
    []
  ],