{
  "metadata": {
    "formatVersion": 3.1,
    "sourceFile": "sideskirt.obj",
    "generatedBy": "OBJConverter",
    "vertices": 32,
    "faces": 44,
    "normals": 32,
    "colors": 0,
    "uvs": 0,
    "materials": 1
  },
  "scale": 0.5,
  "materials": [
    {
      "DbgColor": 15658734,
      "DbgIndex": 0,
      "DbgName": "222",
      "colorAmbient": [
        0.5879999995,
        0.5879999995,
        0.5879999995
      ],
      "colorDiffuse": [
        0.5879999995,
        0.5879999995,
        0.5879999995
      ],
      "colorSpecular": [
        0,
        0,
        0
      ],
      "illumination": 2,
      "opacity": 1,
      "opticalDensity": 1.5,
      "specularCoef": 10,
      "transparent": true
    }
  ],
  "vertices": [
    439,
    99,
    494,
    436,
    100,
    -501,
    442,
    136,
    459,
    -436,
    100,
    -501,
    -442,
    136,
    459,
    -441,
    147,
    -407,
    441,
    147,
    -407,
    -438,
    99,
    494,
    447,
    170,
    475,
    430,
    147,
    -406,
    431,
    137,
    459,
    -447,
    170,
    475,
    -431,
    137,
    459,
    -430,
    147,
    -406,
    -449,
    184,
    -507,
    449,
    184,
    -507,
    -436,
    171,
    476,
    -428,
    98,
    494,
    -438,
    170,
    498,
    -448,
    169,
    498,
    448,
    169,
    498,
    438,
    170,
    498,
    428,
    98,
    494,
    437,
    171,
    476,
    446,
    183,
    -459,
    -446,
    183,
    -459,
    425,
    99,
    -501,
    -425,
    99,
    -501,
    -439,
    184,
    -507,
    439,
    184,
    -507,
    -435,
    183,
    -459,
    435,
    183,
    -459
  ],
  "morphTargets": [],
  "morphColors": [],
  "normals": [
    0.56742,
    -0.59828,
    0.56577,
    0.56828,
    -0.60158,
    -0.56139,
    0.87834,
    0.36462,
    -0.30916,
    -0.56828,
    -0.60158,
    -0.56139,
    -0.87834,
    0.36462,
    -0.30916,
    -0.81367,
    0.54182,
    0.21063,
    0.81367,
    0.54182,
    0.21063,
    -0.56742,
    -0.59828,
    0.56577,
    0.65395,
    0.6273,
    -0.4229,
    0.035259,
    0.95719,
    0.28729,
    0.04282,
    0.86502,
    -0.4999,
    -0.65395,
    0.6273,
    -0.4229,
    -0.04282,
    0.86502,
    -0.4999,
    -0.035259,
    0.95719,
    0.28729,
    -0.63539,
    0.53358,
    -0.55819,
    0.63539,
    0.53358,
    -0.55819,
    -0.061305,
    0.85265,
    -0.51887,
    -0.063508,
    -0.76894,
    0.63616,
    -0.035656,
    0.66147,
    0.74912,
    -0.64399,
    0.48804,
    0.58915,
    0.64399,
    0.48804,
    0.58915,
    0.035656,
    0.66147,
    0.74912,
    0.063508,
    -0.76894,
    0.63616,
    0.061305,
    0.85265,
    -0.51887,
    0.66415,
    0.6998,
    0.26305,
    -0.66415,
    0.6998,
    0.26305,
    0.081712,
    -0.77708,
    -0.62408,
    -0.081712,
    -0.77708,
    -0.62408,
    -0.021444,
    0.65953,
    -0.75137,
    0.021444,
    0.65953,
    -0.75137,
    -0.021873,
    0.9451,
    0.32605,
    0.021873,
    0.9451,
    0.32605
  ],
  "colors": [],
  "uvs": [
    []
  ],
  "faces": [
    34,
    0,
    1,
    2,
    0,
    0,
    1,
    2,
    34,
    3,
    4,
    5,
    0,
    3,
    4,
    5,
    34,
    6,
    2,
    1,
    0,
    6,
    2,
    1,
    34,
    4,
    3,
    7,
    0,
    4,
    3,
    7,
    34,
    8,
    0,
    2,
    0,
    8,
    0,
    2,
    34,
    2,
    9,
    10,
    0,
    2,
    9,
    10,
    34,
    4,
    7,
    11,
    0,
    4,
    7,
    11,
    34,
    12,
    13,
    4,
    0,
    12,
    13,
    4,
    34,
    14,
    3,
    5,
    0,
    14,
    3,
    5,
    34,
    6,
    1,
    15,
    0,
    6,
    1,
    15,
    34,
    4,
    11,
    16,
    0,
    4,
    11,
    16,
    34,
    17,
    18,
    19,
    0,
    17,
    18,
    19,
    34,
    20,
    21,
    22,
    0,
    20,
    21,
    22,
    34,
    23,
    8,
    2,
    0,
    23,
    8,
    2,
    34,
    15,
    24,
    6,
    0,
    15,
    24,
    6,
    34,
    5,
    25,
    14,
    0,
    5,
    25,
    14,
    34,
    0,
    22,
    26,
    0,
    0,
    22,
    26,
    34,
    22,
    0,
    20,
    0,
    22,
    0,
    20,
    34,
    7,
    27,
    17,
    0,
    7,
    27,
    17,
    34,
    19,
    7,
    17,
    0,
    19,
    7,
    17,
    34,
    28,
    27,
    3,
    0,
    28,
    27,
    3,
    34,
    7,
    3,
    27,
    0,
    7,
    3,
    27,
    34,
    26,
    1,
    0,
    0,
    26,
    1,
    0,
    34,
    1,
    26,
    29,
    0,
    1,
    26,
    29,
    34,
    2,
    10,
    23,
    0,
    2,
    10,
    23,
    34,
    16,
    12,
    4,
    0,
    16,
    12,
    4,
    34,
    20,
    0,
    8,
    0,
    20,
    0,
    8,
    34,
    21,
    20,
    8,
    0,
    21,
    20,
    8,
    34,
    11,
    19,
    18,
    0,
    11,
    19,
    18,
    34,
    11,
    7,
    19,
    0,
    11,
    7,
    19,
    34,
    9,
    6,
    24,
    0,
    9,
    6,
    24,
    34,
    9,
    2,
    6,
    0,
    9,
    2,
    6,
    34,
    25,
    5,
    13,
    0,
    25,
    5,
    13,
    34,
    5,
    4,
    13,
    0,
    5,
    4,
    13,
    34,
    13,
    30,
    25,
    0,
    13,
    30,
    25,
    34,
    14,
    25,
    30,
    0,
    14,
    25,
    30,
    34,
    24,
    31,
    9,
    0,
    24,
    31,
    9,
    34,
    31,
    24,
    15,
    0,
    31,
    24,
    15,
    34,
    8,
    23,
    21,
    0,
    8,
    23,
    21,
    34,
    18,
    16,
    11,
    0,
    18,
    16,
    11,
    34,
    3,
    14,
    28,
    0,
    3,
    14,
    28,
    34,
    30,
    28,
    14,
    0,
    30,
    28,
    14,
    34,
    29,
    15,
    1,
    0,
    29,
    15,
    1,
    34,
    15,
    29,
    31,
    0,
    15,
    29,
    31
  ]
}