{
  "metadata": {
    "formatVersion": 3.1,
    "sourceFile": "glass.obj",
    "generatedBy": "OBJConverter",
    "vertices": 39,
    "faces": 37,
    "normals": 39,
    "colors": 0,
    "uvs": 0,
    "materials": 1
  },
  "scale": 0.5,
  "materials": [
    {
      "DbgColor": 15658734,
      "DbgIndex": 0,
      "DbgName": "04___Default",
      "colorAmbient": [
        0.2431,
        0.2863,
        0.4353
      ],
      "colorDiffuse": [
        0.2431,
        0.2863,
        0.4353
      ],
      "colorSpecular": [
        0.792,
        0.792,
        0.792
      ],
      "illumination": 2,
      "opacity": 1,
      "opticalDensity": 1.5,
      "specularCoef": 39,
      "transparent": true
    }
  ],
  "vertices": [
    0,
    563,
    312,
    -106,
    678,
    101,
    -238,
    599,
    212,
    112,
    624,
    -799,
    123,
    536,
    -984,
    -123,
    536,
    -984,
    -302,
    662,
    65,
    -383,
    493,
    -688,
    -392,
    454,
    331,
    -350,
    586,
    -196,
    349,
    586,
    -196,
    391,
    454,
    331,
    382,
    493,
    -688,
    0,
    682,
    -660,
    -225,
    594,
    -836,
    -291,
    669,
    -618,
    302,
    662,
    65,
    52,
    679,
    105,
    213,
    457,
    456,
    -346,
    574,
    -712,
    345,
    574,
    -712,
    291,
    669,
    -618,
    321,
    531,
    -932,
    -322,
    635,
    77,
    321,
    635,
    77,
    -330,
    599,
    176,
    -371,
    455,
    402,
    -213,
    457,
    456,
    -306,
    665,
    -507,
    -331,
    609,
    -663,
    305,
    665,
    -507,
    330,
    609,
    -663,
    371,
    455,
    402,
    301,
    677,
    -90,
    296,
    686,
    -299,
    -302,
    677,
    -90,
    -297,
    686,
    -299,
    0,
    458,
    480,
    -321,
    531,
    -932
  ],
  "morphTargets": [],
  "morphColors": [],
  "normals": [
    -0.0020267,
    0.85754,
    0.51441,
    -0.08018,
    0.87244,
    0.4821,
    -0.14834,
    0.85848,
    0.49093,
    0.069456,
    0.91861,
    -0.38902,
    0.064146,
    0.90295,
    -0.42493,
    -0.057176,
    0.9063,
    -0.41874,
    -0.16478,
    0.88086,
    0.44376,
    -0.91544,
    0.40221,
    -0.013938,
    -0.93033,
    0.36636,
    0.016252,
    -0.91922,
    0.39375,
    0.0021729,
    0.91922,
    0.39375,
    0.0021731,
    0.93033,
    0.36636,
    0.016252,
    0.91544,
    0.40221,
    -0.013938,
    -0.0096634,
    0.93055,
    -0.36605,
    -0.13408,
    0.91035,
    -0.39151,
    -0.12303,
    0.92614,
    -0.35655,
    0.14629,
    0.86182,
    0.48565,
    0.062218,
    0.86928,
    0.49038,
    0.12379,
    0.85648,
    0.50112,
    -0.90968,
    0.41497,
    -0.016484,
    0.90968,
    0.41497,
    -0.016484,
    0.12871,
    0.92441,
    -0.35903,
    0.14611,
    0.90369,
    -0.40248,
    -0.91532,
    0.4022,
    0.020663,
    0.91532,
    0.4022,
    0.020663,
    -0.19093,
    0.85811,
    0.47664,
    -0.17874,
    0.84508,
    0.50387,
    -0.1148,
    0.85307,
    0.50902,
    -0.89847,
    0.43881,
    -0.014385,
    -0.9072,
    0.42039,
    -0.016334,
    0.89847,
    0.43881,
    -0.014384,
    0.9072,
    0.42039,
    -0.016334,
    0.17358,
    0.85519,
    0.48839,
    0.88879,
    0.45827,
    0.0062823,
    0.88927,
    0.45735,
    -0.0064555,
    -0.88879,
    0.45827,
    0.006282,
    -0.88927,
    0.45735,
    -0.0064556,
    -0.0045031,
    0.85248,
    0.52275,
    -0.16839,
    0.89192,
    -0.41967
  ],
  "colors": [],
  "uvs": [
    []
  ],
  "faces": [
    34,
    0,
    1,
    2,
    0,
    0,
    1,
    2,
    34,
    3,
    4,
    5,
    0,
    3,
    4,
    5,
    34,
    2,
    1,
    6,
    0,
    2,
    1,
    6,
    34,
    7,
    8,
    9,
    0,
    7,
    8,
    9,
    34,
    10,
    11,
    12,
    0,
    10,
    11,
    12,
    34,
    13,
    14,
    15,
    0,
    13,
    14,
    15,
    34,
    16,
    17,
    18,
    0,
    16,
    17,
    18,
    34,
    18,
    17,
    0,
    0,
    18,
    17,
    0,
    34,
    9,
    19,
    7,
    0,
    9,
    19,
    7,
    34,
    12,
    20,
    10,
    0,
    12,
    20,
    10,
    34,
    21,
    22,
    3,
    0,
    21,
    22,
    3,
    34,
    23,
    9,
    8,
    0,
    23,
    9,
    8,
    34,
    11,
    10,
    24,
    0,
    11,
    10,
    24,
    34,
    4,
    3,
    22,
    0,
    4,
    3,
    22,
    34,
    25,
    26,
    27,
    0,
    25,
    26,
    27,
    34,
    28,
    29,
    9,
    0,
    28,
    29,
    9,
    34,
    30,
    10,
    31,
    0,
    30,
    10,
    31,
    34,
    18,
    32,
    16,
    0,
    18,
    32,
    16,
    34,
    14,
    13,
    5,
    0,
    14,
    13,
    5,
    34,
    3,
    13,
    21,
    0,
    3,
    13,
    21,
    34,
    3,
    5,
    13,
    0,
    3,
    5,
    13,
    34,
    33,
    24,
    10,
    0,
    33,
    24,
    10,
    34,
    33,
    10,
    34,
    0,
    33,
    10,
    34,
    34,
    9,
    23,
    35,
    0,
    9,
    23,
    35,
    34,
    36,
    9,
    35,
    0,
    36,
    9,
    35,
    34,
    0,
    17,
    1,
    0,
    0,
    17,
    1,
    34,
    29,
    19,
    9,
    0,
    29,
    19,
    9,
    34,
    10,
    20,
    31,
    0,
    10,
    20,
    31,
    34,
    37,
    18,
    0,
    0,
    37,
    18,
    0,
    34,
    37,
    0,
    2,
    0,
    37,
    0,
    2,
    34,
    14,
    38,
    15,
    0,
    14,
    38,
    15,
    34,
    5,
    38,
    14,
    0,
    5,
    38,
    14,
    34,
    9,
    36,
    28,
    0,
    9,
    36,
    28,
    34,
    30,
    34,
    10,
    0,
    30,
    34,
    10,
    34,
    2,
    27,
    37,
    0,
    2,
    27,
    37,
    34,
    27,
    2,
    25,
    0,
    27,
    2,
    25,
    34,
    2,
    6,
    25,
    0,
    2,
    6,
    25
  ]
}