{
  "metadata": {
    "formatVersion": 3.1,
    "sourceFile": "hood.obj",
    "generatedBy": "OBJConverter",
    "vertices": 55,
    "faces": 85,
    "normals": 55,
    "colors": 0,
    "uvs": 0,
    "materials": 1
  },
  "scale": 0.5,
  "materials": [
    {
      "DbgColor": 15658734,
      "DbgIndex": 0,
      "DbgName": "04___Default",
      "colorAmbient": [
        0.987,
        0.987,
        0.987
      ],
      "colorDiffuse": [
        0.987,
        0.987,
        0.987
      ],
      "colorSpecular": [
        0.936,
        0.936,
        0.936
      ],
      "illumination": 2,
      "opacity": 1,
      "opticalDensity": 1.5,
      "specularCoef": 20,
      "transparent": true
    }
  ],
  "vertices": [
    241,
    470,
    711,
    0,
    476,
    711,
    0,
    429,
    931,
    185,
    440,
    867,
    -306,
    456,
    711,
    -280,
    414,
    917,
    -185,
    440,
    867,
    354,
    454,
    710,
    309,
    428,
    860,
    386,
    400,
    828,
    -208,
    495,
    456,
    304,
    487,
    533,
    -386,
    400,
    828,
    -354,
    454,
    710,
    -397,
    420,
    707,
    306,
    456,
    711,
    -241,
    470,
    711,
    -304,
    487,
    533,
    -383,
    483,
    400,
    -209,
    369,
    1023,
    -147,
    409,
    969,
    107,
    496,
    471,
    380,
    482,
    397,
    357,
    495,
    383,
    375,
    384,
    902,
    280,
    414,
    917,
    209,
    369,
    1023,
    147,
    409,
    969,
    114,
    375,
    1040,
    -62,
    377,
    1044,
    -114,
    375,
    1040,
    208,
    495,
    456,
    316,
    355,
    986,
    366,
    367,
    946,
    -375,
    384,
    902,
    366,
    463,
    628,
    397,
    420,
    707,
    402,
    442,
    493,
    -401,
    444,
    480,
    -366,
    463,
    628,
    -358,
    485,
    383,
    -357,
    495,
    383,
    -381,
    481,
    399,
    0,
    374,
    1045,
    203,
    366,
    1024,
    396,
    451,
    452,
    -366,
    367,
    946,
    -316,
    355,
    986,
    -113,
    372,
    1040,
    0,
    486,
    477,
    -208,
    484,
    455,
    358,
    485,
    383,
    208,
    484,
    455,
    -368,
    365,
    940,
    368,
    365,
    940
  ],
  "morphTargets": [],
  "morphColors": [],
  "normals": [
    0.11628,
    0.97776,
    0.17452,
    0.0029148,
    0.98937,
    0.14542,
    0.0033977,
    0.94846,
    0.31688,
    0.06753,
    0.96579,
    0.2504,
    -0.12244,
    0.97732,
    0.1728,
    -0.241,
    0.89049,
    0.38594,
    -0.080697,
    0.96469,
    0.25071,
    0.34398,
    0.9219,
    0.17826,
    0.28535,
    0.90512,
    0.31518,
    0.44743,
    0.84988,
    0.2784,
    0.16691,
    0.79388,
    -0.58472,
    0.69972,
    0.64997,
    0.29654,
    -0.40679,
    0.87096,
    0.27558,
    -0.34035,
    0.92168,
    0.1862,
    -0.64003,
    0.7513,
    0.16094,
    0.11899,
    0.97962,
    0.1618,
    -0.11758,
    0.97774,
    0.17378,
    -0.24456,
    0.95519,
    0.16674,
    -0.84837,
    0.3856,
    -0.36275,
    -0.24709,
    0.034545,
    0.96838,
    -0.086329,
    0.91282,
    0.39914,
    -0.057206,
    0.90478,
    -0.42202,
    0.50625,
    0.86023,
    0.060929,
    0.14413,
    0.68675,
    -0.71246,
    0.87784,
    0.37989,
    0.29168,
    0.22807,
    0.88546,
    0.40489,
    0.27985,
    0.39685,
    0.87418,
    0.083138,
    0.91244,
    0.40069,
    0.084158,
    0.13437,
    0.98735,
    -0.031531,
    0.33779,
    0.94069,
    -0.12663,
    0.42686,
    0.89541,
    -0.1801,
    0.78567,
    -0.59185,
    0.32142,
    0.71747,
    0.618,
    0.66604,
    0.15125,
    0.73043,
    -0.87784,
    0.37989,
    0.29168,
    0.39714,
    0.91168,
    0.10541,
    0.63956,
    0.75163,
    0.1613,
    0.6476,
    0.7597,
    0.058807,
    -0.78493,
    0.61075,
    0.10431,
    -0.4019,
    0.90937,
    0.1073,
    -0.12368,
    -0.00057884,
    -0.99232,
    -0.13345,
    0.67526,
    -0.72541,
    -0.67029,
    -0.20834,
    -0.71225,
    0.021458,
    0.53811,
    0.8426,
    0.19423,
    -0.080921,
    0.97761,
    0.7946,
    0.60008,
    0.092265,
    -0.66604,
    0.15125,
    0.73042,
    -0.32481,
    0.70256,
    0.63317,
    -0.1061,
    -0.22386,
    0.96883,
    0.033849,
    -0.70274,
    -0.71064,
    0.27551,
    0.05305,
    -0.95983,
    0.10295,
    -0.0022447,
    -0.99468,
    -0.29799,
    0.068897,
    -0.95208,
    -0.53187,
    -0.72421,
    0.4389,
    0.53187,
    -0.72421,
    0.4389
  ],
  "colors": [],
  "uvs": [
    []
  ],