{
  "metadata": {
    "formatVersion": 3.1,
    "sourceFile": "roof.obj",
    "generatedBy": "OBJConverter",
    "vertices": 36,
    "faces": 50,
    "normals": 36,
    "colors": 0,
    "uvs": 0,
    "materials": 1
  },
  "scale": 0.5,
  "materials": [
    {
      "DbgColor": 15658734,
      "DbgIndex": 0,
      "DbgName": "04___Default",
      "colorAmbient": [
        0.5882353187,
        0.5882353187,
        0.5882353187
      ],
      "colorDiffuse": [
        0.5882353187,
        0.5882353187,
        0.5882353187
      ],
      "colorSpecular": [
        0,
        0,
        0
      ],
      "illumination": 2,
      "opacity": 1,
      "opticalDensity": 1.5,
      "specularCoef": 9.9999990463,
      "transparent": true
    }
  ],
  "vertices": [
    -260,
    709,
    -403,
    -259,
    712,
    -255,
    111,
    725,
    -255,
    -121,
    675,
    102,
    0,
    681,
    108,
    115,
    706,
    -3,
    112,
    721,
    -406,
    0,
    683,
    -660,
    271,
    671,
    -625,
    122,
    678,
    -654,
    265,
    693,
    -530,
    -276,
    703,
    -403,
    -283,
    689,
    -22,
    -267,
    694,
    -21,
    260,
    709,
    -403,
    262,
    707,
    -119,
    283,
    689,
    -22,
    274,
    679,
    41,
    121,
    675,
    102,
    -265,
    693,
    -530,
    -122,
    678,
    -654,
    -271,
    671,
    -625,
    -295,
    660,
    69,
    -277,
    667,
    73,
    276,
    703,
    -403,
    282,
    687,
    -528,
    -282,
    687,
    -528,
    273,
    668,
    -624,
    -273,
    668,
    -624,
    295,
    660,
    69,
    277,
    667,
    73,
    280,
    663,
    73,
    -262,
    707,
    -119,
    -280,
    663,
    73,
    -289,
    665,
    -619,
    289,
    665,
    -619
  ],
  "morphTargets": [],
  "morphColors": [],
  "normals": [
    -0.17895,
    0.98144,
    -0.068996,
    -0.32048,
    0.94709,
    0.017385,
    0.027699,
    0.99937,
    0.022155,
    -0.053398,
    0.97653,
    0.20865,
    -0.026798,
    0.98194,
    0.18729,
    0.037657,
    0.98512,
    0.16768,
    0.025612,
    0.99609,
    -0.084571,
    -0.00554,
    0.98806,
    -0.154,
    0.45778,
    0.60714,
    -0.64948,
    0.060057,
    0.97869,
    -0.19637,
    0.21126,
    0.96314,
    -0.1665,
    -0.34255,
    0.93758,
    -0.059975,
    -0.36026,
    0.91833,
    0.16395,
    -0.1976,
    0.96412,
    0.17725,
    0.21364,
    0.97563,
    -0.050046,
    0.36541,
    0.92949,
    0.05025,
    0.1636,
    0.97347,
    0.15997,
    0.27309,
    0.93045,
    0.24431,
    0.075111,
    0.95683,
    0.28078,
    -0.19847,
    0.96721,
    -0.15849,
    -0.0599,
    0.97873,
    -0.1962,
    -0.45778,
    0.60714,
    -0.64948,
    -0.37475,
    0.87259,
    0.3133,
    -0.26696,
    0.61657,
    0.74066,
    0.32822,
    0.94388,
    -0.037007,
    0.33856,
    0.92709,
    -0.16089,
    -0.33856,
    0.92709,
    -0.16089,
    0.55704,
    0.71437,
    -0.42353,
    -0.55704,
    0.71437,
    -0.42353,
    0.31778,
    0.88704,
    0.33492,
    0.47077,
    0.5728,
    0.67103,
    0.50347,
    0.67989,
    0.53316,
    -0.31171,
    0.94869,
    0.053083,
    -0.22791,
    0.035559,
    0.97303,
    -0.22233,
    0.95124,
    -0.21381,
    0.22233,
    0.95124,
    -0.21381
  ],
  "colors": [],
  "uvs": [
    []
  ],
  "faces": [
    34,
    0,
    1,
    2,
    0,
    0,
    1,
    2,
    34,
    3,
    4,
    5,
    0,
    3,
    4,
    5,
    34,
    0,
    6,
    7,
    0,
    0,
    6,
    7,
    34,
    8,
    9,
    10,
    0,
    8,
    9,
    10,
    34,
    1,
    11,
    12,
    0,
    1,
    11,
    12,
    34,
    5,
    13,
    3,
    0,
    5,
    13,
    3,
    34,
    14,
    15,
    16,
    0,
    14,
    15,
    16,
    34,
    5,
    2,
    1,
    0,
    5,
    2,
    1,
    34,
    17,
    5,
    18,
    0,
    17,
    5,
    18,
    34,
    19,
    20,
    21,
    0,
    19,
    20,
    21,
    34,
    22,
    23,
    13,
    0,
    22,
    23,
    13,
    34,
    15,
    17,
    16,
    0,
    15,
    17,
    16,
    34,
    16,
    24,
    14,
    0,
    16,
    24,
    14,
    34,
    24,
    25,
    10,
    0,
    24,
    25,
    10,
    34,
    11,
    1,
    0,
    0,
    11,
    1,
    0,
    34,
    19,
    26,
    11,
    0,
    19,
    26,
    11,
    34,
    27,
    10,
    25,
    0,
    27,
    10,
    25,
    34,
    26,
    19,
    28,
    0,
    26,
    19,
    28,
    34,
    13,
    23,
    3,
    0,
    13,
    23,
    3,
    34,
    13,
    12,
    22,
    0,
    13,
    12,
    22,
    34,
    29,
    16,
    17,
    0,
    29,
    16,
    17,
    34,
    6,
    10,
    7,
    0,
    6,
    10,
    7,
    34,
    15,
    14,
    2,
    0,
    15,
    14,
    2,
    34,
    17,
    18,
    30,
    0,
    17,
    18,
    30,
    34,
    17,
    31,
    29,
    0,
    17,
    31,
    29,
    34,
    15,
    5,
    17,
    0,
    15,
    5,
    17,
    34,
    5,
    15,
    2,
    0,
    5,
    15,
    2,
    34,
    20,
    19,
    7,
    0,
    20,
    19,
    7,
    34,
    5,
    32,
    13,
    0,
    5,
    32,
    13,
    34,
    12,
    13,
    32,
    0,
    12,
    13,
    32,
    34,
    10,
    14,
    24,
    0,
    10,
    14,
    24,
    34,
    10,
    6,
    14,
    0,
    10,
    6,
    14,
    34,
    5,
    4,
    18,
    0,
    5,
    4,
    18,
    34,
    7,
    10,
    9,
    0,
    7,
    10,
    9,
    34,
    7,
    19,
    0,
    0,
    7,
    19,
    0,
    34,
    11,
    0,
    19,
    0,
    11,
    0,
    19,
    34,
    23,
    33,
    3,
    0,
    23,
    33,
    3,
    34,
    22,
    33,
    23,
    0,
    22,
    33,
    23,
    34,
    12,
    32,
    1,
    0,
    12,
    32,
    1,
    34,
    1,
    32,
    5,
    0,
    1,
    32,
    5,
    34,
    21,
    20,
    28,
    0,
    21,
    20,
    28,
    34,
    21,
    28,
    19,
    0,
    21,
    28,
    19,
    34,
    27,
    9,
    8,
    0,
    27,
    9,
    8,
    34,
    10,
    27,
    8,
    0,
    10,
    27,
    8,
    34,
    18,
    31,
    30,
    0,
    18,
    31,
    30,
    34,
    17,
    30,
    31,
    0,
    17,
    30,
    31,
    34,
    2,
    6,
    0,
    0,
    2,
    6,
    0,
    34,
    6,
    2,
    14,
    0,
    6,
    2,
    14,
    34,
    28,
    34,
    26,
    0,
    28,
    34,
    26,
    34,
    25,
    35,
    27,
    0,
    25,
    35,
    27
  ]
}