{
  "metadata": {
    "formatVersion": 3.1,
    "sourceFile": "sideskirt.obj",
    "generatedBy": "OBJConverter",
    "vertices": 60,
    "faces": 93,
    "normals": 60,
    "colors": 0,
    "uvs": 0,
    "materials": 1
  },
  "scale": 0.5,
  "materials": [
    {
      "DbgColor": 15658734,
      "DbgIndex": 0,
      "DbgName": "04___Default",
      "colorAmbient": [
        0.5882353187,
        0.5882353187,
        0.5882353187
      ],
      "colorDiffuse": [
        0.5882353187,
        0.5882353187,
        0.5882353187
      ],
      "colorSpecular": [
        0,
        0,
        0
      ],
      "illumination": 2,
      "opacity": 1,
      "opticalDensity": 1.5,
      "specularCoef": 9.9999990463,
      "transparent": true
    }
  ],
  "vertices": [
    444,
    151,
    -54,
    430,
    91,
    210,
    430,
    93,
    -54,
    -430,
    93,
    -54,
    -430,
    91,
    210,
    -444,
    151,
    -54,
    -441,
    143,
    208,
    441,
    143,
    208,
    432,
    95,
    -284,
    443,
    158,
    -432,
    -443,
    158,
    -432,
    -432,
    95,
    -284,
    -436,
    90,
    516,
    -432,
    90,
    516,
    -437,
    139,
    516,
    -435,
    90,
    488,
    -439,
    141,
    351,
    439,
    141,
    351,
    435,
    90,
    488,
    437,
    139,
    516,
    432,
    90,
    516,
    436,
    90,
    516,
    434,
    95,
    -415,
    -440,
    138,
    516,
    -438,
    139,
    438,
    438,
    139,
    438,
    441,
    137,
    516,
    440,
    138,
    516,
    -434,
    95,
    -415,
    -443,
    171,
    -502,
    -444,
    157,
    -219,
    -440,
    173,
    -520,
    -443,
    172,
    -520,
    -433,
    96,
    -516,
    440,
    173,
    -520,
    444,
    157,
    -219,
    443,
    171,
    -502,
    433,
    96,
    -516,
    443,
    172,
    -520,
    437,
    96,
    -516,
    429,
    95,
    -284,
    -437,
    96,
    -516,
    -429,
    95,
    -284,
    -441,
    161,
    -296,
    -441,
    154,
    -97,
    441,
    161,
    -296,
    441,
    154,
    -97,
    -427,
    91,
    210,
    -431,
    89,
    488,
    -434,
    89,
    488,
    434,
    89,
    488,
    431,
    89,
    488,
    427,
    91,
    210,
    -427,
    93,
    -96,
    -436,
    140,
    489,
    -436,
    143,
    288,
    436,
    143,
    288,
    436,
    140,
    489,
    435,
    96,
    -440,
    -435,
    96,
    -440
  ],
  "morphTargets": [],
  "morphColors": [],
  "normals": [
    0.99121,
    0.13166,
    0.013028,
    0.63996,
    -0.76841,
    -0.0017672,
    0.65272,
    -0.75759,
    -0.0031825,
    -0.62791,
    -0.77828,
    -0.0037639,
    -0.63996,
    -0.76841,
    -0.0017673,
    -0.99121,
    0.13166,
    0.013027,
    -0.98045,
    0.19616,
    0.015357,
    0.98045,
    0.19616,
    0.015357,
    0.64534,
    -0.76387,
    -0.0054269,
    0.99465,
    -0.10322,
    -0.0039456,
    -0.99465,
    -0.10322,
    -0.0039459,
    -0.64534,
    -0.76387,
    -0.0054271,
    -0.55752,
    -0.59201,
    0.58197,
    -0.010206,
    -0.73287,
    0.6803,
    -0.25499,
    0.72943,
    0.63475,
    -0.94629,
    -0.32276,
    -0.019078,
    -0.86965,
    0.49366,
    0.0034339,
    0.86965,
    0.49366,
    0.0034341,
    0.94568,
    -0.32449,
    -0.0199,
    0.25499,
    0.72943,
    0.63475,
    0.010205,
    -0.73287,
    0.6803,
    0.55553,
    -0.59354,
    0.58232,
    0.65125,
    -0.75876,
    0.012126,
    -0.68161,
    0.41758,
    0.60086,
    -0.86444,
    0.50267,
    0.0073521,
    0.86438,
    0.50279,
    0.0068166,
    0.85671,
    0.078088,
    0.50986,
    0.54776,
    0.53678,
    0.64174,
    -0.65125,
    -0.75876,
    0.012125,
    -0.87981,
    0.47437,
    0.030091,
    -0.90584,
    0.42321,
    0.018708,
    -0.25595,
    0.70737,
    -0.65888,
    -0.6791,
    0.46152,
    -0.57081,
    -0.010252,
    -0.75073,
    -0.66053,
    0.25595,
    0.70737,
    -0.65888,
    0.90584,
    0.42321,
    0.018709,
    0.87981,
    0.47437,
    0.030091,
    0.010252,
    -0.75073,
    -0.66053,
    0.6791,
    0.46152,
    -0.57081,
    0.56155,
    -0.61034,
    -0.5587,
    0.013503,
    -0.99989,
    -0.0059361,
    -0.56155,
    -0.61034,
    -0.5587,
    -0.013204,
    -0.9999,
    -0.0059349,
    -0.084397,
    0.99514,
    0.050809,
    -0.25569,
    0.96616,
    0.033974,
    0.084397,
    0.99514,
    0.050809,
    0.25569,
    0.96616,
    0.033974,
    -0.013508,
    -0.99988,
    -0.0073828,
    -0.013501,
    -0.99986,
    0.010088,
    -0.48491,
    -0.87456,
    -0.0036862,
    0.48491,
    -0.87456,
    -0.0036861,
    0.013501,
    -0.99986,
    0.010088,
    0.013691,
    -0.99988,
    -0.0073801,
    -0.00032756,
    -0.99998,
    -0.0064569,
    -0.34308,
    0.93922,
    0.012962,
    -0.1596,
    0.98676,
    0.028969,
    0.1596,
    0.98676,
    0.028969,
    0.34308,
    0.93922,
    0.012962,
    0.95045,
    -0.31031,
    0.018845,
    -0.95045,
    -0.31031,
    0.018845
  ],
  "colors": [],
  "uvs": [
    []
  ],