{
  "metadata": {
    "formatVersion": 3.1,
    "sourceFile": "trunk.obj",
    "generatedBy": "OBJConverter",
    "vertices": 96,
    "faces": 150,
    "normals": 96,
    "colors": 0,
    "uvs": 0,
    "materials": 1
  },
  "scale": 0.5,
  "materials": [
    {
      "DbgColor": 15658734,
      "DbgIndex": 0,
      "DbgName": "04___Default",
      "colorAmbient": [
        0.5882353187,
        0.5882353187,
        0.5882353187
      ],
      "colorDiffuse": [
        0.5882353187,
        0.5882353187,
        0.5882353187
      ],
      "colorSpecular": [
        0,
        0,
        0
      ],
      "illumination": 2,
      "opacity": 1,
      "opticalDensity": 1.5,
      "specularCoef": 9.9999990463,
      "transparent": true
    }
  ],
  "vertices": [
    -91,
    544,
    -988,
    -179,
    524,
    -1122,
    -240,
    543,
    -961,
    93,
    504,
    -1189,
    93,
    523,
    -1184,
    241,
    520,
    -1157,
    121,
    364,
    -1174,
    -147,
    374,
    -1173,
    -100,
    445,
    -1152,
    100,
    445,
    -1152,
    312,
    517,
    -1109,
    -93,
    523,
    -1184,
    91,
    544,
    -988,
    3,
    495,
    -1188,
    -92,
    446,
    -1184,
    -93,
    504,
    -1189,
    -312,
    517,
    -1109,
    -320,
    527,
    -1001,
    -202,
    382,
    -1169,
    -175,
    416,
    -1174,
    152,
    320,
    -1181,
    139,
    320,
    -1179,
    0,
    320,
    -1187,
    175,
    416,
    -1174,
    202,
    382,
    -1169,
    147,
    374,
    -1173,
    -274,
    499,
    -1155,
    -300,
    463,
    -1144,
    -307,
    496,
    -1133,
    178,
    503,
    -1180,
    239,
    501,
    -1167,
    267,
    458,
    -1156,
    183,
    445,
    -1174,
    92,
    446,
    -1184,
    3,
    457,
    -1185,
    0,
    334,
    -1190,
    -139,
    334,
    -1183,
    -139,
    320,
    -1179,
    -152,
    320,
    -1181,
    9,
    446,
    -1116,
    -178,
    503,
    -1180,
    -183,
    445,
    -1174,
    -267,
    458,
    -1156,
    -215,
    341,
    -1169,
    269,
    341,
    -1158,
    215,
    341,
    -1169,
    307,
    496,
    -1133,
    300,
    463,
    -1144,
    274,
    499,
    -1155,
    240,
    543,
    -961,
    -241,
    520,
    -1157,
    -239,
    501,
    -1167,
    0,
    505,
    -1192,
    -169,
    444,
    -1174,
    -141,
    445,
    -1149,
    284,
    384,
    -1151,
    -269,
    341,
    -1158,
    -284,
    384,
    -1151,
    141,
    445,
    -1149,
    169,
    444,
    -1174,
    320,
    527,
    -1001,
    -224,
    321,
    -1168,
    139,
    334,
    -1183,
    224,
    321,
    -1168,
    171,
    445,
    -1172,
    -315,
    530,
    -967,
    -295,
    542,
    -939,
    295,
    542,
    -939,
    315,
    530,
    -967,
    -299,
    463,
    -1140,
    299,
    463,
    -1140,
    -263,
    332,
    -1155,
    -172,
    445,
    -1171,
    -182,
    444,
    -1171,
    182,
    444,
    -1171,
    172,
    445,
    -1171,
    -9,
    446,
    -1116,
    -171,
    445,
    -1172,
    263,
    332,
    -1155,
    313,
    514,
    -1107,
    308,
    496,
    -1129,
    320,
    524,
    -1001,
    -308,
    496,
    -1129,
    -313,
    514,
    -1107,
    -320,
    524,
    -1001,
    176,
    541,
    -976,
    295,
    539,
    -938,
    -295,
    539,
    -938,
    -176,
    541,
    -976,
    224,
    320,
    -1164,
    -224,
    320,
    -1164,
    0,
    542,
    -991,
    202,
    383,
    -1165,
    -202,
    383,
    -1165,
    179,
    401,
    -1170,
    -179,
    401,
    -1170
  ],
  "morphTargets": [],
  "morphColors": [],
  "normals": [
    0.017337,
    0.9719,
    0.23476,
    -0.040472,
    0.99558,
    -0.084772,
    0.016963,
    0.988,
    0.1535,
    0.076,
    0.092501,
    -0.99281,
    0.066745,
    0.80623,
    -0.58783,
    0.19597,
    0.84434,
    -0.49868,
    -0.032119,
    0.27147,
    -0.96191,
    0.00085432,
    0.17497,
    -0.98457,
    -0.011353,
    0.80396,
    -0.59458,
    0.018887,
    0.79627,
    -0.60464,
    0.69302,
    0.66094,
    -0.2879,
    -0.072771,
    0.76092,
    -0.64475,
    -0.009142,
    0.9719,
    0.23521,
    0.0022012,
    -0.22054,
    -0.97537,
    -0.031177,
    -0.72543,
    -0.68759,
    -0.076079,
    0.092576,
    -0.99279,
    -0.69563,
    0.66236,
    -0.27817,
    -0.72684,
    0.68478,
    -0.052644,
    -0.32614,
    0.3826,
    -0.86444,
    -0.33411,
    -0.0089772,
    -0.94249,
    0.11802,
    -0.69634,
    -0.70795,
    0.0055193,
    -0.99748,
    -0.070701,
    1.432e-7,
    -0.26512,
    -0.96422,
    0.33411,
    -0.0089773,
    -0.94249,
    0.32614,
    0.3826,
    -0.86444,
    0.055697,
    0.064258,
    -0.99638,
    -0.44209,
    0.31134,
    -0.84121,
    -0.66358,
    -0.55317,
    -0.50366,
    -0.83782,
    0.18726,
    -0.51283,
    0.14025,
    0.28381,
    -0.94857,
    0.25842,
    0.17215,
    -0.95057,
    0.30968,
    -0.67078,
    -0.67391,
    0.17581,
    -0.78834,
    -0.58958,
    0.031239,
    -0.72541,
    -0.68761,
    0.00035936,
    -0.10734,
    -0.99422,
    -0.018181,
    0.17958,
    -0.98358,
    -0.080458,
    0.073948,
    -0.99401,
    -0.0055193,
    -0.99748,
    -0.070701,
    -0.11802,
    -0.69634,
    -0.70795,
    -0.0012559,
    -1,
    0.00077695,
    -0.14025,
    0.28381,
    -0.94857,
    -0.17581,
    -0.78834,
    -0.58958,
    -0.30968,
    -0.67078,
    -0.67391,
    -0.17948,
    -0.016237,
    -0.98363,
    0.85004,
    -0.34361,
    -0.39919,
    0.17948,
    -0.016237,
    -0.98363,
    0.83762,
    0.18775,
    -0.51297,
    0.66358,
    -0.55317,
    -0.50366,
    0.44237,
    0.31212,
    -0.84077,
    -0.023251,
    0.98767,
    0.15484,
    -0.21157,
    0.8226,
    -0.5278,
    -0.25842,
    0.17215,
    -0.95057,
    -0.0023172,
    -0.0053782,
    -0.99998,
    0.13313,
    0.63202,
    -0.76343,
    0.25866,
    0.34255,
    -0.90319,
    0.28221,
    0.094432,
    -0.95469,
    -0.85004,
    -0.34361,
    -0.39919,
    -0.28221,
    0.094431,
    -0.95469,
    -0.30988,
    0.40144,
    -0.86187,
    -0.089693,
    0.65034,
    -0.75433,
    0.73638,
    0.67538,
    -0.040066,
    -0.23009,
    -0.66788,
    -0.70782,
    0.081544,
    0.080042,
    -0.99345,
    0.23009,
    -0.66788,
    -0.70782,
    0.014176,
    -0.99761,
    -0.06761,
    -0.20033,
    0.97282,
    -0.11617,
    -0.24053,
    0.71466,
    0.65682,
    0.24053,
    0.71466,
    0.65682,
    0.20034,
    0.97282,
    -0.11617,
    -0.74844,
    -0.66283,
    -0.022221,
    0.74844,
    -0.66283,
    -0.022221,
    -0.51331,
    -0.5745,
    -0.63754,
    -0.014081,
    0.99532,
    -0.095574,
    -0.3348,
    0.20319,
    -0.92012,
    0.3348,
    0.20319,
    -0.92012,
    0.014081,
    0.99532,
    -0.095574,
    0.0012559,
    -1,
    0.00077695,
    -0.014176,
    -0.99761,
    -0.06761,
    0.51331,
    -0.5745,
    -0.63754,
    0.98833,
    0.062429,
    -0.13895,
    0.9837,
    -0.16641,
    -0.068205,
    0.99409,
    0.10768,
    0.013868,
    -0.9837,
    -0.16641,
    -0.068205,
    -0.98833,
    0.062429,
    -0.13895,
    -0.99409,
    0.10768,
    0.013868,
    -0.12016,
    -0.76752,
    0.62967,
    0.36362,
    0.13095,
    0.9223,
    -0.36362,
    0.13095,
    0.9223,
    0.12016,
    -0.76752,
    0.62967,
    0.17128,
    -0.98438,
    -0.040726,
    -0.17128,
    -0.98438,
    -0.040726,
    -5.41e-8,
    -0.78668,
    0.61737,
    0.37358,
    0.91178,
    -0.17058,
    -0.37358,
    0.91178,
    -0.17058,
    0.21116,
    0.34036,
    0.91628,
    -0.21116,
    0.34036,
    0.91628
  ],
  "colors": [],
  "uvs": [
    []
  ],