{
  "metadata": {
    "formatVersion": 3.1,
    "sourceFile": "glass.obj",
    "generatedBy": "OBJConverter",
    "vertices": 57,
    "faces": 54,
    "normals": 57,
    "colors": 0,
    "uvs": 0,
    "materials": 1
  },
  "scale": 0.5,
  "materials": [
    {
      "DbgColor": 15658734,
      "DbgIndex": 0,
      "DbgName": "Standard_18",
      "colorAmbient": [
        0.2431,
        0.2863,
        0.4353
      ],
      "colorDiffuse": [
        0.2431,
        0.2863,
        0.4353
      ],
      "colorSpecular": [
        0.792,
        0.792,
        0.792
      ],
      "illumination": 2,
      "opacity": 1,
      "opticalDensity": 1.5,
      "specularCoef": 39,
      "transparent": true
    }
  ],
  "vertices": [
    -39,
    592,
    -965,
    1,
    699,
    -663,
    199,
    647,
    -804,
    -42,
    593,
    347,
    219,
    590,
    336,
    118,
    672,
    187,
    163,
    562,
    -1021,
    328,
    593,
    -908,
    312,
    663,
    161,
    -356,
    622,
    -131,
    -403,
    517,
    -105,
    -381,
    540,
    312,
    384,
    540,
    312,
    406,
    517,
    -105,
    359,
    622,
    -131,
    406,
    522,
    -191,
    387,
    541,
    -658,
    348,
    640,
    -530,
    -345,
    640,
    -530,
    -384,
    541,
    -658,
    -403,
    522,
    -191,
    -309,
    663,
    161,
    -339,
    602,
    284,
    -124,
    626,
    281,
    -360,
    618,
    -200,
    363,
    618,
    -200,
    -325,
    593,
    -908,
    -196,
    647,
    -804,
    -115,
    672,
    187,
    -333,
    647,
    123,
    336,
    647,
    123,
    -293,
    687,
    -637,
    92,
    497,
    509,
    -268,
    535,
    424,
    -89,
    497,
    509,
    150,
    696,
    -656,
    313,
    650,
    -759,
    361,
    492,
    475,
    -146,
    696,
    -656,
    322,
    553,
    -1001,
    -38,
    565,
    -1027,
    -319,
    553,
    -1001,
    342,
    602,
    284,
    314,
    694,
    -150,
    -311,
    694,
    -150,
    1,
    699,
    125,
    -291,
    688,
    97,
    326,
    681,
    -455,
    315,
    695,
    -209,
    -312,
    695,
    -209,
    -323,
    681,
    -455,
    294,
    688,
    97,
    -357,
    492,
    475,
    -400,
    486,
    389,
    403,
    486,
    389,
    149,
    696,
    118,
    296,
    687,
    -637
  ],
  "morphTargets": [],
  "morphColors": [],
  "normals": [
    -0.019325,
    0.92493,
    -0.37965,
    0.00030859,
    0.94617,
    -0.32366,
    0.064436,
    0.94014,
    -0.33464,
    -0.0080163,
    0.87733,
    0.47981,
    0.077478,
    0.87764,
    0.47301,
    0.049927,
    0.91215,
    0.4068,
    0.05812,
    0.92314,
    -0.38006,
    0.093898,
    0.92257,
    -0.37422,
    0.093786,
    0.91684,
    0.38808,
    -0.87482,
    0.48374,
    0.026313,
    -0.90858,
    0.41683,
    0.027115,
    -0.92246,
    0.38485,
    0.030924,
    0.92246,
    0.38485,
    0.030924,
    0.90858,
    0.41683,
    0.027115,
    0.87482,
    0.48374,
    0.026313,
    0.91422,
    0.40498,
    -0.013711,
    0.92083,
    0.38944,
    -0.020246,
    0.91049,
    0.41331,
    -0.013625,
    -0.91049,
    0.41331,
    -0.013625,
    -0.92083,
    0.38944,
    -0.020246,
    -0.91422,
    0.40498,
    -0.013711,
    -0.094039,
    0.91716,
    0.38726,
    -0.10235,
    0.88717,
    0.44994,
    -0.050158,
    0.89023,
    0.45273,
    -0.88663,
    0.46242,
    -0.0071876,
    0.88663,
    0.46242,
    -0.0071876,
    -0.090643,
    0.92347,
    -0.37281,
    -0.077639,
    0.94008,
    -0.33201,
    -0.052669,
    0.92312,
    0.3809,
    -0.88401,
    0.46626,
    0.033685,
    0.88401,
    0.46626,
    0.033685,
    -0.11302,
    0.94788,
    -0.29792,
    0.036707,
    0.86239,
    0.50491,
    -0.095532,
    0.85732,
    0.50583,
    -0.033781,
    0.85889,
    0.51105,
    0.058639,
    0.95232,
    -0.2994,
    0.10005,
    0.94515,
    -0.31093,
    0.09664,
    0.85788,
    0.50468,
    -0.059851,
    0.95201,
    -0.30015,
    0.098012,
    0.91254,
    -0.39707,
    -0.024745,
    0.91382,
    -0.40536,
    -0.074144,
    0.91498,
    -0.39662,
    0.1039,
    0.88727,
    0.4494,
    0.84687,
    0.53125,
    0.024246,
    -0.84687,
    0.53125,
    0.024246,
    -0.0060803,
    0.92623,
    0.37692,
    -0.084771,
    0.93882,
    0.33381,
    0.8867,
    0.46215,
    0.013605,
    0.85325,
    0.52149,
    -0.00012546,
    -0.85325,
    0.52149,
    -0.00012546,
    -0.8867,
    0.46215,
    0.013605,
    0.094081,
    0.93175,
    0.35071,
    -0.11557,
    0.84938,
    0.51497,
    -0.92858,
    0.36986,
    0.030752,
    0.92858,
    0.36986,
    0.030752,
    0.082269,
    0.92664,
    0.36684,
    0.094381,
    0.9543,
    -0.28356
  ],
  "colors": [],
  "uvs": [
    []
  ],