{
  "metadata": {
    "formatVersion": 3.1,
    "sourceFile": "hood.obj",
    "generatedBy": "OBJConverter",
    "vertices": 33,
    "faces": 50,
    "normals": 33,
    "colors": 0,
    "uvs": 0,
    "materials": 1
  },
  "scale": 0.5,
  "materials": [
    {
      "DbgColor": 15658734,
      "DbgIndex": 0,
      "DbgName": "Standard_18",
      "colorAmbient": [
        0.987,
        0.987,
        0.987
      ],
      "colorDiffuse": [
        0.987,
        0.987,
        0.987
      ],
      "colorSpecular": [
        0.936,
        0.936,
        0.936
      ],
      "illumination": 2,
      "opacity": 1,
      "opticalDensity": 1.5,
      "specularCoef": 20,
      "transparent": true
    }
  ],
  "vertices": [
    -68,
    519,
    522,
    -328,
    464,
    784,
    75,
    471,
    783,
    331,
    464,
    784,
    362,
    514,
    477,
    -232,
    376,
    1051,
    -300,
    433,
    903,
    266,
    398,
    1003,
    59,
    364,
    1094,
    406,
    425,
    828,
    398,
    451,
    625,
    314,
    445,
    864,
    272,
    353,
    1049,
    365,
    383,
    974,
    -395,
    451,
    625,
    -403,
    425,
    828,
    -362,
    383,
    974,
    -269,
    353,
    1049,
    -203,
    342,
    1084,
    -52,
    347,
    1107,
    -359,
    514,
    477,
    206,
    342,
    1084,
    235,
    376,
    1051,
    360,
    504,
    475,
    -357,
    504,
    475,
    -396,
    397,
    914,
    399,
    397,
    914,
    -33,
    509,
    521,
    1,
    340,
    1101,
    -391,
    442,
    623,
    394,
    442,
    623,
    203,
    338,
    1076,
    -200,
    338,
    1076
  ],
  "morphTargets": [],
  "morphColors": [],
  "normals": [
    0.052593,
    0.908,
    -0.41567,
    -0.21765,
    0.95484,
    0.20225,
    0.0053074,
    0.97035,
    0.24163,
    0.2216,
    0.95567,
    0.19388,
    0.54667,
    0.6171,
    -0.56598,
    -0.22797,
    0.77036,
    0.59546,
    -0.14437,
    0.92568,
    0.34967,
    0.38538,
    0.80711,
    0.44727,
    0.047755,
    0.63902,
    0.76771,
    0.91961,
    0.37033,
    0.13106,
    0.97241,
    0.22884,
    -0.045245,
    0.16393,
    0.93442,
    0.31621,
    0.41059,
    0.64578,
    0.64373,
    0.15096,
    0.89031,
    0.4296,
    -0.97241,
    0.22884,
    -0.045245,
    -0.91961,
    0.37033,
    0.13106,
    -0.19695,
    0.87213,
    0.44788,
    -0.38648,
    0.68363,
    0.6191,
    -0.29688,
    -0.24788,
    0.92218,
    -0.084471,
    -0.036793,
    0.99575,
    -0.53608,
    0.61478,
    -0.5785,
    0.29822,
    -0.25166,
    0.92072,
    0.23286,
    0.72975,
    0.64284,
    0.53365,
    -0.043852,
    -0.84457,
    -0.51552,
    -0.02851,
    -0.8564,
    -0.35699,
    0.87127,
    0.33681,
    0.35291,
    0.87126,
    0.34111,
    -0.092498,
    -0.27161,
    -0.95795,
    0.07358,
    -0.23784,
    0.96851,
    -0.90444,
    -0.37046,
    -0.21154,
    0.90444,
    -0.37046,
    -0.21154,
    0.17755,
    -0.89768,
    0.4033,
    -0.17755,
    -0.89768,
    0.4033
  ],
  "colors": [],
  "uvs": [
    []
  ],
  "faces": [
    34,
    0,
    1,
    2,
    0,
    0,
    1,
    2,
    34,
    3,
    4,
    0,
    0,
    3,
    4,
    0,
    34,
    5,
    2,
    6,
    0,
    5,
    2,
    6,
    34,
    2,
    5,
    7,
    0,
    2,
    5,
    7,
    34,
    8,
    7,
    5,
    0,
    8,
    7,
    5,
    34,
    9,
    10,
    3,
    0,
    9,
    10,
    3,
    34,
    11,
    12,
    13,
    0,
    11,
    12,
    13,
    34,
    1,
    14,
    15,
    0,
    1,
    14,
    15,
    34,
    16,
    17,
    6,
    0,
    16,
    17,
    6,
    34,
    18,
    19,
    5,
    0,
    18,
    19,
    5,
    34,
    6,
    17,
    5,
    0,
    6,
    17,
    5,
    34,
    0,
    20,
    1,
    0,
    0,
    20,
    1,
    34,
    21,
    22,
    8,
    0,
    21,
    22,
    8,
    34,
    12,
    22,
    21,
    0,
    12,
    22,
    21,
    34,
    7,
    12,
    11,
    0,
    7,
    12,
    11,
    34,
    10,
    4,
    3,
    0,
    10,
    4,
    3,
    34,
    1,
    20,
    14,
    0,
    1,
    20,
    14,
    34,
    18,
    5,
    17,
    0,
    18,
    5,
    17,
    34,
    8,
    5,
    19,
    0,
    8,
    5,
    19,
    34,
    8,
    19,
    21,
    0,
    8,
    19,
    21,
    34,
    23,
    0,
    4,
    0,
    23,
    0,
    4,
    34,
    23,
    4,
    10,
    0,
    23,
    4,
    10,
    34,
    14,
    20,
    24,
    0,
    14,
    20,
    24,
    34,
    20,
    0,
    24,
    0,
    20,
    0,
    24,
    34,
    6,
    2,
    1,
    0,
    6,
    2,
    1,
    34,
    25,
    6,
    1,
    0,
    25,
    6,
    1,
    34,
    2,
    3,
    0,
    0,
    2,
    3,
    0,
    34,
    7,
    11,
    2,
    0,
    7,
    11,
    2,
    34,
    26,
    9,
    3,
    0,
    26,
    9,
    3,
    34,
    26,
    10,
    9,
    0,
    26,
    10,
    9,
    34,
    15,
    14,
    25,
    0,
    15,
    14,
    25,
    34,
    1,
    15,
    25,
    0,
    1,
    15,
    25,
    34,
    0,
    23,
    27,
    0,
    0,
    23,
    27,
    34,
    27,
    24,
    0,
    0,
    27,
    24,
    0,
    34,
    19,
    18,
    28,
    0,
    19,
    18,
    28,
    34,
    28,
    21,
    19,
    0,
    28,
    21,
    19,
    34,
    3,
    2,
    11,
    0,
    3,
    2,
    11,
    34,
    3,
    11,
    26,
    0,
    3,
    11,
    26,
    34,
    29,
    25,
    14,
    0,
    29,
    25,
    14,
    34,
    24,
    29,
    14,
    0,
    24,
    29,
    14,
    34,
    10,
    30,
    23,
    0,
    10,
    30,
    23,
    34,
    10,
    26,
    30,
    0,
    10,
    26,
    30,
    34,
    13,
    26,
    11,
    0,
    13,
    26,
    11,
    34,
    6,
    25,
    16,
    0,
    6,
    25,
    16,
    34,
    8,
    22,
    7,
    0,
    8,
    22,
    7,
    34,
    12,
    7,
    22,
    0,
    12,
    7,
    22,
    34,
    21,
    28,
    31,
    0,
    21,
    28,
    31,
    34,
    12,
    21,
    31,
    0,
    12,
    21,
    31,
    34,
    32,
    28,
    18,
    0,
    32,
    28,
    18,
    34,
    32,
    18,
    17,
    0,
    32,
    18,
    17
  ]
}