{
  "metadata": {
    "formatVersion": 3.1,
    "sourceFile": "lens.obj",
    "generatedBy": "OBJConverter",
    "vertices": 47,
    "faces": 46,
    "normals": 53,
    "colors": 0,
    "uvs": 0,
    "materials": 1
  },
  "scale": 0.5,
  "materials": [
    {
      "DbgColor": 15658734,
      "DbgIndex": 0,
      "DbgName": "Standard_18",
      "colorAmbient": [
        0.2431,
        0.2863,
        0.4353
      ],
      "colorDiffuse": [
        0.2431,
        0.2863,
        0.4353
      ],
      "colorSpecular": [
        0.792,
        0.792,
        0.792
      ],
      "illumination": 2,
      "opacity": 1,
      "opticalDensity": 1.5,
      "specularCoef": 39,
      "transparent": true
    }
  ],
  "vertices": [
    164,
    477,
    -1235,
    369,
    484,
    -1187,
    306,
    472,
    -1221,
    -303,
    472,
    -1221,
    -366,
    484,
    -1187,
    -161,
    477,
    -1235,
    -370,
    386,
    969,
    -305,
    318,
    1074,
    -253,
    350,
    1061,
    257,
    350,
    1061,
    308,
    318,
    1074,
    373,
    386,
    969,
    -391,
    306,
    1034,
    394,
    306,
    1034,
    386,
    401,
    -1174,
    370,
    476,
    -1200,
    401,
    417,
    -1130,
    327,
    390,
    -1221,
    -323,
    390,
    -1221,
    -383,
    401,
    -1174,
    -367,
    476,
    -1200,
    -398,
    417,
    -1130,
    -374,
    478,
    -1188,
    -276,
    280,
    1101,
    279,
    280,
    1101,
    226,
    308,
    1096,
    -223,
    308,
    1096,
    202,
    422,
    -1239,
    289,
    414,
    -1230,
    320,
    410,
    -1220,
    -317,
    410,
    -1220,
    -286,
    414,
    -1230,
    -199,
    422,
    -1239,
    -179,
    449,
    -1241,
    183,
    449,
    -1241,
    408,
    444,
    -1077,
    396,
    486,
    -1075,
    -393,
    486,
    -1075,
    -405,
    444,
    -1077,
    422,
    321,
    996,
    -419,
    321,
    996,
    402,
    400,
    918,
    421,
    391,
    913,
    -418,
    391,
    913,
    -399,
    400,
    918,
    405,
    470,
    -1054,
    -402,
    470,
    -1054
  ],
  "morphTargets": [],
  "morphColors": [],
  "normals": [
    0.10765,
    0.3457,
    -0.93215,
    0.63395,
    0.68082,
    -0.36687,
    0.17377,
    0.67022,
    -0.72153,
    -0.17377,
    0.67022,
    -0.72153,
    -0.39129,
    0.83778,
    -0.38082,
    -0.10765,
    0.3457,
    -0.93215,
    -0.48445,
    0.65585,
    0.57894,
    -0.35594,
    0.52416,
    0.77367,
    -0.21272,
    0.6366,
    0.74127,
    0.21272,
    0.6366,
    0.74127,
    0.35594,
    0.52416,
    0.77367,
    0.48445,
    0.65585,
    0.57894,
    -0.43461,
    0.59845,
    0.67303,
    0.43461,
    0.59845,
    0.67303,
    0.82529,
    -0.018199,
    -0.56442,
    0.61279,
    0.42073,
    -0.66893,
    0.94615,
    0.17184,
    -0.27436,
    0.47331,
    -0.027239,
    -0.88048,
    -0.47331,
    -0.027239,
    -0.88048,
    -0.82221,
    -0.037213,
    -0.56796,
    -0.5374,
    0.40455,
    -0.73996,
    -0.95649,
    0.12788,
    -0.26223,
    -0.79598,
    0.4727,
    -0.37811,
    -0.43945,
    0.2924,
    0.84934,
    0.43945,
    0.2924,
    0.84934,
    0.15177,
    0.56549,
    0.81067,
    -0.15177,
    0.56549,
    0.81067,
    0.13634,
    0.046834,
    -0.98955,
    0.18322,
    0.095061,
    -0.97847,
    0.090565,
    -0.62396,
    -0.77619,
    0.28551,
    0.083823,
    -0.9547,
    -0.28551,
    0.083823,
    -0.9547,
    -0.090565,
    -0.62396,
    -0.77619,
    -0.18322,
    0.095061,
    -0.97847,
    -0.13634,
    0.046834,
    -0.98955,
    -0.1073,
    0.24921,
    -0.96249,
    0.1073,
    0.24921,
    -0.96249,
    0.9421,
    0.26055,
    -0.2111,
    0.93791,
    0.28269,
    -0.20102,
    -0.93803,
    0.29798,
    -0.17692,
    -0.95045,
    0.24776,
    -0.18775,
    0.49721,
    0.63585,
    0.59032,
    -0.49721,
    0.63585,
    0.59032,
    0.51658,
    0.66401,
    0.54059,
    0.48505,
    0.67315,
    0.55821,
    -0.48505,
    0.67315,
    0.55821,
    -0.51658,
    0.66401,
    0.54059,
    -0.14686,
    0.054245,
    -0.98767,
    0.14686,
    0.054245,
    -0.98767,
    0.94555,
    0.27643,
    -0.17182,
    -0.94555,
    0.27643,
    -0.17182,
    0.30107,
    -0.058416,
    -0.95181,
    -0.30107,
    -0.058416,
    -0.95181
  ],
  "colors": [],
  "uvs": [
    []
  ],
  "faces": [
    34,
    0,
    1,
    2,
    0,
    0,
    1,
    2,
    34,
    3,
    4,
    5,
    0,
    3,
    4,
    5,
    34,
    6,
    7,
    8,
    0,
    6,
    7,
    8,
    34,
    9,
    10,
    11,
    0,
    9,
    10,
    11,
    34,
    7,
    6,
    12,
    0,
    7,
    6,
    12,
    34,
    13,
    11,
    10,
    0,
    13,
    11,
    10,
    34,
    14,
    15,
    16,
    0,
    14,
    15,
    16,
    34,
    15,
    14,
    17,
    0,
    15,
    14,
    17,
    34,
    18,
    19,
    20,
    0,
    18,
    19,
    20,
    34,
    21,
    22,
    19,
    0,
    21,
    22,
    19,
    34,
    12,
    23,
    7,
    0,
    12,
    23,
    7,
    34,
    10,
    24,
    13,
    0,
    10,
    24,
    13,
    34,
    9,
    25,
    10,
    0,
    9,
    25,
    10,
    34,
    7,
    26,
    8,
    0,
    7,
    26,
    8,
    34,
    27,
    2,
    28,
    0,
    27,
    28,
    29,
    34,
    15,
    29,
    2,
    0,
    15,
    30,
    2,
    34,
    3,
    30,
    20,
    0,
    3,
    31,
    20,
    34,
    31,
    3,
    32,
    0,
    32,
    33,
    34,
    34,
    5,
    33,
    3,
    0,
    5,
    35,
    3,
    34,
    2,
    34,
    0,
    0,
    2,
    36,
    0,
    34,
    35,
    15,
    36,
    0,
    37,
    15,
    38,
    34,
    37,
    22,
    38,
    0,
    39,
    22,
    40,
    34,
    1,
    15,
    2,
    0,
    1,
    15,
    2,
    34,
    15,
    1,
    36,
    0,
    15,
    1,
    38,
    34,
    3,
    20,
    4,
    0,
    3,
    20,
    4,
    34,
    37,
    4,
    22,
    0,
    39,
    4,
    22,
    34,
    11,
    13,
    39,
    0,
    11,
    13,
    41,
    34,
    40,
    12,
    6,
    0,
    42,
    12,
    6,
    34,
    17,
    29,
    15,
    0,
    17,
    30,
    15,
    34,
    20,
    30,
    18,
    0,
    20,
    31,
    18,
    34,
    41,
    39,
    42,
    0,
    43,
    41,
    44,
    34,
    43,
    40,
    44,
    0,
    45,
    42,
    46,
    34,
    3,
    33,
    32,
    0,
    33,
    47,
    34,
    34,
    27,
    34,
    2,
    0,
    27,
    48,
    28,
    34,
    39,
    41,
    11,
    0,
    41,
    43,
    11,
    34,
    6,
    44,
    40,
    0,
    6,
    46,
    42,
    34,
    35,
    16,
    15,
    0,
    37,
    16,
    15,
    34,
    22,
    21,
    38,
    0,
    22,
    21,
    40,
    34,
    35,
    36,
    45,
    0,
    37,
    38,
    49,
    34,
    46,
    37,
    38,
    0,
    50,
    39,
    40,
    34,
    28,
    2,
    29,
    0,
    29,
    28,
    51,
    34,
    28,
    29,
    27,
    0,
    29,
    51,
    27,
    34,
    30,
    3,
    31,
    0,
    52,
    33,
    32,
    34,
    32,
    30,
    31,
    0,
    34,
    52,
    32,
    34,
    20,
    19,
    22,
    0,
    20,
    19,
    22,
    34,
    20,
    22,
    4,
    0,
    20,
    22,
    4
  ]
}