{
  "metadata": {
    "formatVersion": 3.1,
    "sourceFile": "reflector.obj",
    "generatedBy": "OBJConverter",
    "vertices": 35,
    "faces": 38,
    "normals": 35,
    "colors": 0,
    "uvs": 0,
    "materials": 1
  },
  "scale": 0.5,
  "materials": [
    {
      "DbgColor": 15658734,
      "DbgIndex": 0,
      "DbgName": "Standard_18",
      "colorAmbient": [
        0.5879999995,
        0.5879999995,
        0.5879999995
      ],
      "colorDiffuse": [
        0.5879999995,
        0.5879999995,
        0.5879999995
      ],
      "colorSpecular": [
        0,
        0,
        0
      ],
      "illumination": 2,
      "opacity": 1,
      "opticalDensity": 1.5,
      "specularCoef": 10,
      "transparent": true
    }
  ],
  "vertices": [
    422,
    562,
    300,
    422,
    527,
    322,
    507,
    540,
    278,
    -504,
    540,
    278,
    -419,
    527,
    322,
    -419,
    562,
    300,
    -469,
    566,
    260,
    517,
    549,
    244,
    472,
    566,
    260,
    467,
    500,
    291,
    422,
    499,
    310,
    422,
    500,
    280,
    421,
    512,
    322,
    423,
    568,
    279,
    -419,
    500,
    280,
    -418,
    512,
    322,
    -464,
    500,
    291,
    -419,
    566,
    279,
    479,
    513,
    295,
    527,
    521,
    240,
    519,
    517,
    272,
    -475,
    513,
    295,
    -516,
    517,
    272,
    -524,
    521,
    240,
    -514,
    549,
    244,
    524,
    522,
    242,
    425,
    504,
    280,
    425,
    563,
    279,
    -422,
    563,
    279,
    -422,
    504,
    280,
    -521,
    522,
    242,
    468,
    501,
    264,
    -465,
    501,
    264,
    520,
    542,
    244,
    -517,
    542,
    244
  ],
  "morphTargets": [],
  "morphColors": [],
  "normals": [
    -0.53022,
    0.65656,
    0.53647,
    -0.43522,
    0.24032,
    0.86766,
    0.60951,
    0.46813,
    0.6398,
    -0.60951,
    0.46813,
    0.6398,
    0.43522,
    0.24032,
    0.86766,
    0.51399,
    0.67007,
    0.53555,
    -0.34027,
    0.83184,
    0.43848,
    0.76002,
    0.52913,
    0.37735,
    0.34502,
    0.82681,
    0.44424,
    0.21721,
    -0.88111,
    0.42009,
    -0.53454,
    -0.7615,
    0.36659,
    -0.64747,
    -0.76123,
    -0.036232,
    -0.48343,
    -0.29344,
    0.82474,
    -0.44653,
    0.86194,
    0.24015,
    0.59416,
    -0.79234,
    0.13847,
    0.47852,
    -0.43247,
    0.76419,
    -0.17683,
    -0.88392,
    0.43293,
    0.51068,
    0.84116,
    0.17795,
    0.4538,
    -0.17604,
    0.87354,
    0.95629,
    -0.011549,
    0.29219,
    0.7603,
    -0.50176,
    0.41252,
    -0.4538,
    -0.17604,
    0.87354,
    -0.7603,
    -0.50176,
    0.41252,
    -0.95629,
    -0.011549,
    0.29219,
    -0.76002,
    0.52913,
    0.37735,
    -0.35031,
    -0.00015146,
    -0.93664,
    -0.35612,
    -0.016334,
    -0.9343,
    -0.35506,
    -0.013365,
    -0.93475,
    0.35506,
    -0.013365,
    -0.93475,
    0.35612,
    -0.016334,
    -0.9343,
    0.35031,
    -0.00015145,
    -0.93664,
    0.010625,
    -0.99984,
    -0.014718,
    -0.010625,
    -0.99984,
    -0.014718,
    -0.34709,
    0.0086661,
    -0.93779,
    0.34709,
    0.0086661,
    -0.93779
  ],
  "colors": [],
  "uvs": [
    []
  ],
  "faces": [
    34,
    0,
    1,
    2,
    0,
    0,
    1,
    2,
    34,
    3,
    4,
    5,
    0,
    3,
    4,
    5,
    34,
    3,
    5,
    6,
    0,
    3,
    5,
    6,
    34,
    2,
    7,
    8,
    0,
    2,
    7,
    8,
    34,
    9,
    10,
    11,
    0,
    9,
    10,
    11,
    34,
    12,
    13,
    11,
    0,
    12,
    13,
    11,
    34,
    14,
    15,
    16,
    0,
    14,
    15,
    16,
    34,
    14,
    17,
    15,
    0,
    14,
    17,
    15,
    34,
    2,
    1,
    18,
    0,
    2,
    1,
    18,
    34,
    18,
    19,
    20,
    0,
    18,
    19,
    20,
    34,
    21,
    4,
    3,
    0,
    21,
    4,
    3,
    34,
    22,
    23,
    21,
    0,
    22,
    23,
    21,
    34,
    3,
    24,
    23,
    0,
    3,
    24,
    23,
    34,
    25,
    26,
    27,
    0,
    25,
    26,
    27,
    34,
    28,
    29,
    30,
    0,
    28,
    29,
    30,
    34,
    19,
    7,
    2,
    0,
    19,
    7,
    2,
    34,
    8,
    0,
    2,
    0,
    8,
    0,
    2,
    34,
    13,
    12,
    0,
    0,
    13,
    12,
    0,
    34,
    11,
    31,
    9,
    0,
    11,
    31,
    9,
    34,
    16,
    32,
    14,
    0,
    16,
    32,
    14,
    34,
    17,
    6,
    5,
    0,
    17,
    6,
    5,
    34,
    5,
    15,
    17,
    0,
    5,
    15,
    17,
    34,
    18,
    12,
    9,
    0,
    18,
    12,
    9,
    34,
    16,
    15,
    21,
    0,
    16,
    15,
    21,
    34,
    12,
    18,
    1,
    0,
    12,
    18,
    1,
    34,
    12,
    1,
    0,
    0,
    12,
    1,
    0,
    34,
    5,
    4,
    15,
    0,
    5,
    4,
    15,
    34,
    4,
    21,
    15,
    0,
    4,
    21,
    15,
    34,
    20,
    19,
    2,
    0,
    20,
    19,
    2,
    34,
    18,
    20,
    2,
    0,
    18,
    20,
    2,
    34,
    3,
    22,
    21,
    0,
    3,
    22,
    21,
    34,
    3,
    23,
    22,
    0,
    3,
    23,
    22,
    34,
    27,
    33,
    25,
    0,
    27,
    33,
    25,
    34,
    30,
    34,
    28,
    0,
    30,
    34,
    28,
    34,
    6,
    24,
    3,
    0,
    6,
    24,
    3,
    34,
    0,
    8,
    13,
    0,
    0,
    8,
    13,
    34,
    11,
    10,
    12,
    0,
    11,
    10,
    12,
    34,
    12,
    10,
    9,
    0,
    12,
    10,
    9
  ]
}