{
  "metadata": {
    "formatVersion": 3.1,
    "sourceFile": "roof.obj",
    "generatedBy": "OBJConverter",
    "vertices": 14,
    "faces": 18,
    "normals": 21,
    "colors": 0,
    "uvs": 0,
    "materials": 1
  },
  "scale": 0.5,
  "materials": [
    {
      "DbgColor": 15658734,
      "DbgIndex": 0,
      "DbgName": "Standard_18",
      "colorAmbient": [
        0.5879999995,
        0.5879999995,
        0.5879999995
      ],
      "colorDiffuse": [
        0.5879999995,
        0.5879999995,
        0.5879999995
      ],
      "colorSpecular": [
        0,
        0,
        0
      ],
      "illumination": 2,
      "opacity": 1,
      "opticalDensity": 1.5,
      "specularCoef": 10,
      "transparent": true
    }
  ],
  "vertices": [
    268,
    731,
    -341,
    -67,
    740,
    -185,
    264,
    721,
    -192,
    1,
    736,
    -425,
    -264,
    731,
    -341,
    149,
    698,
    118,
    -267,
    717,
    -415,
    -280,
    682,
    96,
    -262,
    725,
    -117,
    283,
    682,
    96,
    1,
    692,
    -660,
    -282,
    682,
    -635,
    285,
    682,
    -635,
    -72,
    692,
    122
  ],
  "morphTargets": [],
  "morphColors": [],
  "normals": [
    0.051606,
    0.99732,
    -0.051825,
    -0.009582,
    0.9975,
    0.069957,
    0.066587,
    0.99432,
    0.083082,
    0.0022767,
    0.99333,
    -0.11525,
    -0.058563,
    0.99572,
    -0.071451,
    0.052361,
    0.99102,
    0.12307,
    -0.97728,
    0.21173,
    0.010161,
    -0.91658,
    0.39982,
    0.0042921,
    -0.91881,
    0.39468,
    0.0044617,
    0.13617,
    0.98276,
    0.12507,
    -0.030161,
    0.98601,
    0.16394,
    -0.00038959,
    0.98506,
    -0.17222,
    -0.050195,
    0.9864,
    -0.15653,
    -0.068536,
    0.98285,
    -0.17118,
    0.9859,
    0.16409,
    0.032714,
    0.05057,
    0.98565,
    -0.16108,
    -0.029047,
    0.98952,
    -0.14148,
    0.03027,
    -0.71699,
    0.69643,
    0.03027,
    -0.71699,
    0.69643,
    -0.028045,
    0.99095,
    0.13124,
    -0.99679,
    0.078803,
    0.013934
  ],
  "colors": [],
  "uvs": [
    []
  ],
  "faces": [
    34,
    0,
    1,
    2,
    0,
    0,
    1,
    2,
    34,
    3,
    4,
    1,
    0,
    3,
    4,
    1,
    34,
    1,
    0,
    3,
    0,
    1,
    0,
    3,
    34,
    2,
    1,
    5,
    0,
    2,
    1,
    5,
    34,
    6,
    7,
    8,
    0,
    6,
    7,
    8,
    34,
    2,
    5,
    9,
    0,
    2,
    5,
    9,
    34,
    1,
    7,
    5,
    0,
    1,
    10,
    5,
    34,
    10,
    11,
    6,
    0,
    11,
    12,
    13,
    34,
    0,
    2,
    12,
    0,
    14,
    14,
    14,
    34,
    0,
    12,
    10,
    0,
    0,
    15,
    11,
    34,
    6,
    3,
    10,
    0,
    13,
    3,
    11,
    34,
    10,
    3,
    0,
    0,
    11,
    3,
    0,
    34,
    5,
    7,
    13,
    0,
    5,
    10,
    16,
    34,
    5,
    13,
    9,
    0,
    17,
    18,
    18,
    34,
    7,
    1,
    8,
    0,
    10,
    1,
    19,
    34,
    8,
    1,
    4,
    0,
    19,
    1,
    4,
    34,
    8,
    4,
    6,
    0,
    8,
    20,
    6,
    34,
    4,
    3,
    6,
    0,
    4,
    3,
    13
  ]
}