{
  "metadata": {
    "formatVersion": 3.1,
    "sourceFile": "sideskirt.obj",
    "generatedBy": "OBJConverter",
    "vertices": 30,
    "faces": 44,
    "normals": 30,
    "colors": 0,
    "uvs": 0,
    "materials": 1
  },
  "scale": 0.5,
  "materials": [
    {
      "DbgColor": 15658734,
      "DbgIndex": 0,
      "DbgName": "Standard_18",
      "colorAmbient": [
        0.5879999995,
        0.5879999995,
        0.5879999995
      ],
      "colorDiffuse": [
        0.5879999995,
        0.5879999995,
        0.5879999995
      ],
      "colorSpecular": [
        0,
        0,
        0
      ],
      "illumination": 2,
      "opacity": 1,
      "opticalDensity": 1.5,
      "specularCoef": 10,
      "transparent": true
    }
  ],
  "vertices": [
    -434,
    106,
    -536,
    -450,
    133,
    414,
    -454,
    157,
    -452,
    457,
    157,
    -452,
    453,
    133,
    414,
    437,
    106,
    -536,
    446,
    98,
    539,
    -443,
    98,
    539,
    458,
    123,
    540,
    -455,
    123,
    540,
    -441,
    134,
    414,
    -446,
    161,
    -460,
    -455,
    191,
    -538,
    -446,
    193,
    -537,
    449,
    193,
    -537,
    459,
    191,
    -538,
    449,
    161,
    -460,
    444,
    134,
    414,
    -458,
    191,
    -501,
    461,
    191,
    -501,
    429,
    110,
    -536,
    439,
    103,
    540,
    -426,
    110,
    -536,
    -435,
    103,
    540,
    -449,
    151,
    540,
    -448,
    151,
    427,
    -457,
    151,
    539,
    452,
    151,
    540,
    460,
    151,
    539,
    451,
    151,
    427
  ],
  "morphTargets": [],
  "morphColors": [],
  "normals": [
    -0.31219,
    -0.74613,
    -0.58807,
    -0.90633,
    0.34577,
    -0.2429,
    -0.93103,
    0.35298,
    0.09273,
    0.93103,
    0.35297,
    0.09273,
    0.90633,
    0.34577,
    -0.2429,
    0.31219,
    -0.74613,
    -0.58807,
    0.23675,
    -0.80997,
    0.53656,
    -0.23675,
    -0.80997,
    0.53656,
    0.73996,
    -0.21325,
    0.63795,
    -0.73996,
    -0.21325,
    0.63795,
    0.11723,
    0.927,
    -0.35626,
    0.077301,
    0.9022,
    0.42433,
    -0.63561,
    0.44814,
    -0.62862,
    0.10933,
    0.72475,
    -0.68028,
    -0.10933,
    0.72475,
    -0.68028,
    0.63561,
    0.44814,
    -0.62862,
    -0.077301,
    0.9022,
    0.42433,
    -0.11723,
    0.927,
    -0.35626,
    -0.48224,
    0.81778,
    0.31413,
    0.48224,
    0.81778,
    0.31413,
    -0.33429,
    -0.58841,
    -0.73622,
    -0.32545,
    -0.54367,
    0.77363,
    0.33429,
    -0.58841,
    -0.73622,
    0.32545,
    -0.54367,
    0.77364,
    0.021186,
    0.65613,
    0.75435,
    -0.11137,
    0.94515,
    -0.30706,
    -0.62912,
    0.55802,
    0.54113,
    -0.021186,
    0.65613,
    0.75435,
    0.62912,
    0.55802,
    0.54113,
    0.11137,
    0.94515,
    -0.30706
  ],
  "colors": [],
  "uvs": [
    []
  ],
  "faces": [
    34,
    0,
    1,
    2,
    0,
    0,
    1,
    2,
    34,
    3,
    4,
    5,
    0,
    3,
    4,
    5,
    34,
    6,
    5,
    4,
    0,
    6,
    5,
    4,
    34,
    1,
    0,
    7,
    0,
    1,
    0,
    7,
    34,
    4,
    8,
    6,
    0,
    4,
    8,
    6,
    34,
    7,
    9,
    1,
    0,
    7,
    9,
    1,
    34,
    10,
    11,
    2,
    0,
    10,
    11,
    2,
    34,
    0,
    12,
    13,
    0,
    0,
    12,
    13,
    34,
    14,
    15,
    5,
    0,
    14,
    15,
    5,
    34,
    3,
    16,
    17,
    0,
    3,
    16,
    17,
    34,
    18,
    2,
    11,
    0,
    18,
    2,
    11,
    34,
    0,
    2,
    12,
    0,
    0,
    2,
    12,
    34,
    16,
    3,
    19,
    0,
    16,
    3,
    19,
    34,
    15,
    3,
    5,
    0,
    15,
    3,
    5,
    34,
    5,
    20,
    14,
    0,
    5,
    20,
    14,
    34,
    5,
    21,
    20,
    0,
    5,
    21,
    20,
    34,
    13,
    22,
    0,
    0,
    13,
    22,
    0,
    34,
    22,
    23,
    0,
    0,
    22,
    23,
    0,
    34,
    23,
    24,
    9,
    0,
    23,
    24,
    9,
    34,
    25,
    26,
    24,
    0,
    25,
    26,
    24,
    34,
    8,
    27,
    21,
    0,
    8,
    27,
    21,
    34,
    27,
    28,
    29,
    0,
    27,
    28,
    29,
    34,
    2,
    1,
    10,
    0,
    2,
    1,
    10,
    34,
    24,
    10,
    25,
    0,
    24,
    10,
    25,
    34,
    29,
    17,
    27,
    0,
    29,
    17,
    27,
    34,
    17,
    4,
    3,
    0,
    17,
    4,
    3,
    34,
    7,
    0,
    23,
    0,
    7,
    0,
    23,
    34,
    23,
    9,
    7,
    0,
    23,
    9,
    7,
    34,
    6,
    8,
    21,
    0,
    6,
    8,
    21,
    34,
    21,
    5,
    6,
    0,
    21,
    5,
    6,
    34,
    11,
    13,
    18,
    0,
    11,
    13,
    18,
    34,
    19,
    14,
    16,
    0,
    19,
    14,
    16,
    34,
    19,
    3,
    15,
    0,
    19,
    3,
    15,
    34,
    14,
    19,
    15,
    0,
    14,
    19,
    15,
    34,
    12,
    2,
    18,
    0,
    12,
    2,
    18,
    34,
    12,
    18,
    13,
    0,
    12,
    18,
    13,
    34,
    1,
    25,
    10,
    0,
    1,
    25,
    10,
    34,
    25,
    1,
    26,
    0,
    25,
    1,
    26,
    34,
    28,
    4,
    29,
    0,
    28,
    4,
    29,
    34,
    17,
    29,
    4,
    0,
    17,
    29,
    4,
    34,
    26,
    9,
    24,
    0,
    26,
    9,
    24,
    34,
    9,
    26,
    1,
    0,
    9,
    26,
    1,
    34,
    27,
    8,
    28,
    0,
    27,
    8,
    28,
    34,
    4,
    28,
    8,
    0,
    4,
    28,
    8
  ]
}