{
  "metadata": {
    "formatVersion": 3.1,
    "sourceFile": "trunk.obj",
    "generatedBy": "OBJConverter",
    "vertices": 69,
    "faces": 117,
    "normals": 69,
    "colors": 0,
    "uvs": 0,
    "materials": 1
  },
  "scale": 0.5,
  "materials": [
    {
      "DbgColor": 15658734,
      "DbgIndex": 0,
      "DbgName": "Standard_18",
      "colorAmbient": [
        0.5879999995,
        0.5879999995,
        0.5879999995
      ],
      "colorDiffuse": [
        0.5879999995,
        0.5879999995,
        0.5879999995
      ],
      "colorSpecular": [
        0,
        0,
        0
      ],
      "illumination": 2,
      "opacity": 1,
      "opticalDensity": 1.5,
      "specularCoef": 10,
      "transparent": true
    }
  ],
  "vertices": [
    141,
    478,
    -1242,
    165,
    476,
    -1231,
    21,
    476,
    -1237,
    -284,
    531,
    -1194,
    -317,
    537,
    -1110,
    -191,
    537,
    -1223,
    -153,
    547,
    -1131,
    21,
    573,
    -1023,
    199,
    549,
    -1104,
    310,
    483,
    -1213,
    194,
    537,
    -1223,
    1,
    539,
    -1240,
    -274,
    497,
    -1221,
    -106,
    538,
    -1235,
    -138,
    478,
    -1242,
    206,
    416,
    -1235,
    85,
    353,
    -1255,
    -114,
    367,
    -1249,
    -248,
    343,
    -1246,
    -118,
    329,
    -1260,
    -134,
    328,
    -1251,
    206,
    417,
    -1242,
    121,
    329,
    -1260,
    116,
    356,
    -1257,
    -202,
    417,
    -1242,
    252,
    343,
    -1246,
    290,
    412,
    -1231,
    277,
    497,
    -1221,
    329,
    517,
    -1167,
    287,
    531,
    -1194,
    345,
    532,
    -1086,
    -25,
    509,
    -1242,
    -8,
    493,
    -1244,
    -180,
    570,
    -1015,
    -287,
    412,
    -1231,
    85,
    350,
    -1260,
    -113,
    356,
    -1257,
    -341,
    532,
    -1086,
    -326,
    517,
    -1167,
    -322,
    512,
    -1164,
    325,
    512,
    -1164,
    308,
    490,
    -1205,
    165,
    478,
    -1225,
    -162,
    476,
    -1231,
    -307,
    483,
    -1213,
    -203,
    416,
    -1235,
    322,
    562,
    -998,
    338,
    542,
    -1024,
    -319,
    562,
    -998,
    -334,
    542,
    -1024,
    -311,
    498,
    -1210,
    -305,
    490,
    -1205,
    -162,
    478,
    -1225,
    21,
    478,
    -1247,
    29,
    509,
    -1242,
    315,
    498,
    -1210,
    -20,
    525,
    -1240,
    289,
    413,
    -1222,
    237,
    336,
    -1240,
    87,
    328,
    -1254,
    -234,
    336,
    -1240,
    -286,
    413,
    -1222,
    1,
    566,
    -1021,
    321,
    555,
    -995,
    -318,
    555,
    -995,
    339,
    549,
    -1028,
    -336,
    549,
    -1028,
    281,
    482,
    -1222,
    -278,
    482,
    -1222
  ],
  "morphTargets": [],
  "morphColors": [],
  "normals": [
    0.076309,
    -0.53486,
    -0.84149,
    0.37721,
    -0.65418,
    -0.65556,
    0.012126,
    -0.60071,
    -0.79938,
    -0.28927,
    0.83965,
    -0.45969,
    -0.2747,
    0.93824,
    -0.21034,
    -0.13348,
    0.76966,
    -0.62434,
    -0.039676,
    0.98868,
    -0.14472,
    -0.020485,
    0.91357,
    0.40616,
    0.052032,
    0.98709,
    -0.1515,
    0.61781,
    -0.73228,
    -0.28648,
    0.11312,
    0.74806,
    -0.65392,
    0.0033945,
    0.70954,
    -0.70466,
    -0.2195,
    0.31338,
    -0.92391,
    -0.059438,
    0.72074,
    -0.69065,
    -0.076049,
    -0.55993,
    -0.82504,
    -0.15579,
    0.95822,
    -0.23987,
    -0.034706,
    0.60085,
    -0.79861,
    0.076649,
    0.41715,
    -0.9056,
    -0.68073,
    -0.59143,
    -0.43222,
    -0.05396,
    -0.62512,
    -0.77866,
    -0.11671,
    -0.94455,
    -0.30693,
    -0.12722,
    0.83867,
    -0.52957,
    0.12108,
    -0.74594,
    -0.65491,
    0.0055647,
    0.23086,
    -0.97297,
    0.13577,
    0.8381,
    -0.52835,
    0.67678,
    -0.59513,
    -0.43335,
    0.80058,
    0.39919,
    -0.4469,
    0.2181,
    0.31368,
    -0.92414,
    0.94101,
    0.20469,
    -0.26943,
    0.28686,
    0.83856,
    -0.46318,
    0.99394,
    -0.094465,
    -0.056135,
    -0.022884,
    0.10847,
    -0.99384,
    -0.015633,
    0.12664,
    -0.99183,
    -0.01216,
    0.95037,
    0.3109,
    -0.80058,
    0.39919,
    -0.4469,
    -0.014116,
    0.43156,
    -0.90197,
    0.007975,
    0.30061,
    -0.95371,
    -0.99369,
    -0.095577,
    -0.058692,
    -0.94096,
    0.20878,
    -0.26649,
    -0.79064,
    -0.61162,
    -0.028539,
    0.79064,
    -0.61162,
    -0.028539,
    0.58311,
    -0.68859,
    0.43107,
    0.72075,
    -0.67006,
    0.1776,
    -0.3729,
    -0.65719,
    -0.65502,
    -0.61781,
    -0.73228,
    -0.28648,
    0.15599,
    0.95696,
    -0.24475,
    0.46949,
    0.74476,
    0.47425,
    0.92806,
    -0.13374,
    0.34759,
    -0.45715,
    0.73341,
    0.50311,
    -0.92806,
    -0.13374,
    0.34759,
    -0.81377,
    0.071819,
    -0.57674,
    -0.58311,
    -0.68859,
    0.43107,
    -0.72075,
    -0.67006,
    0.1776,
    0.026061,
    -0.50428,
    -0.86314,
    0.026279,
    0.087206,
    -0.99584,
    0.81377,
    0.071819,
    -0.57674,
    -0.024374,
    0.090919,
    -0.99556,
    0.83497,
    0.54333,
    0.087278,
    0.25284,
    -0.87469,
    -0.4135,
    0.007479,
    -0.98061,
    -0.19582,
    -0.27479,
    -0.88505,
    -0.37573,
    -0.83497,
    0.54333,
    0.087278,
    0.02614,
    0.24939,
    0.96805,
    0.46593,
    0.26091,
    0.84548,
    -0.45477,
    0.27474,
    0.84717,
    0.82799,
    0.55716,
    0.063352,
    -0.86482,
    0.49572,
    0.079663,
    0.18174,
    -0.6971,
    -0.69356,
    -0.18174,
    -0.6971,
    -0.69356
  ],
  "colors": [],
  "uvs": [
    []
  ],