{
  "metadata": {
    "formatVersion": 3.1,
    "sourceFile": "17.obj",
    "generatedBy": "OBJConverter",
    "vertices": 26,
    "faces": 24,
    "normals": 21,
    "colors": 0,
    "uvs": 29,
    "materials": 1
  },
  "scale": 0.5,
  "materials": [
    {
      "DbgColor": 15658734,
      "DbgIndex": 0,
      "DbgName": "wire_135059008",
      "colorAmbient": [
        0.7098,
        0.7098,
        0.7098
      ],
      "colorDiffuse": [
        0.7098,
        0.7098,
        0.7098
      ],
      "colorSpecular": [
        0.9,
        0.9,
        0.9
      ],
      "illumination": 2,
      "opacity": 1,
      "specularCoef": 46,
      "transparent": false
    }
  ],
  "vertices": [
    -67,
    172,
    0,
    -67,
    272,
    -57,
    -67,
    230,
    -99,
    -67,
    172,
    -114,
    -67,
    272,
    57,
    -67,
    287,
    0,
    -67,
    172,
    114,
    -67,
    230,
    99,
    -67,
    73,
    57,
    -67,
    115,
    99,
    -67,
    73,
    -57,
    -67,
    58,
    0,
    -67,
    115,
    -99,
    67,
    230,
    -99,
    67,
    172,
    -114,
    67,
    272,
    -57,
    67,
    287,
    0,
    67,
    272,
    57,
    67,
    230,
    99,
    67,
    172,
    114,
    67,
    115,
    99,
    67,
    73,
    57,
    67,
    58,
    0,
    67,
    73,
    -57,
    67,
    115,
    -99,
    67,
    172,
    0
  ],
  "morphTargets": [],
  "morphColors": [],
  "normals": [
    -1,
    4.37e-8,
    4.37e-8,
    -4.37e-8,
    -7.86e-8,
    -1,
    -1.6e-8,
    0.5,
    -0.86603,
    -1.6e-8,
    0.5,
    -0.86603,
    -4.37e-8,
    -9.82e-8,
    -1,
    1.6e-8,
    0.86603,
    -0.5,
    4.37e-8,
    1,
    8.59e-8,
    4.37e-8,
    1,
    6.87e-8,
    5.97e-8,
    0.86603,
    0.5,
    5.97e-8,
    0.5,
    0.86603,
    4.37e-8,
    1.473e-7,
    1,
    4.37e-8,
    1.571e-7,
    1,
    1.6e-8,
    -0.5,
    0.86603,
    1.6e-8,
    -0.5,
    0.86603,
    -1.6e-8,
    -0.86603,
    0.5,
    -1.6e-8,
    -0.86603,
    0.5,
    -4.37e-8,
    -1,
    4.567e-7,
    -4.37e-8,
    -1,
    4.616e-7,
    -5.97e-8,
    -0.86603,
    -0.5,
    -5.97e-8,
    -0.5,
    -0.86603,
    1,
    -4.37e-8,
    -4.37e-8
  ],
  "colors": [],
  "uvs": [
    [
      0.5,
      0,
      0.91667,
      0,
      0.83333,
      0,
      0.75,
      0,
      0.083333,
      0,
      3.79e-8,
      0,
      -0.083333,
      0,
      0.25,
      0,
      0.16667,
      0,
      0.41667,
      0,
      0.33333,
      0,
      0.58333,
      0,
      0.5,
      0,
      0.66667,
      0,
      0.83333,
      1,
      0.75,
      1,
      0.91667,
      1,
      3.79e-8,
      1,
      -0.083333,
      1,
      0.083333,
      1,
      0.16667,
      1,
      0.25,
      1,
      0.33333,
      1,
      0.41667,
      1,
      0.5,
      1,
      0.58333,
      1,
      0.66667,
      1,
      0.5,
      1,
      0.88835,
      1
    ]
  ],
  "faces": [
    43,
    0,
    1,
    2,
    3,
    0,
    0,
    1,
    2,
    3,
    0,
    0,
    0,
    0,
    43,
    0,
    4,
    5,
    1,
    0,
    0,
    4,
    5,
    6,
    0,
    0,
    0,
    0,
    43,
    0,
    6,
    7,
    4,
    0,
    0,
    7,
    8,
    4,
    0,
    0,
    0,
    0,
    43,
    0,
    8,
    9,
    6,
    0,
    0,
    9,
    10,
    7,
    0,
    0,
    0,
    0,
    43,
    0,
    10,
    11,
    8,
    0,
    0,
    11,
    12,
    9,
    0,
    0,
    0,
    0,
    43,
    0,
    3,
    12,
    10,
    0,
    0,
    3,
    13,
    11,
    0,
    0,
    0,
    0,
    43,
    3,
    2,
    13,
    14,
    0,
    3,
    2,
    14,
    15,
    1,
    2,
    3,
    4,
    43,
    2,
    1,
    15,
    13,
    0,
    2,
    1,
    16,
    14,
    2,
    5,
    5,
    3,
    43,
    1,
    5,
    16,
    15,
    0,
    6,
    5,
    17,
    18,
    5,
    6,
    7,
    5,
    43,
    5,
    4,
    17,
    16,
    0,
    5,
    4,
    19,
    17,
    6,
    8,
    8,
    7,
    43,
    4,
    7,
    18,
    17,
    0,
    4,
    8,
    20,
    19,
    8,
    9,
    9,
    8,
    43,
    7,
    6,
    19,
    18,
    0,
    8,
    7,
    21,
    20,
    9,
    10,
    11,
    9,
    43,
    6,
    9,
    20,
    19,
    0,
    7,
    10,
    22,
    21,
    10,
    12,
    13,
    11,
    43,
    9,
    8,
    21,
    20,
    0,
    10,
    9,
    23,
    22,
    12,
    14,
    15,
    13,
    43,
    8,
    11,
    22,
    21,
    0,
    9,
    12,
    24,
    23,
    14,
    16,
    17,
    15,
    43,
    11,
    10,
    23,
    22,
    0,
    12,
    11,
    25,
    24,
    16,
    18,
    18,
    17,
    43,
    10,
    12,
    24,
    23,
    0,
    11,
    13,
    26,
    25,
    18,
    19,
    19,
    18,
    43,
    12,
    3,
    14,
    24,
    0,
    13,
    3,
    15,
    26,
    19,
    1,
    4,
    19,
    43,
    25,
    24,
    14,
    13,
    0,
    27,
    26,
    15,
    14,
    20,
    20,
    20,
    20,
    43,
    25,
    13,
    15,
    16,
    0,
    27,
    14,
    16,
    28,
    20,
    20,
    20,
    20,
    43,
    25,
    16,
    17,
    18,
    0,
    27,
    17,
    19,
    20,
    20,
    20,
    20,
    20,
    43,
    25,
    18,
    19,
    20,
    0,
    27,
    20,
    21,
    22,
    20,
    20,
    20,
    20,
    43,
    25,
    20,
    21,
    22,
    0,
    27,
    22,
    23,
    24,
    20,
    20,
    20,
    20,
    43,
    25,
    22,
    23,
    24,
    0,
    27,
    24,
    25,
    26,
    20,
    20,
    20,
    20
  ]
}