{
  "metadata": {
    "formatVersion": 3.1,
    "sourceFile": "22.obj",
    "generatedBy": "OBJConverter",
    "vertices": 24,
    "faces": 26,
    "normals": 21,
    "colors": 0,
    "uvs": 50,
    "materials": 1
  },
  "scale": 0.5,
  "materials": [
    {
      "DbgColor": 15658734,
      "DbgIndex": 0,
      "DbgName": "wire_135059008",
      "colorAmbient": [
        0.7098,
        0.7098,
        0.7098
      ],
      "colorDiffuse": [
        0.7098,
        0.7098,
        0.7098
      ],
      "colorSpecular": [
        0.9,
        0.9,
        0.9
      ],
      "illumination": 2,
      "opacity": 1,
      "specularCoef": 46,
      "transparent": false
    }
  ],
  "vertices": [
    -67,
    172,
    -150,
    -67,
    247,
    -129,
    67,
    247,
    -129,
    67,
    172,
    -150,
    -67,
    302,
    -74,
    67,
    302,
    -75,
    -67,
    322,
    0,
    67,
    322,
    0,
    -67,
    302,
    75,
    67,
    302,
    75,
    -67,
    247,
    129,
    67,
    247,
    129,
    -67,
    172,
    150,
    67,
    172,
    150,
    -67,
    97,
    129,
    67,
    97,
    129,
    -67,
    43,
    75,
    67,
    43,
    75,
    -67,
    22,
    0,
    67,
    22,
    0,
    -67,
    43,
    -74,
    67,
    43,
    -74,
    -67,
    97,
    -129,
    67,
    97,
    -129
  ],
  "morphTargets": [],
  "morphColors": [],
  "normals": [
    -4.37e-8,
    -1.08e-7,
    -1,
    -1.6e-8,
    0.5,
    -0.86603,
    -4.37e-8,
    -1.228e-7,
    -1,
    1.6e-8,
    0.86603,
    -0.5,
    4.37e-8,
    1,
    1.08e-7,
    4.37e-8,
    1,
    7.86e-8,
    5.97e-8,
    0.86603,
    0.5,
    5.97e-8,
    0.86603,
    0.5,
    5.97e-8,
    0.5,
    0.86603,
    4.37e-8,
    9.82e-8,
    1,
    4.37e-8,
    1.179e-7,
    1,
    1.6e-8,
    -0.5,
    0.86603,
    -1.6e-8,
    -0.86603,
    0.5,
    -1.6e-8,
    -0.86603,
    0.5,
    -4.37e-8,
    -1,
    4.911e-7,
    -4.37e-8,
    -1,
    5.009e-7,
    -5.97e-8,
    -0.86603,
    -0.5,
    -5.97e-8,
    -0.86603,
    -0.5,
    -5.97e-8,
    -0.5,
    -0.86603,
    -1,
    4.37e-8,
    4.37e-8,
    1,
    -4.37e-8,
    -4.37e-8
  ],
  "colors": [],
  "uvs": [
    [
      0.75,
      0,
      0.83333,
      0,
      0.83333,
      1,
      0.75,
      1,
      0.91667,
      0,
      0.91667,
      1,
      1,
      0,
      1,
      1,
      3.79e-8,
      0,
      0.083333,
      0,
      0.083333,
      1,
      3.79e-8,
      1,
      0.16667,
      0,
      0.16667,
      1,
      0.25,
      0,
      0.25,
      1,
      0.33333,
      0,
      0.33333,
      1,
      0.41667,
      0,
      0.41667,
      1,
      0.5,
      0,
      0.5,
      1,
      0.58333,
      0,
      0.58333,
      1,
      0.66667,
      0,
      0.66667,
      1,
      0.93301,
      0.75,
      1,
      0.5,
      0.93301,
      0.25,
      0.5,
      1,
      0.75,
      0.066987,
      0.5,
      0,
      0.066987,
      0.25,
      0.25,
      0.066987,
      0,
      0.5,
      0.066987,
      0.75,
      0.25,
      0.93301,
      0.75,
      0.93301,
      0.25,
      0.93301,
      0.066987,
      0.75,
      0,
      0.5,
      0.75,
      0.93301,
      0.066987,
      0.25,
      0.25,
      0.066987,
      0.75,
      0.066987,
      0.5,
      0,
      0.93301,
      0.25,
      1,
      0.5,
      0.93301,
      0.75,
      0.5,
      1
    ]
  ],
  "faces": [
    43,
    0,
    1,
    2,
    3,
    0,
    0,
    1,
    2,
    3,
    0,
    1,
    1,
    2,
    43,
    1,
    4,
    5,
    2,
    0,
    1,
    4,
    5,
    2,
    1,
    3,
    3,
    1,
    43,
    4,
    6,
    7,
    5,
    0,
    4,
    6,
    7,
    5,
    3,
    4,
    5,
    3,
    43,
    6,
    8,
    9,
    7,
    0,
    8,
    9,
    10,
    11,
    4,
    6,
    7,
    5,
    43,
    8,
    10,
    11,
    9,
    0,
    9,
    12,
    13,
    10,
    6,
    8,
    8,
    7,
    43,
    10,
    12,
    13,
    11,
    0,
    12,
    14,
    15,
    13,
    8,
    9,
    10,
    8,
    43,
    12,
    14,
    15,
    13,
    0,
    14,
    16,
    17,
    15,
    9,
    11,
    11,
    10,
    43,
    14,
    16,
    17,
    15,
    0,
    16,
    18,
    19,
    17,
    11,
    12,
    13,
    11,
    43,
    16,
    18,
    19,
    17,
    0,
    18,
    20,
    21,
    19,
    12,
    14,
    15,
    13,
    43,
    18,
    20,
    21,
    19,
    0,
    20,
    22,
    23,
    21,
    14,
    16,
    17,
    15,
    43,
    20,
    22,
    23,
    21,
    0,
    22,
    24,
    25,
    23,
    16,
    18,
    18,
    17,
    43,
    22,
    0,
    3,
    23,
    0,
    24,
    0,
    3,
    25,
    18,
    0,
    2,
    18,
    43,
    20,
    18,
    16,
    0,
    0,
    26,
    27,
    28,
    29,
    19,
    19,
    19,
    19,
    43,
    16,
    14,
    12,
    8,
    0,
    28,
    30,
    31,
    32,
    19,
    19,
    19,
    19,
    42,
    12,
    10,
    8,
    0,
    31,
    33,
    32,
    19,
    19,
    19,
    43,
    8,
    6,
    4,
    0,
    0,
    32,
    34,
    35,
    29,
    19,
    19,
    19,
    19,
    42,
    4,
    1,
    0,
    0,
    35,
    36,
    29,
    19,
    19,
    19,
    42,
    16,
    8,
    0,
    0,
    28,
    32,
    29,
    19,
    19,
    19,
    42,
    22,
    20,
    0,
    0,
    37,
    26,
    29,
    19,
    19,
    19,
    43,
    2,
    5,
    7,
    23,
    0,
    38,
    39,
    40,
    41,
    20,
    20,
    20,
    20,
    43,
    7,
    9,
    11,
    15,
    0,
    40,
    42,
    43,
    44,
    20,
    20,
    20,
    20,
    42,
    11,
    13,
    15,
    0,
    43,
    45,
    44,
    20,
    20,
    20,
    43,
    15,
    17,
    19,
    23,
    0,
    44,
    46,
    47,
    41,
    20,
    20,
    20,
    20,
    42,
    19,
    21,
    23,
    0,
    47,
    48,
    41,
    20,
    20,
    20,
    42,
    7,
    15,
    23,
    0,
    40,
    44,
    41,
    20,
    20,
    20,
    42,
    3,
    2,
    23,
    0,
    49,
    38,
    41,
    20,
    20,
    20
  ]
}