{
  "metadata": {
    "formatVersion": 3.1,
    "sourceFile": "reflector.obj",
    "generatedBy": "OBJConverter",
    "vertices": 103,
    "faces": 164,
    "normals": 103,
    "colors": 0,
    "uvs": 0,
    "materials": 1
  },
  "scale": 0.5,
  "materials": [
    {
      "DbgColor": 15658734,
      "DbgIndex": 0,
      "DbgName": "Standard_17",
      "colorAmbient": [
        0.5879999995,
        0.5879999995,
        0.5879999995
      ],
      "colorDiffuse": [
        0.5879999995,
        0.5879999995,
        0.5879999995
      ],
      "colorSpecular": [
        0,
        0,
        0
      ],
      "illumination": 2,
      "opacity": 1,
      "opticalDensity": 1.5,
      "specularCoef": 10,
      "transparent": true
    }
  ],
  "vertices": [
    -500,
    549,
    334,
    -505,
    519,
    343,
    -466,
    536,
    357,
    494,
    536,
    345,
    505,
    519,
    343,
    500,
    549,
    334,
    -466,
    544,
    353,
    -465,
    561,
    334,
    -499,
    553,
    329,
    499,
    553,
    329,
    465,
    561,
    334,
    466,
    544,
    353,
    -510,
    547,
    322,
    -510,
    520,
    338,
    -505,
    550,
    328,
    505,
    550,
    328,
    510,
    520,
    338,
    510,
    547,
    322,
    -452,
    508,
    363,
    -417,
    507,
    371,
    -418,
    519,
    376,
    -416,
    555,
    355,
    -410,
    534,
    371,
    -408,
    540,
    365,
    408,
    540,
    365,
    410,
    534,
    371,
    416,
    555,
    355,
    418,
    519,
    376,
    417,
    507,
    371,
    452,
    508,
    363,
    487,
    554,
    308,
    510,
    515,
    300,
    425,
    492,
    329,
    -425,
    492,
    329,
    -494,
    552,
    306,
    -426,
    556,
    329,
    -518,
    519,
    323,
    518,
    519,
    323,
    407,
    527,
    371,
    407,
    508,
    369,
    409,
    519,
    374,
    -409,
    519,
    374,
    -407,
    508,
    369,
    -407,
    527,
    371,
    -465,
    566,
    320,
    -506,
    556,
    308,
    465,
    566,
    320,
    506,
    556,
    308,
    466,
    536,
    357,
    467,
    519,
    361,
    496,
    519,
    348,
    -496,
    519,
    348,
    -467,
    519,
    361,
    -412,
    557,
    340,
    -431,
    567,
    330,
    -422,
    561,
    346,
    -420,
    565,
    333,
    412,
    557,
    340,
    420,
    565,
    333,
    422,
    561,
    346,
    431,
    567,
    330,
    -500,
    496,
    304,
    -502,
    545,
    303,
    517,
    508,
    324,
    508,
    508,
    335,
    -508,
    508,
    335,
    -517,
    508,
    324,
    -518,
    509,
    310,
    -516,
    542,
    306,
    -520,
    521,
    304,
    518,
    509,
    310,
    520,
    521,
    304,
    516,
    542,
    306,
    -489,
    561,
    312,
    -421,
    563,
    332,
    421,
    563,
    332,
    489,
    561,
    312,
    418,
    536,
    372,
    420,
    551,
    361,
    -418,
    536,
    372,
    -420,
    551,
    361,
    495,
    508,
    346,
    -495,
    508,
    346,
    409,
    508,
    372,
    -409,
    508,
    372,
    -520,
    510,
    310,
    520,
    510,
    310,
    -510,
    549,
    306,
    510,
    549,
    306,
    426,
    556,
    329,
    408,
    507,
    368,
    -408,
    507,
    368,
    -466,
    508,
    356,
    466,
    508,
    356,
    506,
    500,
    302,
    -414,
    557,
    338,
    -410,
    544,
    359,
    414,
    557,
    338,
    410,
    544,
    359,
    -519,
    518,
    304,
    519,
    518,
    304,
    -408,
    526,
    370,
    408,
    526,
    370
  ],
  "morphTargets": [],
  "morphColors": [],
  "normals": [
    -0.4708,
    0.52818,
    0.70667,
    -0.60949,
    0.022723,
    0.79247,
    -0.34376,
    0.33384,
    0.87771,
    0.4831,
    0.35537,
    0.8002,
    0.63098,
    -0.0070164,
    0.77577,
    0.48093,
    0.54868,
    0.68385,
    -0.29744,
    0.5822,
    0.75668,
    -0.2151,
    0.84585,
    0.48812,
    -0.35826,
    0.81346,
    0.45818,
    0.35826,
    0.81346,
    0.45818,
    0.2151,
    0.84585,
    0.48812,
    0.28516,
    0.58891,
    0.75622,
    -0.8228,
    0.47548,
    0.31133,
    -0.78031,
    0.079557,
    0.62031,
    -0.63158,
    0.60849,
    0.48047,
    0.63158,
    0.60849,
    0.48047,
    0.78031,
    0.079557,
    0.62031,
    0.8228,
    0.47548,
    0.31133,
    -0.20249,
    -0.75835,
    0.6196,
    -0.09502,
    -0.44569,
    0.89013,
    -0.04767,
    -0.072084,
    0.99626,
    0.42643,
    0.76643,
    0.48036,
    0.46815,
    0.39259,
    0.79165,
    0.9301,
    0.32587,
    0.16949,
    -0.9301,
    0.32587,
    0.16949,
    -0.46815,
    0.39259,
    0.79165,
    -0.42643,
    0.76643,
    0.48036,
    0.047669,
    -0.072084,
    0.99626,
    0.095019,
    -0.44569,
    0.89013,
    0.20249,
    -0.75835,
    0.6196,
    -0.31497,
    0.003053,
    -0.9491,
    -0.31442,
    0.0020583,
    -0.94928,
    -0.31512,
    0.0031313,
    -0.94905,
    0.31506,
    0.0030238,
    -0.94907,
    0.31512,
    0.0031911,
    -0.94905,
    0.31561,
    0.0038146,
    -0.94888,
    -0.94244,
    0.11214,
    0.315,
    0.94244,
    0.11214,
    0.315,
    -0.97653,
    0.082396,
    0.19899,
    -0.83176,
    -0.53761,
    -0.13838,
    -0.4974,
    -0.03976,
    0.86661,
    0.4974,
    -0.03976,
    0.86661,
    0.83176,
    -0.53761,
    -0.13838,
    0.97653,
    0.082396,
    0.19899,
    0.029082,
    0.91346,
    -0.4059,
    -0.41848,
    0.76254,
    -0.49336,
    -0.029082,
    0.91345,
    -0.4059,
    0.41848,
    0.76254,
    -0.49337,
    0.32544,
    0.32956,
    0.88627,
    0.35568,
    -0.04202,
    0.93366,
    0.44993,
    -0.0084187,
    0.89302,
    -0.46737,
    0.083078,
    0.88015,
    -0.35569,
    -0.04202,
    0.93366,
    0.95524,
    0.18641,
    -0.22969,
    0.15309,
    0.87995,
    -0.44972,
    0.10478,
    0.89553,
    0.43249,
    0.56387,
    0.75041,
    -0.34488,
    -0.95524,
    0.18642,
    -0.22969,
    -0.56387,
    0.75041,
    -0.34488,
    -0.10478,
    0.89553,
    0.43249,
    -0.15309,
    0.87995,
    -0.44972,
    0.31417,
    0.0017393,
    -0.94936,
    0.31459,
    0.0024176,
    -0.94922,
    0.667,
    -0.70486,
    0.24143,
    0.68041,
    -0.39573,
    0.61679,
    -0.68041,
    -0.39573,
    0.61679,
    -0.667,
    -0.70486,
    0.24143,
    -0.3233,
    -0.87255,
    -0.36625,
    -0.73359,
    0.34849,
    -0.58344,
    -0.76074,
    0.092118,
    -0.64249,
    0.3233,
    -0.87254,
    -0.36625,
    0.76074,
    0.092118,
    -0.64249,
    0.73359,
    0.34849,
    -0.58344,
    -0.27842,
    0.94525,
    0.17027,
    0.50565,
    0.27941,
    -0.81624,
    -0.50565,
    0.27941,
    -0.81624,
    0.27842,
    0.94525,
    0.17027,
    0.05825,
    0.39538,
    0.91667,
    -0.025956,
    0.68513,
    0.72796,
    -0.058251,
    0.39538,
    0.91667,
    0.025955,
    0.68513,
    0.72796,
    0.32246,
    -0.74173,
    0.58809,
    -0.32246,
    -0.74173,
    0.58809,
    -0.30192,
    -0.66112,
    0.68686,
    0.30192,
    -0.66112,
    0.68686,
    -0.793,
    -0.54931,
    -0.26344,
    0.79301,
    -0.54931,
    -0.26344,
    -0.77568,
    0.58808,
    -0.22908,
    0.77568,
    0.58808,
    -0.22908,
    -0.31566,
    0.0038151,
    -0.94886,
    -0.38378,
    -0.84443,
    -0.37369,
    0.38378,
    -0.84443,
    -0.37369,
    -0.042723,
    -0.99457,
    0.094844,
    0.042723,
    -0.99457,
    0.094844,
    -0.31426,
    0.0014023,
    -0.94933,
    0.77829,
    -0.036122,
    -0.62687,
    -0.10849,
    -0.81071,
    -0.57531,
    -0.77829,
    -0.036122,
    -0.62687,
    0.10849,
    -0.81071,
    -0.57531,
    -0.66983,
    -0.26195,
    -0.69477,
    0.66983,
    -0.26195,
    -0.69477,
    0.79534,
    -0.083322,
    -0.60041,
    -0.79534,
    -0.083322,
    -0.60041
  ],
  "colors": [],
  "uvs": [
    []
  ],