{
  "metadata": {
    "formatVersion": 3.1,
    "sourceFile": "roof.obj",
    "generatedBy": "OBJConverter",
    "vertices": 57,
    "faces": 96,
    "normals": 57,
    "colors": 0,
    "uvs": 0,
    "materials": 1
  },
  "scale": 0.5,
  "materials": [
    {
      "DbgColor": 15658734,
      "DbgIndex": 0,
      "DbgName": "Standard_17",
      "colorAmbient": [
        0.5879999995,
        0.5879999995,
        0.5879999995
      ],
      "colorDiffuse": [
        0.5879999995,
        0.5879999995,
        0.5879999995
      ],
      "colorSpecular": [
        0,
        0,
        0
      ],
      "illumination": 2,
      "opacity": 1,
      "opticalDensity": 1.5,
      "specularCoef": 10,
      "transparent": true
    }
  ],
  "vertices": [
    229,
    739,
    -332,
    0,
    750,
    -280,
    137,
    743,
    -142,
    -137,
    743,
    -380,
    103,
    739,
    -432,
    -106,
    722,
    -536,
    109,
    721,
    77,
    -109,
    721,
    77,
    37,
    701,
    156,
    246,
    734,
    -71,
    0,
    735,
    3,
    -34,
    749,
    -214,
    -104,
    740,
    -69,
    -255,
    734,
    -332,
    -258,
    729,
    -429,
    -265,
    711,
    -526,
    265,
    711,
    -526,
    258,
    729,
    -429,
    255,
    734,
    -332,
    72,
    710,
    -585,
    106,
    722,
    -536,
    -247,
    725,
    -479,
    -271,
    710,
    64,
    -251,
    725,
    -1,
    -266,
    719,
    -2,
    -246,
    734,
    -71,
    -238,
    743,
    -332,
    -258,
    732,
    -143,
    -113,
    697,
    153,
    247,
    725,
    -479,
    102,
    747,
    -332,
    266,
    719,
    -2,
    271,
    710,
    64,
    258,
    732,
    -143,
    238,
    743,
    -332,
    -229,
    739,
    -332,
    -232,
    737,
    -143,
    -34,
    749,
    -332,
    255,
    737,
    -332,
    -255,
    737,
    -332,
    233,
    732,
    -430,
    -144,
    707,
    -582,
    -280,
    689,
    130,
    -280,
    692,
    129,
    269,
    694,
    -571,
    270,
    697,
    -571,
    -270,
    697,
    -571,
    -269,
    694,
    -571,
    280,
    692,
    129,
    280,
    689,
    130,
    -233,
    732,
    -430,
    113,
    697,
    153,
    232,
    737,
    -143,
    36,
    708,
    -586,
    144,
    704,
    -582,
    -144,
    704,
    -582,
    0,
    698,
    157
  ],
  "morphTargets": [],
  "morphColors": [],
  "normals": [
    -0.15327,
    0.98765,
    -0.032555,
    0.0014454,
    1,
    0.000022115,
    0.037664,
    0.99845,
    0.040937,
    -0.03969,
    0.99623,
    -0.077189,
    0.026603,
    0.99221,
    -0.12167,
    -0.030645,
    0.9761,
    -0.21517,
    0.046592,
    0.97615,
    0.21205,
    -0.045404,
    0.97496,
    0.21772,
    0.029227,
    0.573,
    0.81903,
    0.26076,
    0.96242,
    0.075821,
    0.002002,
    0.99181,
    0.1277,
    -0.017402,
    0.99951,
    0.02587,
    -0.034289,
    0.99615,
    0.08074,
    -0.95129,
    0.30828,
    0.0022754,
    -0.64578,
    0.76094,
    -0.062758,
    -0.67162,
    0.72576,
    -0.14899,
    0.6688,
    0.7273,
    -0.15406,
    0.64578,
    0.76094,
    -0.062758,
    0.95129,
    0.30828,
    0.0022763,
    0.036812,
    0.61239,
    -0.7897,
    0.043077,
    0.973,
    -0.22675,
    -0.17234,
    0.9695,
    -0.17427,
    -0.6437,
    0.75702,
    0.11208,
    -0.19891,
    0.97241,
    0.12188,
    -0.39911,
    0.91263,
    0.088397,
    0.060451,
    0.99158,
    0.11456,
    0.012495,
    0.99945,
    -0.030732,
    -0.3447,
    0.93843,
    0.023246,
    -0.05462,
    0.95472,
    0.29245,
    0.17583,
    0.96868,
    -0.17535,
    0.044982,
    0.99896,
    -0.0074737,
    0.43553,
    0.89667,
    0.07934,
    0.64096,
    0.76079,
    0.10184,
    0.3447,
    0.93843,
    0.023247,
    -0.012495,
    0.99945,
    -0.030732,
    0.15245,
    0.98787,
    -0.029584,
    -0.025269,
    0.99896,
    0.037898,
    -0.025435,
    0.999,
    -0.036745,
    0.70889,
    0.70523,
    -0.011323,
    -0.70889,
    0.70523,
    -0.011324,
    0.062618,
    0.99225,
    -0.10733,
    -0.076052,
    0.66308,
    -0.74468,
    -0.71171,
    0.082224,
    0.69765,
    -0.714,
    0.49222,
    0.49792,
    0.69947,
    0.056653,
    -0.71241,
    0.7117,
    0.44928,
    -0.54003,
    -0.71937,
    0.44386,
    -0.53432,
    -0.70712,
    0.045079,
    -0.70566,
    0.71592,
    0.48861,
    0.49872,
    0.71171,
    0.082213,
    0.69764,
    -0.062361,
    0.99181,
    -0.1115,
    0.066135,
    0.95024,
    0.30443,
    0.038998,
    0.99897,
    0.023404,
    -0.017328,
    0.69366,
    -0.72009,
    0.069921,
    0.98882,
    0.1317,
    -0.062171,
    0.14393,
    -0.98763,
    -0.030648,
    0.70627,
    0.70727
  ],
  "colors": [],
  "uvs": [
    []
  ],