{
  "metadata": {
    "formatVersion": 3.1,
    "sourceFile": "sideskirt.obj",
    "generatedBy": "OBJConverter",
    "vertices": 109,
    "faces": 177,
    "normals": 109,
    "colors": 0,
    "uvs": 0,
    "materials": 1
  },
  "scale": 0.5,
  "materials": [
    {
      "DbgColor": 15658734,
      "DbgIndex": 0,
      "DbgName": "Standard_17",
      "colorAmbient": [
        0.5879999995,
        0.5879999995,
        0.5879999995
      ],
      "colorDiffuse": [
        0.5879999995,
        0.5879999995,
        0.5879999995
      ],
      "colorSpecular": [
        0,
        0,
        0
      ],
      "illumination": 2,
      "opacity": 1,
      "opticalDensity": 1.5,
      "specularCoef": 10,
      "transparent": true
    }
  ],
  "vertices": [
    436,
    139,
    -143,
    436,
    116,
    70,
    433,
    94,
    -143,
    -433,
    94,
    -143,
    -436,
    116,
    70,
    -436,
    139,
    -143,
    451,
    143,
    -453,
    451,
    142,
    -470,
    455,
    197,
    -464,
    -451,
    143,
    -453,
    -437,
    94,
    -404,
    -438,
    141,
    -381,
    432,
    94,
    280,
    -432,
    94,
    280,
    -446,
    169,
    -426,
    -452,
    197,
    -447,
    -451,
    142,
    -470,
    -455,
    197,
    -478,
    -446,
    199,
    -478,
    436,
    169,
    -425,
    431,
    158,
    -408,
    440,
    158,
    -408,
    420,
    149,
    -277,
    421,
    145,
    141,
    452,
    197,
    -447,
    437,
    137,
    141,
    442,
    141,
    492,
    431,
    142,
    492,
    418,
    90,
    493,
    -437,
    137,
    141,
    -421,
    145,
    141,
    -418,
    90,
    493,
    -431,
    142,
    492,
    -442,
    141,
    492,
    -420,
    149,
    -277,
    437,
    94,
    -404,
    447,
    94,
    -453,
    441,
    142,
    -470,
    446,
    199,
    -478,
    -441,
    142,
    -470,
    -447,
    94,
    -453,
    432,
    149,
    -381,
    438,
    141,
    -381,
    -430,
    94,
    492,
    -427,
    92,
    423,
    -432,
    92,
    -143,
    -422,
    90,
    142,
    430,
    94,
    492,
    422,
    90,
    142,
    432,
    92,
    -143,
    427,
    92,
    423,
    -432,
    149,
    -381,
    -440,
    158,
    -408,
    -427,
    148,
    -353,
    -413,
    150,
    -320,
    -423,
    150,
    -381,
    -454,
    198,
    -478,
    437,
    135,
    447,
    441,
    137,
    473,
    430,
    94,
    474,
    421,
    142,
    424,
    -430,
    94,
    474,
    -441,
    137,
    473,
    -437,
    135,
    447,
    -421,
    142,
    424,
    -420,
    90,
    -352,
    420,
    90,
    -352,
    -433,
    143,
    474,
    -410,
    144,
    413,
    -441,
    142,
    474,
    441,
    142,
    474,
    410,
    144,
    413,
    433,
    143,
    474,
    454,
    198,
    -478,
    455,
    197,
    -478,
    -436,
    90,
    -454,
    -422,
    90,
    -379,
    436,
    90,
    -470,
    422,
    90,
    -379,
    -455,
    197,
    -464,
    446,
    169,
    -426,
    -436,
    169,
    -425,
    -442,
    198,
    -446,
    -431,
    158,
    -408,
    442,
    198,
    -446,
    -434,
    141,
    -320,
    427,
    148,
    -353,
    434,
    141,
    -320,
    423,
    150,
    -381,
    413,
    150,
    -320,
    -413,
    146,
    70,
    413,
    146,
    70,
    -447,
    94,
    -469,
    447,
    94,
    -469,
    -411,
    149,
    -277,
    411,
    149,
    -277,
    -431,
    94,
    -352,
    431,
    94,
    -352,
    433,
    136,
    406,
    433,
    114,
    406,
    -433,
    114,
    406,
    -433,
    136,
    406,
    417,
    90,
    424,
    -417,
    90,
    424,
    434,
    141,
    -353,
    -434,
    141,
    -353,
    -436,
    90,
    -470,
    -429,
    94,
    423,
    429,
    94,
    423
  ],
  "morphTargets": [],
  "morphColors": [],
  "normals": [
    0.8679,
    0.49673,
    -0.00202,
    0.99615,
    -0.087616,
    0.0015127,
    0.92864,
    -0.37095,
    -0.0053946,
    -0.92864,
    -0.37095,
    -0.0053956,
    -0.99615,
    -0.087616,
    0.0015117,
    -0.8679,
    0.49673,
    -0.0020208,
    0.99102,
    -0.063564,
    0.11765,
    0.74867,
    -0.10603,
    -0.6544,
    0.81925,
    0.56759,
    0.081683,
    -0.99102,
    -0.063564,
    0.11765,
    -0.78934,
    -0.60051,
    0.12781,
    -0.95947,
    0.24372,
    0.14151,
    0.79901,
    -0.60128,
    0.0068751,
    -0.79901,
    -0.60128,
    0.0068743,
    -0.74771,
    0.34188,
    0.56926,
    -0.63876,
    0.64614,
    0.41771,
    -0.74867,
    -0.10603,
    -0.6544,
    -0.73588,
    0.23308,
    -0.63573,
    -0.059866,
    0.68594,
    -0.72519,
    0.1219,
    0.72952,
    0.673,
    0.071316,
    0.90447,
    0.42053,
    0.72179,
    0.50775,
    0.47033,
    0.29932,
    0.95412,
    0.0075949,
    0.28148,
    0.95952,
    0.0092066,
    0.63934,
    0.64649,
    0.41628,
    0.8601,
    0.50999,
    0.011807,
    0.6846,
    0.44021,
    0.58098,
    0.13723,
    0.63303,
    0.76187,
    0.29835,
    -0.78338,
    0.54525,
    -0.8601,
    0.50999,
    0.011806,
    -0.28148,
    0.95952,
    0.0092063,
    -0.29835,
    -0.78338,
    0.54525,
    -0.13723,
    0.63303,
    0.76187,
    -0.6846,
    0.44021,
    0.58098,
    -0.29932,
    0.95412,
    0.0075946,
    0.78112,
    -0.6127,
    0.1202,
    0.78261,
    -0.61541,
    0.09374,
    0.072939,
    -0.07758,
    -0.99431,
    0.059867,
    0.68594,
    -0.72519,
    -0.072942,
    -0.07758,
    -0.99431,
    -0.80414,
    -0.58782,
    0.088476,
    0.54444,
    0.81507,
    0.1981,
    0.95947,
    0.24372,
    0.14151,
    -0.60544,
    -0.54835,
    0.57686,
    -0.50807,
    -0.8613,
    0.0048253,
    -0.52729,
    -0.84969,
    -0.00071225,
    -0.32438,
    -0.94592,
    0.0026106,
    0.60544,
    -0.54835,
    0.57686,
    0.32438,
    -0.94592,
    0.002611,
    0.52729,
    -0.84969,
    -0.00071178,
    0.50806,
    -0.86131,
    0.0048255,
    -0.54444,
    0.81507,
    0.1981,
    -0.72179,
    0.50775,
    0.47033,
    -0.45314,
    0.8889,
    0.067237,
    -0.11781,
    0.99299,
    0.0099306,
    -0.11957,
    0.9787,
    0.16687,
    -0.301,
    0.63761,
    -0.70912,
    0.90734,
    0.40487,
    -0.11317,
    0.98703,
    -0.089646,
    -0.13319,
    0.73709,
    -0.67558,
    -0.017016,
    0.34012,
    0.93808,
    -0.065724,
    -0.73709,
    -0.67558,
    -0.017017,
    -0.98703,
    -0.089646,
    -0.13319,
    -0.90734,
    0.40487,
    -0.11318,
    -0.34012,
    0.93808,
    -0.065725,
    -0.34615,
    -0.93813,
    0.0092695,
    0.34615,
    -0.93813,
    0.0092697,
    -0.1602,
    0.98708,
    -0.0024678,
    -0.16041,
    0.98704,
    -0.004766,
    -0.77394,
    0.62128,
    -0.1226,
    0.77394,
    0.62128,
    -0.1226,
    0.16041,
    0.98704,
    -0.0047659,
    0.1602,
    0.98708,
    -0.0024676,
    0.301,
    0.63761,
    -0.70912,
    0.73588,
    0.23308,
    -0.63573,
    -0.34675,
    -0.93729,
    0.035426,
    -0.33587,
    -0.94107,
    0.039719,
    0.30099,
    -0.78136,
    -0.5467,
    0.33269,
    -0.94228,
    0.037686,
    -0.81925,
    0.56759,
    0.081682,
    0.74818,
    0.34009,
    0.5697,
    -0.12343,
    0.73056,
    0.6716,
    -0.11249,
    0.84658,
    0.52024,
    -0.071318,
    0.90447,
    0.42053,
    0.11043,
    0.84827,
    0.51792,
    -0.91013,
    0.41354,
    0.025418,
    0.45314,
    0.8889,
    0.067237,
    0.91013,
    0.41354,
    0.025419,
    0.11957,
    0.9787,
    0.16687,
    0.11781,
    0.99299,
    0.0099307,
    -0.13385,
    0.99097,
    0.008155,
    0.13385,
    0.99097,
    0.0081551,
    -0.66741,
    -0.48794,
    -0.56257,
    0.6661,
    -0.49208,
    -0.56051,
    -0.086689,
    0.99618,
    0.01005,
    0.086689,
    0.99618,
    0.01005,
    -0.79458,
    -0.60574,
    0.041404,
    0.79458,
    -0.60575,
    0.041405,
    0.85383,
    0.51998,
    -0.024203,
    0.99406,
    -0.10827,
    -0.010719,
    -0.99406,
    -0.10827,
    -0.010719,
    -0.85383,
    0.51998,
