{
  "metadata": {
    "formatVersion": 3.1,
    "sourceFile": "trunk.obj",
    "generatedBy": "OBJConverter",
    "vertices": 86,
    "faces": 134,
    "normals": 86,
    "colors": 0,
    "uvs": 0,
    "materials": 1
  },
  "scale": 0.5,
  "materials": [
    {
      "DbgColor": 15658734,
      "DbgIndex": 0,
      "DbgName": "Standard_17",
      "colorAmbient": [
        0.5879999995,
        0.5879999995,
        0.5879999995
      ],
      "colorDiffuse": [
        0.5879999995,
        0.5879999995,
        0.5879999995
      ],
      "colorSpecular": [
        0,
        0,
        0
      ],
      "illumination": 2,
      "opacity": 1,
      "opticalDensity": 1.5,
      "specularCoef": 10,
      "transparent": true
    }
  ],
  "vertices": [
    41,
    356,
    -1116,
    41,
    480,
    -1112,
    122,
    427,
    -1109,
    -83,
    545,
    -1108,
    -41,
    557,
    -913,
    166,
    556,
    -904,
    -166,
    556,
    -904,
    -164,
    544,
    -1096,
    -238,
    541,
    -1077,
    164,
    544,
    -1096,
    238,
    541,
    -1077,
    237,
    507,
    -1079,
    -122,
    427,
    -1109,
    -41,
    455,
    -1115,
    -82,
    345,
    -1115,
    207,
    553,
    -915,
    -237,
    507,
    -1079,
    161,
    345,
    -1105,
    41,
    544,
    -1111,
    197,
    430,
    -1098,
    -197,
    430,
    -1098,
    -262,
    356,
    -1083,
    -326,
    544,
    -879,
    123,
    480,
    -1104,
    -157,
    472,
    -1097,
    -82,
    480,
    -1109,
    65,
    524,
    -1111,
    -41,
    525,
    -1112,
    65,
    525,
    -1106,
    67,
    535,
    -1109,
    65,
    537,
    -1105,
    -65,
    537,
    -1105,
    262,
    356,
    -1083,
    283,
    436,
    -1076,
    283,
    434,
    -1073,
    285,
    441,
    -1059,
    192,
    434,
    -1092,
    -283,
    434,
    -1073,
    -283,
    436,
    -1076,
    -192,
    434,
    -1092,
    -285,
    441,
    -1059,
    326,
    544,
    -879,
    -65,
    525,
    -1110,
    -65,
    525,
    -1106,
    -162,
    488,
    -1098,
    -123,
    331,
    -1116,
    -83,
    329,
    -1117,
    -245,
    329,
    -1094,
    -65,
    538,
    -1110,
    -70,
    532,
    -1110,
    -310,
    534,
    -1047,
    -306,
    520,
    -1050,
    306,
    520,
    -1050,
    310,
    534,
    -1047,
    162,
    488,
    -1098,
    -307,
    520,
    -1048,
    -163,
    488,
    -1095,
    -286,
    555,
    -874,
    286,
    555,
    -874,
    -69,
    532,
    -1103,
    163,
    488,
    -1095,
    307,
    520,
    -1048,
    83,
    545,
    -1108,
    -41,
    554,
    -912,
    207,
    552,
    -897,
    69,
    532,
    -1103,
    245,
    329,
    -1094,
    123,
    331,
    -1116,
    0,
    329,
    -1120,
    -317,
    556,
    -858,
    -318,
    553,
    -858,
    -207,
    552,
    -897,
    317,
    556,
    -858,
    318,
    553,
    -858,
    326,
    542,
    -878,
    -326,
    542,
    -878,
    -253,
    332,
    -1090,
    -262,
    355,
    -1081,
    262,
    355,
    -1081,
    253,
    332,
    -1090,
    157,
    472,
    -1097,
    184,
    435,
    -1094,
    -184,
    435,
    -1094,
    310,
    531,
    -1046,
    -310,
    531,
    -1046,
    161,
    329,
    -1109
  ],
  "morphTargets": [],
  "morphColors": [],
  "normals": [
    0.03479,
    0.082412,
    -0.99599,
    0.039462,
    0.024559,
    -0.99892,
    0.1238,
    0.058533,
    -0.99058,
    -0.094722,
    0.68213,
    -0.72507,
    0.0066509,
    0.82072,
    0.57129,
    0.0015741,
    0.96846,
    0.24918,
    -0.00034043,
    0.95181,
    0.30669,
    -0.15349,
    0.68037,
    -0.71662,
    -0.26421,
    0.68097,
    -0.68299,
    0.15632,
    0.6808,
    -0.7156,
    0.26394,
    0.68064,
    -0.68342,
    0.36593,
    -0.49822,
    -0.78605,
    -0.14213,
    0.063854,
    -0.98779,
    -0.028461,
    0.090934,
    -0.99545,
    -0.061041,
    0.11407,
    -0.9916,
    0.06253,
    0.99321,
    -0.098069,
    -0.36593,
    -0.49822,
    -0.78605,
    0.16259,
    0.14125,
    -0.97653,
    0.0049024,
    0.59478,
    -0.80388,
    0.16835,
    0.47924,
    -0.86139,
    -0.1642,
    0.46678,
    -0.869,
    -0.75189,
    -0.13608,
    -0.64509,
    -0.79759,
    0.59832,
    -0.076526,
    0.15102,
    0.052071,
    -0.98716,
    -0.20687,
    0.014418,
    -0.97826,
    -0.1043,
    0.055103,
    -0.99302,
    -0.16172,
    0.3732,
    -0.91355,
    -0.019401,
    0.58592,
    -0.81013,
    -0.68536,
    0.72811,
    -0.012059,
    -0.38688,
    -0.19929,
    -0.90034,
    -0.31743,
    -0.90829,
    0.27248,
    0.47938,
    -0.86256,
    -0.1618,
    0.7559,
    -0.13718,
    -0.64016,
    0.67666,
    0.43184,
    -0.59636,
    0.98035,
    -0.16776,
    -0.10373,
    0.18405,
    0.92869,
    -0.32196,
    0.15499,
    0.88436,
    -0.44032,
    -0.98035,
    -0.16776,
    -0.10373,
    -0.67666,
    0.43184,
    -0.59636,
    -0.15499,
    0.88436,
    -0.44032,
    -0.18406,
    0.92869,
    -0.32196,
    0.8006,
    0.59452,
    -0.07478,
    0.14166,
    0.55087,
    -0.82248,
    0.48636,
    0.87337,
    -0.02603,
    -0.43151,
    -0.2442,
    -0.86843,
    -0.12785,
    -0.33073,
    -0.93503,
    -0.032778,
    0.15004,
    -0.98814,
    -0.21962,
    0.21824,
    -0.95086,
    0.19349,
    -0.32908,
    -0.92427,
    0.089274,
    -0.41056,
    -0.90745,
    -0.73211,
    0.51172,
    -0.44962,
    -0.62358,
    -0.57789,
    -0.52649,
    0.62358,
    -0.57789,
    -0.52649,
    0.73211,
    0.51172,
    -0.44962,
    0.43977,
    -0.24153,
    -0.86503,
    -0.79214,
    -0.60032,
    -0.11017,
    -0.55341,
    -0.79722,
    -0.24119,
    -0.0040167,
    0.9963,
    -0.08582,
    0.018518,
    0.99982,
    0.0032519,
    0.99228,
    -0.023366,
    -0.12177,
    0.55341,
    -0.79722,
    -0.24119,
    0.79214,
    -0.60031,
    -0.11017,
    0.074684,
    0.69996,
    -0.71027,
    0.013229,
    0.25588,
    0.96662,
    -0.19193,
    -0.61467,
    0.76507,
    -0.95927,
    0.062884,
    0.2754,
    0.21914,
    0.2307,
    -0.94803,
    0.099894,
    -0.34786,
    -0.93221,
    -0.021719,
    0.20204,
    -0.97914,
    -0.27585,
    0.75741,
    0.5918,
    -0.53888,
    0.23753,
    0.8082,
    0.19152,
    -0.62176,
    0.75943,
    0.27586,
    0.75743,
    0.59178,
    0.53887,
    0.23756,
    0.8082,
    0.98533,
    0.12884,
    0.11195,
    -0.98533,
    0.12884,
    0.11195,
    -0.40354,
    0.10738,
    -0.90864,
    -0.9538,
    -0.28391,
    -0.098254,
    0.9538,
    -0.2839,
    -0.098259,
    0.40353,
    0.10739,
    -0.90864,
    0.23465,
    0.0059314,
    -0.97206,
    0.13828,
    0.61877,
    -0.77331,
    -0.13828,
    0.61877,
    -0.77331,
    0.97073,
    -0.20223,
    -0.12954,
    -0.97073,
    -0.20223,
    -0.12953,
    0.17563,
    0.19458,
    -0.96503
  ],
  "colors": [],
  "uvs": [
    []
  ],