{
  "metadata": {
    "formatVersion": 3.1,
    "sourceFile": "lens.obj",
    "generatedBy": "OBJConverter",
    "vertices": 57,
    "faces": 67,
    "normals": 63,
    "colors": 0,
    "uvs": 0,
    "materials": 1
  },
  "scale": 0.5,
  "materials": [
    {
      "DbgColor": 15658734,
      "DbgIndex": 0,
      "DbgName": "Standard_17",
      "colorAmbient": [
        0.2431,
        0.2863,
        0.4353
      ],
      "colorDiffuse": [
        0.2431,
        0.2863,
        0.4353
      ],
      "colorSpecular": [
        0.792,
        0.792,
        0.792
      ],
      "illumination": 2,
      "opacity": 1,
      "opticalDensity": 1.5,
      "specularCoef": 39,
      "transparent": true
    }
  ],
  "vertices": [
    354,
    417,
    -1054,
    283,
    417,
    -1095,
    290,
    459,
    -1087,
    -290,
    459,
    -1087,
    -283,
    417,
    -1095,
    -354,
    417,
    -1054,
    368,
    395,
    889,
    328,
    382,
    952,
    383,
    372,
    902,
    -383,
    372,
    902,
    -328,
    382,
    952,
    -368,
    395,
    889,
    367,
    465,
    -1010,
    378,
    472,
    -966,
    -378,
    472,
    -966,
    -367,
    465,
    -1010,
    376,
    415,
    -983,
    -376,
    415,
    -983,
    330,
    357,
    979,
    252,
    310,
    1050,
    304,
    315,
    1012,
    -304,
    315,
    1012,
    -252,
    310,
    1050,
    -330,
    357,
    979,
    -358,
    325,
    955,
    358,
    325,
    955,
    -214,
    416,
    -1118,
    -233,
    482,
    -1104,
    -199,
    457,
    -1119,
    199,
    457,
    -1119,
    233,
    482,
    -1104,
    214,
    416,
    -1118,
    -226,
    351,
    1046,
    -354,
    407,
    862,
    -280,
    379,
    983,
    226,
    351,
    1046,
    280,
    379,
    983,
    354,
    407,
    862,
    388,
    412,
    776,
    -388,
    412,
    776,
    379,
    472,
    -905,
    336,
    487,
    -1027,
    -379,
    472,
    -905,
    -336,
    487,
    -1027,
    -312,
    493,
    -1044,
    -270,
    488,
    -1084,
    -343,
    494,
    -980,
    270,
    488,
    -1084,
    312,
    493,
    -1044,
    343,
    494,
    -980,
    -396,
    345,
    889,
    -394,
    403,
    779,
    396,
    345,
    889,
    394,
    403,
    779,
    152,
    466,
    -1125,
    -152,
    466,
    -1125,
    244,
    317,
    1052
  ],
  "morphTargets": [],
  "morphColors": [],
  "normals": [
    0.73421,
    0.26998,
    -0.62293,
    0.39282,
    0.1125,
    -0.91271,
    0.49545,
    0.27767,
    -0.82306,
    -0.49545,
    0.27767,
    -0.82306,
    -0.39282,
    0.1125,
    -0.91271,
    -0.73421,
    0.26998,
    -0.62293,
    0.49622,
    0.80454,
    0.32632,
    0.35713,
    0.81124,
    0.46298,
    0.79569,
    0.44319,
    0.41286,
    -0.79569,
    0.44319,
    0.41286,
    -0.35713,
    0.81124,
    0.46298,
    -0.49622,
    0.80454,
    0.32632,
    0.92242,
    0.096276,
    -0.374,
    0.85591,
    0.50998,
    -0.085702,
    -0.85591,
    0.50998,
    -0.085702,
    -0.92242,
    0.096276,
    -0.374,
    0.97491,
    0.025554,
    -0.22113,
    -0.97491,
    0.025554,
    -0.22113,
    0.59207,
    0.43805,
    0.67644,
    0.50869,
    0.36217,
    0.78107,
    0.59193,
    0.23454,
    0.77111,
    -0.59193,
    0.23454,
    0.77111,
    -0.50497,
    0.35508,
    0.78671,
    -0.59207,
    0.43805,
    0.67644,
    -0.76744,
    0.19458,
    0.61088,
    0.76744,
    0.19458,
    0.61088,
    -0.28789,
    0.085105,
    -0.95387,
    -0.32668,
    0.17397,
    -0.92899,
    -0.21787,
    0.15566,
    -0.96348,
    0.21787,
    0.15566,
    -0.96348,
    0.32668,
    0.17397,
    -0.92899,
    0.28789,
    0.085105,
    -0.95387,
    -0.46565,
    0.46537,
    0.75273,
    -0.32177,
    0.91622,
    0.23875,
    -0.32657,
    0.75199,
    0.5726,
    0.4697,
    0.46061,
    0.75315,
    0.32657,
    0.75199,
    0.5726,
    0.32177,
    0.91622,
    0.23875,
    0.72193,
    0.65589,
    0.22053,
    -0.72193,
    0.65589,
    0.22053,
    0.90835,
    0.41473,
    -0.053806,
    0.42969,
    0.87701,
    -0.21498,
    -0.90835,
    0.41473,
    -0.053806,
    -0.42969,
    0.87701,
    -0.21498,
    -0.55905,
    0.57804,
    -0.59442,
    -0.4855,
    0.38079,
    -0.78695,
    -0.75098,
    0.62551,
    -0.21158,
    0.4855,
    0.38079,
    -0.78695,
    0.55905,
    0.57804,
    -0.59442,
    0.75098,
    0.62551,
    -0.21158,
    -0.90732,
    0.25524,
    0.33409,
    -0.79321,
    0.57047,
    0.21302,
    0.90732,
    0.25524,
    0.33409,
    0.79321,
    0.57047,
    0.21302,
    0.65154,
    0.65971,
    -0.37454,
    -0.65154,
    0.65971,
    -0.37454,
    -0.63991,
    0.72119,
    -0.26532,
    -0.64075,
    0.41681,
    -0.64475,
    0.64075,
    0.41681,
    -0.64475,
    0.63991,
    0.72119,
    -0.26532,
    0.15375,
    0.15532,
    -0.97583,
    -0.15375,
    0.15532,
    -0.97583,
    0.52418,
    0.39233,
    0.75585
  ],
  "colors": [],
  "uvs": [
    []
  ],