{
  "metadata": {
    "formatVersion": 3.1,
    "sourceFile": "reflector.obj",
    "generatedBy": "OBJConverter",
    "vertices": 33,
    "faces": 34,
    "normals": 33,
    "colors": 0,
    "uvs": 0,
    "materials": 1
  },
  "scale": 0.5,
  "materials": [
    {
      "DbgColor": 15658734,
      "DbgIndex": 0,
      "DbgName": "Standard_17",
      "colorAmbient": [
        0.5879999995,
        0.5879999995,
        0.5879999995
      ],
      "colorDiffuse": [
        0.5879999995,
        0.5879999995,
        0.5879999995
      ],
      "colorSpecular": [
        0,
        0,
        0
      ],
      "illumination": 2,
      "opacity": 1,
      "opticalDensity": 1.5,
      "specularCoef": 10,
      "transparent": true
    }
  ],
  "vertices": [
    -414,
    533,
    373,
    -402,
    554,
    324,
    -474,
    534,
    336,
    474,
    534,
    336,
    409,
    552,
    346,
    414,
    533,
    373,
    -393,
    536,
    333,
    -395,
    534,
    358,
    -395,
    493,
    364,
    395,
    493,
    364,
    395,
    534,
    358,
    393,
    536,
    333,
    -477,
    500,
    350,
    -421,
    493,
    388,
    -454,
    534,
    357,
    454,
    534,
    357,
    421,
    493,
    388,
    477,
    500,
    350,
    491,
    504,
    304,
    481,
    535,
    299,
    -491,
    504,
    304,
    -481,
    535,
    299,
    -395,
    497,
    340,
    395,
    497,
    340,
    412,
    480,
    338,
    403,
    554,
    324,
    479,
    535,
    299,
    -479,
    535,
    299,
    -403,
    554,
    324,
    -403,
    488,
    340,
    -489,
    497,
    305,
    489,
    497,
    305,
    402,
    554,
    324
  ],
  "morphTargets": [],
  "morphColors": [],
  "normals": [
    0.13962,
    0.6199,
    0.77216,
    0.12877,
    0.94476,
    0.3014,
    -0.64168,
    0.68254,
    0.34984,
    0.6592,
    0.66527,
    0.35051,
    -0.18728,
    0.92543,
    0.32939,
    -0.13716,
    0.55692,
    0.81916,
    0.93709,
    0.3326,
    0.10606,
    0.76707,
    0.45901,
    0.44825,
    0.88421,
    0.052812,
    0.46409,
    -0.88421,
    0.052812,
    0.46409,
    -0.80975,
    0.39087,
    0.43763,
    -0.90343,
    0.39859,
    0.1579,
    -0.75293,
    0.2688,
    0.6007,
    0.077105,
    0.27759,
    0.9576,
    -0.32684,
    0.80717,
    0.49158,
    0.32684,
    0.80717,
    0.49158,
    -0.077105,
    0.27759,
    0.9576,
    0.75293,
    0.2688,
    0.6007,
    0.92842,
    0.27636,
    0.24832,
    0.72816,
    0.66336,
    0.17242,
    -0.92842,
    0.27636,
    0.24832,
    -0.7219,
    0.66768,
    0.18185,
    0.99706,
    -0.073053,
    -0.023179,
    -0.99706,
    -0.073053,
    -0.023179,
    -0.34371,
    -0.22564,
    -0.91156,
    -0.34371,
    -0.22564,
    -0.91156,
    -0.34371,
    -0.22565,
    -0.91156,
    0.34371,
    -0.22565,
    -0.91156,
    0.34371,
    -0.22564,
    -0.91156,
    0.34371,
    -0.22564,
    -0.91156,
    0.34371,
    -0.22565,
    -0.91156,
    -0.34371,
    -0.22565,
    -0.91156,
    -0.26176,
    0.95354,
    0.14917
  ],
  "colors": [],
  "uvs": [
    []
  ],
  "faces": [
    34,
    0,
    1,
    2,
    0,
    0,
    1,
    2,
    34,
    3,
    4,
    5,
    0,
    3,
    4,
    5,
    34,
    6,
    7,
    8,
    0,
    6,
    7,
    8,
    34,
    9,
    10,
    11,
    0,
    9,
    10,
    11,
    34,
    12,
    13,
    14,
    0,
    12,
    13,
    14,
    34,
    15,
    16,
    17,
    0,
    15,
    16,
    17,
    34,
    18,
    3,
    17,
    0,
    18,
    3,
    17,
    34,
    19,
    4,
    3,
    0,
    19,
    4,
    3,
    34,
    12,
    2,
    20,
    0,
    12,
    2,
    20,
    34,
    2,
    1,
    21,
    0,
    2,
    1,
    21,
    34,
    10,
    9,
    16,
    0,
    10,
    9,
    16,
    34,
    15,
    5,
    16,
    0,
    15,
    5,
    16,
    34,
    13,
    8,
    7,
    0,
    13,
    8,
    7,
    34,
    13,
    0,
    14,
    0,
    13,
    0,
    14,
    34,
    8,
    22,
    6,
    0,
    8,
    22,
    6,
    34,
    11,
    23,
    9,
    0,
    11,
    23,
    9,
    34,
    24,
    25,
    26,
    0,
    24,
    25,
    26,
    34,
    27,
    28,
    29,
    0,
    27,
    28,
    29,
    34,
    7,
    0,
    13,
    0,
    7,
    0,
    13,
    34,
    1,
    0,
    7,
    0,
    1,
    0,
    7,
    34,
    10,
    5,
    4,
    0,
    10,
    5,
    4,
    34,
    16,
    5,
    10,
    0,
    16,
    5,
    10,
    34,
    11,
    10,
    4,
    0,
    11,
    10,
    4,
    34,
    1,
    7,
    6,
    0,
    1,
    7,
    6,
    34,
    5,
    15,
    3,
    0,
    5,
    15,
    3,
    34,
    17,
    3,
    15,
    0,
    17,
    3,
    15,
    34,
    14,
    2,
    12,
    0,
    14,
    2,
    12,
    34,
    2,
    14,
    0,
    0,
    2,
    14,
    0,
    34,
    20,
    2,
    21,
    0,
    20,
    2,
    21,
    34,
    19,
    3,
    18,
    0,
    19,
    3,
    18,
    34,
    27,
    29,
    30,
    0,
    27,
    29,
    30,
    34,
    31,
    24,
    26,
    0,
    31,
    24,
    26,
    34,
    4,
    32,
    11,
    0,
    4,
    32,
    11,
    34,
    19,
    32,
    4,
    0,
    19,
    32,
    4
  ]
}