{
  "metadata": {
    "formatVersion": 3.1,
    "sourceFile": "roof.obj",
    "generatedBy": "OBJConverter",
    "vertices": 105,
    "faces": 176,
    "normals": 105,
    "colors": 0,
    "uvs": 0,
    "materials": 1
  },
  "scale": 0.5,
  "materials": [
    {
      "DbgColor": 15658734,
      "DbgIndex": 0,
      "DbgName": "Standard_17",
      "colorAmbient": [
        0.5879999995,
        0.5879999995,
        0.5879999995
      ],
      "colorDiffuse": [
        0.5879999995,
        0.5879999995,
        0.5879999995
      ],
      "colorSpecular": [
        0,
        0,
        0
      ],
      "illumination": 2,
      "opacity": 1,
      "opticalDensity": 1.5,
      "specularCoef": 10,
      "transparent": true
    }
  ],
  "vertices": [
    -45,
    715,
    -370,
    91,
    719,
    -311,
    45,
    699,
    -494,
    -138,
    717,
    -310,
    -45,
    699,
    -494,
    -184,
    701,
    -425,
    46,
    711,
    77,
    -92,
    710,
    77,
    -48,
    691,
    174,
    190,
    706,
    62,
    267,
    691,
    88,
    258,
    710,
    -51,
    -195,
    684,
    162,
    -97,
    690,
    172,
    -170,
    706,
    75,
    -258,
    710,
    -51,
    -267,
    691,
    88,
    -190,
    706,
    62,
    -17,
    700,
    -526,
    -7,
    702,
    -585,
    -18,
    689,
    -587,
    5,
    713,
    -553,
    17,
    700,
    -526,
    10,
    698,
    -586,
    183,
    709,
    -364,
    254,
    706,
    -305,
    258,
    684,
    -479,
    192,
    718,
    -46,
    -192,
    718,
    -46,
    94,
    679,
    -605,
    188,
    665,
    -598,
    -46,
    672,
    -608,
    143,
    677,
    -601,
    170,
    706,
    75,
    97,
    690,
    172,
    195,
    684,
    162,
    -97,
    681,
    172,
    97,
    681,
    172,
    48,
    691,
    174,
    -10,
    708,
    -538,
    185,
    722,
    -138,
    189,
    722,
    -132,
    254,
    712,
    -201,
    -179,
    717,
    -140,
    179,
    717,
    -140,
    135,
    725,
    -144,
    -143,
    677,
    -601,
    -94,
    679,
    -605,
    -188,
    665,
    -598,
    -262,
    657,
    -587,
    -255,
    696,
    -359,
    -258,
    684,
    -479,
    -254,
    712,
    -201,
    -256,
    713,
    -102,
    -189,
    722,
    -132,
    -254,
    706,
    -305,
    -185,
    722,
    -138,
    45,
    729,
    -144,
    -90,
    727,
    -144,
    255,
    696,
    -359,
    262,
    657,
    -587,
    -274,
    668,
    151,
    -256,
    708,
    -102,
    -268,
    684,
    88,
    182,
    714,
    -308,
    274,
    668,
    151,
    268,
    684,
    88,
    258,
    705,
    -51,
    92,
    704,
    77,
    189,
    700,
    62,
    179,
    722,
    -141,
    -45,
    724,
    -257,
    91,
    723,
    -256,
    -189,
    700,
    62,
    -92,
    704,
    77,
    -18,
    680,
    -589,
    -18,
    692,
    -522,
    -189,
    716,
    -132,
    189,
    716,
    -132,
    256,
    708,
    -102,
    254,
    705,
    -253,
    256,
    713,
    -102,
    -261,
    665,
    -587,
    -188,
    673,
    -597,
    -138,
    721,
    -255,
    -182,
    714,
    -308,
    -179,
    722,
    -141,
    2,
    715,
    -585,
    -3,
    716,
    -569,
    205,
    691,
    -484,
    188,
    673,
    -597,
    261,
    665,
    -587,
    18,
    692,
    -522,
    18,
    680,
    -589,
    -180,
    700,
    73,
    -186,
    706,
    70,
    18,
    689,
    -587,
    -254,
    705,
    -253,
    -205,
    691,
    -484,
    -2,
    715,
    -585,
    186,
    706,
    70,
    180,
    700,
    73,
    0,
    681,
    -608,
    274,
    677,
    151,
    -274,
    677,
    151
  ],
  "morphTargets": [],
  "morphColors": [],
  "normals": [
    -0.020693,
    0.99393,
    -0.10807,
    0.034728,
    0.99532,
    -0.090153,
    0.030852,
    0.98926,
    -0.14287,
    -0.055345,
    0.99436,
    -0.09044,
    -0.028464,
    0.98903,
    -0.14493,
    -0.091568,
    0.9877,
    -0.12678,
    0.013688,
    0.79788,
    -0.60266,
    -0.021195,
    0.80155,
    -0.59755,
    -0.013716,
    0.56155,
    0.82733,
    -0.48436,
    0.87224,
    -0.067775,
    0.70516,
    0.70533,
    0.072589,
    0.68723,
    0.72593,
    0.027297,
    -0.12838,
    0.49548,
    0.85908,
    -0.08528,
    0.63528,
    0.76756,
    -0.0097149,
    0.87255,
    -0.48843,
    -0.65714,
    0.7532,
    0.029329,
    -0.70463,
    0.70569,
    0.07417,
    0.48436,
    0.87224,
    -0.067775,
    -0.65749,
    0.57052,
    0.49216,
    -0.5508,
    0.38759,
    -0.73918,
    -0.72244,
    0.29346,
    -0.62607,
    0.44512,
    0.88801,
    0.11537,
    0.65191,
    0.58119,
    0.48706,
    0.51302,
    0.42283,
    -0.74701,
    0.091218,
    0.98896,
    -0.11679,
    0.67761,
    0.73344,
    -0.053988,
    0.71524,
    0.6936,
    -0.085801,
    -0.50291,
    0.86174,
    0.067003,
    0.50291,
    0.86174,
    0.067003,
    0.059821,
    0.53209,
    -0.84457,
    0.1198,
    0.04158,
    -0.99193,
    -0.029693,
    0.14829,
    -0.9885,
    0.094108,
    0.62775,
    -0.7727,
    0.0078344,
    0.87284,
    -0.48794,
    0.084589,
    0.63705,
    0.76617,
    0.12838,
    0.49548,
    0.85908,
    -0.081408,
    0.017951,
    0.99652,
    0.081408,
    0.017951,
    0.99652,
    0.014901,
    0.56086,
    0.82777,
    -0.41015,
    0.88112,
    0.23537,
    -0.18169,
    0.91572,
    0.35838,
    -0.52964,
    0.82554,
    0.19484,
    0.67378,
    0.73799,
    -0.037292,
    0.3834,
    0.066436,
    0.92119,
    -0.39527,
    0.076677,
    0.91536,
    0.03265,
    0.83687,
    0.54643,
    -0.09404,
    0.62652,
    -0.77371,
    -0.075066,
    0.62425,
    -0.77761,
    -0.12126,
    0.05064,
    -0.99133,
    -0.75136,
    0.09704,
    -0.65272,
    -0.99329,
    0.11526,
    0.0097086,
    -0.71564,
    0.69312,
    -0.086255,
    -0.67378,
    0.73799,
    -0.037292,
    -0.68652,
    0.7271,
    0.0019776,
    0.52964,
    0.82554,
    0.19484,
    -0.67685,
    0.73408,
    -0.054801,
    0.18169,
    0.91572,
    0.35838,
    0.013123,
    0.78616,
    0.61788,
    -0.022886,
    0.82894,
    0.55887,
    0.99329,
    0.11526,
    0.0097086,
    0.75136,
    0.09704,
    -0.65272,
    -0.7481,
    0.061943,
    0.66068,
    -0.98723,
    0.15721,
    -0.02582,
    -0.99047,
    0.12519,
    -0.057354,
    0.0889,
    0.99324,
    -0.0747,
    0.7481,
    0.061943,
    0.66069,
    0.99034,
    0.12527,
    -0.059502,
    0.98721,
    0.15492,
    -0.037695,
    -0.01291,
    -0.011126,
    -0.99985,
    -0.92721,
    0.13625,
    -0.34889,
    -0.14785,
    0.82499,
    0.54546,
    -0.014552,
    0.99818,
    -0.058439,
    0.038033,
    0.9978,
    -0.05424,
    0.92721,
    0.13625,
    -0.34889,
    0.0080356,
    0.07426,
    -0.99721,
    -0.6102,
    0.14156,
    -0.7795,
    -0.63494,
    0.36942,
    0.67852,
    0.92452,
    0.13257,
    0.35733,
    -0.92452,
    0.13256,
    0.35733,
    0.98774,
    0.154,
    -0.025457,
    0.99531,
    0.096515,
    -0.0061551,
    0.68652,
    0.7271,
    0.0019776,
    -0.63695,
    0.53032,
    -0.55952,
    -0.14409,
    0.66171,
    -0.73579,
    -0.063554,
    0.99659,
    -0.052564,
    -0.095654,
    0.99201,
    -0.0822,
    0.13671,
    0.82772,
    0.54423,
    0.41472,
    0.66766,
    -0.61825,
    -0.43814,
    0.89888,
    0.0062979,
    0.0962,
    0.98461,
    -0.14592,
    0.14409,
    0.66171,
    -0.73579,
    0.63695,
    0.53032,
    -0.55952,
    0.63494,
    0.36942,
    0.67852,
    0.6102,
    0.14156,
    -0.7795,
    0.42239,
    0.031531,
    -0.90587,
    0.28086,
    0.95267,
    -0.11637,
    0.71972,
    0.30948,
    -0.62146,
    -0.99531,
    0.096515,
    -0.0061551,
    -0.10707,
    0.98267,
    -0.1513,
    -0.46689,
    0.66198,
    -0.58634,
    -0.28086,
    0.95267,
    -0.11637,
    -0.42239,
    0.031531,
    -0.90587,
    0.015429,
    0.60551,
    -0.79569,
    0.66517,
    0.511,
    0.54445,
    -0.66517,
    0.511,
    0.54445
  ],
  "colors": [],