{
  "metadata": {
    "formatVersion": 3.1,
    "sourceFile": "hood.obj",
    "generatedBy": "OBJConverter",
    "vertices": 61,
    "faces": 102,
    "normals": 61,
    "colors": 0,
    "uvs": 0,
    "materials": 1
  },
  "scale": 0.5,
  "materials": [
    {
      "DbgColor": 15658734,
      "DbgIndex": 0,
      "DbgName": "Material__483",
      "colorAmbient": [
        0.987,
        0.987,
        0.987
      ],
      "colorDiffuse": [
        0.987,
        0.987,
        0.987
      ],
      "colorSpecular": [
        0.936,
        0.936,
        0.936
      ],
      "illumination": 2,
      "opacity": 1,
      "opticalDensity": 1.5,
      "specularCoef": 20,
      "transparent": true
    }
  ],
  "vertices": [
    0,
    470,
    588,
    34,
    503,
    486,
    -135,
    502,
    477,
    -228,
    458,
    584,
    -213,
    428,
    635,
    -29,
    444,
    641,
    213,
    428,
    635,
    54,
    414,
    674,
    107,
    401,
    678,
    -277,
    504,
    441,
    -187,
    376,
    659,
    52,
    376,
    681,
    -106,
    378,
    685,
    -107,
    401,
    678,
    62,
    470,
    586,
    228,
    458,
    584,
    204,
    503,
    465,
    87,
    444,
    637,
    274,
    473,
    559,
    277,
    504,
    441,
    -311,
    505,
    419,
    -274,
    473,
    559,
    286,
    440,
    612,
    254,
    425,
    636,
    229,
    404,
    642,
    197,
    375,
    666,
    233,
    406,
    651,
    -229,
    404,
    642,
    -254,
    425,
    636,
    -286,
    440,
    612,
    -233,
    406,
    651,
    -197,
    375,
    666,
    -313,
    444,
    578,
    -334,
    497,
    389,
    -322,
    469,
    551,
    313,
    444,
    578,
    320,
    461,
    547,
    335,
    507,
    391,
    322,
    469,
    551,
    187,
    376,
    659,
    53,
    378,
    691,
    218,
    363,
    663,
    214,
    362,
    654,
    -214,
    362,
    654,
    -218,
    363,
    663,
    -53,
    378,
    691,
    26,
    390,
    690,
    334,
    497,
    389,
    311,
    505,
    419,
    276,
    494,
    443,
    317,
    451,
    584,
    285,
    459,
    586,
    -335,
    507,
    391,
    -276,
    494,
    443,
    169,
    493,
    473,
    -67,
    493,
    485,
    -202,
    362,
    665,
    202,
    362,
    665,
    -317,
    451,
    584,
    201,
    362,
    655,
    -201,
    362,
    655
  ],
  "morphTargets": [],
  "morphColors": [],
  "normals": [
    -0.010366,
    0.92412,
    0.38197,
    -0.017638,
    0.94445,
    -0.32817,
    0.055866,
    0.9831,
    -0.17432,
    -0.01767,
    0.90431,
    0.4265,
    -0.075865,
    0.76473,
    0.63986,
    -0.036019,
    0.81443,
    0.57914,
    0.081831,
    0.75985,
    0.64493,
    0.041287,
    0.64135,
    0.76613,
    0.14282,
    0.43703,
    0.88803,
    0.27732,
    0.77762,
    -0.56428,
    0.20557,
    -0.9705,
    0.12598,
    0.018875,
    -0.97636,
    0.21532,
    -0.1214,
    -0.5449,
    0.82967,
    -0.11494,
    0.51555,
    0.84911,
    0.037925,
    0.92432,
    0.37973,
    0.02107,
    0.89512,
    0.44534,
    -0.16551,
    0.85163,
    -0.49732,
    0.066792,
    0.82797,
    0.55678,
    0.024793,
    0.93148,
    0.36295,
    -0.30233,
    0.76042,
    -0.57477,
    0.24116,
    0.94876,
    -0.20419,
    -0.0023694,
    0.93064,
    0.36592,
    0.57715,
    0.14796,
    0.80312,
    0.51448,
    0.17115,
    0.84025,
    0.80189,
    -0.59358,
    -0.068062,
    -0.09917,
    -0.24314,
    0.96491,
    0.7245,
    0.017403,
    0.68906,
    -0.80189,
    -0.59358,
    -0.068062,
    -0.51448,
    0.17115,
    0.84025,
    -0.57827,
    0.19605,
    0.79194,
    -0.72506,
    0.017707,
    0.68846,
    0.096703,
    -0.24839,
    0.96382,
    -0.79328,
    -0.59125,
    0.14535,
    -0.47347,
    0.23808,
    -0.84803,
    -0.81969,
    0.49141,
    0.29432,
    0.78439,
    -0.59844,
    0.16309,
    0.97181,
    -0.2254,
    0.069128,
    0.39355,
    0.66071,
    -0.63921,
    0.79267,
    0.53356,
    0.29493,
    -0.20301,
    -0.97269,
    0.11249,
    0.082342,
    -0.50019,
    0.86199,
    0.6404,
    -0.57472,
    0.50949,
    0.46597,
    -0.87468,
    -0.13341,
    -0.46597,
    -0.87468,
    -0.13341,
    -0.6404,
    -0.57472,
    0.50949,
    -0.055114,
    -0.51894,
    0.85303,
    0.0031754,
    0.33149,
    0.94345,
    0.4398,
    0.27144,
    -0.85609,
    -0.24116,
    0.94876,
    -0.20419,
    -0.41898,
    -0.14233,
    -0.89677,
    0.8453,
    0.089254,
    0.52679,
    0.098868,
    0.85686,
    0.50598,
    -0.39168,
    0.66138,
    -0.63966,
    0.36184,
    -0.16554,
    -0.91743,
    -0.13175,
    -0.30097,
    -0.94449,
    0.05733,
    -0.37753,
    -0.92422,
    0.40021,
    -0.6634,
    0.63225,
    -0.40021,
    -0.6634,
    0.63225,
    -0.82856,
    0.13057,
    0.54447,
    -0.43389,
    -0.87959,
    0.19512,
    0.43389,
    -0.87959,
    0.19512
  ],
  "colors": [],
  "uvs": [
    []
  ],