{
  "metadata": {
    "formatVersion": 3.1,
    "sourceFile": "reflector.obj",
    "generatedBy": "OBJConverter",
    "vertices": 57,
    "faces": 81,
    "normals": 57,
    "colors": 0,
    "uvs": 0,
    "materials": 1
  },
  "scale": 0.5,
  "materials": [
    {
      "DbgColor": 15658734,
      "DbgIndex": 0,
      "DbgName": "Material__483",
      "colorAmbient": [
        0.5725490451,
        0.5725490451,
        0.5725490451
      ],
      "colorDiffuse": [
        0.5725490451,
        0.5725490451,
        0.5725490451
      ],
      "colorSpecular": [
        0,
        0,
        0
      ],
      "illumination": 2,
      "opacity": 1,
      "opticalDensity": 1.5,
      "specularCoef": 10,
      "transparent": true
    }
  ],
  "vertices": [
    -433,
    553,
    227,
    -447,
    544,
    223,
    -384,
    544,
    252,
    384,
    544,
    252,
    447,
    544,
    223,
    433,
    553,
    227,
    -428,
    567,
    215,
    -420,
    573,
    190,
    -452,
    562,
    176,
    -389,
    553,
    248,
    452,
    562,
    176,
    420,
    573,
    190,
    428,
    567,
    215,
    389,
    553,
    248,
    -463,
    514,
    170,
    -389,
    569,
    202,
    -391,
    506,
    200,
    389,
    569,
    202,
    463,
    514,
    170,
    383,
    532,
    204,
    466,
    528,
    204,
    470,
    531,
    176,
    455,
    559,
    190,
    -455,
    559,
    190,
    -470,
    531,
    176,
    -466,
    528,
    204,
    380,
    547,
    236,
    386,
    572,
    205,
    378,
    527,
    209,
    -378,
    527,
    209,
    -386,
    572,
    205,
    -380,
    547,
    236,
    450,
    560,
    176,
    -450,
    560,
    176,
    385,
    562,
    236,
    -385,
    562,
    236,
    -385,
    520,
    253,
    -388,
    522,
    255,
    385,
    520,
    253,
    388,
    522,
    255,
    -442,
    565,
    180,
    442,
    565,
    180,
    -458,
    526,
    212,
    458,
    526,
    212,
    -383,
    532,
    204,
    391,
    506,
    200,
    -466,
    534,
    172,
    466,
    534,
    172,
    466,
    541,
    171,
    -466,
    541,
    171,
    387,
    570,
    204,
    -387,
    570,
    204,
    381,
    524,
    209,
    -381,
    524,
    209,
    -450,
    509,
    176,
    465,
    526,
    169,
    404,
    572,
    195
  ],
  "morphTargets": [],
  "morphColors": [],
  "normals": [
    -0.47159,
    0.49439,
    0.73019,
    -0.64572,
    0.26577,
    0.71583,
    0.45838,
    0.24116,
    0.85541,
    -0.45838,
    0.24116,
    0.85541,
    0.64572,
    0.26577,
    0.71583,
    0.47159,
    0.49439,
    0.73019,
    -0.3261,
    0.8552,
    0.40284,
    0.12141,
    0.83003,
    -0.54434,
    -0.30326,
    0.66976,
    -0.67783,
    0.0040361,
    0.56569,
    0.82461,
    0.30326,
    0.66976,
    -0.67783,
    -0.12141,
    0.83003,
    -0.54434,
    0.3261,
    0.8552,
    0.40284,
    -0.0040362,
    0.56569,
    0.82461,
    0.39209,
    -0.0000041655,
    -0.91993,
    0.39209,
    5.941e-7,
    -0.91993,
    0.39209,
    4.334e-7,
    -0.91993,
    -0.39209,
    -1.107e-7,
    -0.91993,
    -0.39208,
    0.0000013956,
    -0.91993,
    -0.39209,
    0.000001357,
    -0.91993,
    0.82353,
    -0.50652,
    0.25542,
    0.76865,
    -0.58399,
    -0.26102,
    0.70157,
    0.68715,
    0.18877,
    -0.70157,
    0.68715,
    0.18877,
    -0.76865,
    -0.58399,
    -0.26102,
    -0.82353,
    -0.50652,
    0.25542,
    -0.97963,
    0.14018,
    0.14382,
    -0.57935,
    0.73896,
    -0.34393,
    -0.7956,
    -0.27425,
    -0.54019,
    0.7956,
    -0.27425,
    -0.54019,
    0.57935,
    0.73896,
    -0.34393,
    0.97963,
    0.14018,
    0.14382,
    -0.39209,
    -8.651e-7,
    -0.91993,
    0.39209,
    -0.000001286,
    -0.91993,
    -0.47746,
    0.76534,
    0.43161,
    0.47746,
    0.76534,
    0.43161,
    0.71411,
    -0.43021,
    0.55224,
    -0.027606,
    -0.46104,
    0.88695,
    -0.71411,
    -0.43021,
    0.55224,
    0.027606,
    -0.46104,
    0.88695,
    0.2656,
    0.33912,
    -0.90247,
    -0.2656,
    0.33912,
    -0.90247,
    -0.66808,
    -0.207,
    0.71472,
    0.66808,
    -0.207,
    0.71472,
    0.39209,
    0.0000012198,
    -0.91993,
    -0.39209,
    0.0000024859,
    -0.91993,
    -0.27819,
    -0.44611,
    -0.85064,
    0.27819,
    -0.44611,
    -0.85064,
    0.48071,
    0.33836,
    -0.80897,
    -0.48071,
    0.33836,
    -0.80897,
    -0.42106,
    0.016645,
    -0.90688,
    0.42106,
    0.016645,
    -0.90688,
    -0.65159,
    -0.61457,
    -0.44468,
    0.65159,
    -0.61457,
    -0.44468,
    0.39208,
    -0.00002974,
    -0.91993,
    -0.39207,
    0.0000051446,
    -0.91994,
    -0.39209,
    -0.0000011581,
    -0.91993
  ],
  "colors": [],
  "uvs": [
    []
  ],