{
  "metadata": {
    "formatVersion": 3.1,
    "sourceFile": "roof.obj",
    "generatedBy": "OBJConverter",
    "vertices": 21,
    "faces": 33,
    "normals": 21,
    "colors": 0,
    "uvs": 0,
    "materials": 1
  },
  "scale": 0.5,
  "materials": [
    {
      "DbgColor": 15658734,
      "DbgIndex": 0,
      "DbgName": "Material__483",
      "colorAmbient": [
        0.5725490451,
        0.5725490451,
        0.5725490451
      ],
      "colorDiffuse": [
        0.5725490451,
        0.5725490451,
        0.5725490451
      ],
      "colorSpecular": [
        0,
        0,
        0
      ],
      "illumination": 2,
      "opacity": 1,
      "opticalDensity": 1.5,
      "specularCoef": 10,
      "transparent": true
    }
  ],
  "vertices": [
    260,
    719,
    111,
    260,
    749,
    -85,
    -43,
    759,
    22,
    0,
    755,
    -508,
    -169,
    763,
    -275,
    0,
    774,
    -183,
    252,
    750,
    -309,
    258,
    740,
    -85,
    236,
    727,
    -473,
    -43,
    736,
    124,
    -259,
    710,
    110,
    259,
    710,
    110,
    -260,
    749,
    -85,
    -260,
    719,
    111,
    -236,
    727,
    -473,
    -258,
    740,
    -85,
    -252,
    750,
    -309,
    -162,
    747,
    -492,
    238,
    736,
    -473,
    0,
    745,
    -507,
    -238,
    736,
    -473
  ],
  "morphTargets": [],
  "morphColors": [],
  "normals": [
    0.64875,
    0.44293,
    0.61882,
    0.76387,
    0.64432,
    0.036912,
    -0.016441,
    0.98878,
    0.14849,
    0.027252,
    0.65962,
    -0.7511,
    -0.095038,
    0.9951,
    -0.027134,
    0.010387,
    0.99987,
    0.011958,
    0.83749,
    0.54154,
    -0.073126,
    0.99098,
    -0.13087,
    -0.028773,
    0.69586,
    -0.19032,
    -0.6925,
    -0.010115,
    0.43696,
    0.89943,
    -0.68042,
    -0.17174,
    0.71242,
    0.67572,
    -0.16541,
    0.71836,
    -0.77005,
    0.63699,
    0.035491,
    -0.65851,
    0.43326,
    0.61535,
    -0.72052,
    -0.23006,
    -0.65416,
    -0.99098,
    -0.13087,
    -0.028773,
    -0.85468,
    0.51385,
    -0.074069,
    -0.17487,
    0.46435,
    -0.86821,
    0.66579,
    0.45765,
    -0.5893,
    0.025122,
    -0.048007,
    -0.99853,
    -0.70753,
    0.4315,
    -0.55965
  ],
  "colors": [],
  "uvs": [
    []
  ],
  "faces": [
    34,
    0,
    1,
    2,
    0,
    0,
    1,
    2,
    34,
    3,
    4,
    5,
    0,
    3,
    4,
    5,
    34,
    3,
    5,
    6,
    0,
    3,
    5,
    6,
    34,
    6,
    7,
    8,
    0,
    6,
    7,
    8,
    34,
    9,
    10,
    11,
    0,
    9,
    10,
    11,
    34,
    2,
    12,
    13,
    0,
    2,
    12,
    13,
    34,
    14,
    15,
    16,
    0,
    14,
    15,
    16,
    34,
    4,
    3,
    17,
    0,
    4,
    3,
    17,
    34,
    18,
    3,
    6,
    0,
    18,
    3,
    6,
    34,
    8,
    19,
    3,
    0,
    8,
    19,
    3,
    34,
    13,
    9,
    2,
    0,
    13,
    9,
    2,
    34,
    2,
    9,
    0,
    0,
    2,
    9,
    0,
    34,
    0,
    9,
    11,
    0,
    0,
    9,
    11,
    34,
    7,
    1,
    0,
    0,
    7,
    1,
    0,
    34,
    13,
    12,
    15,
    0,
    13,
    12,
    15,
    34,
    10,
    9,
    13,
    0,
    10,
    9,
    13,
    34,
    5,
    4,
    12,
    0,
    5,
    4,
    12,
    34,
    15,
    12,
    16,
    0,
    15,
    12,
    16,
    34,
    1,
    6,
    5,
    0,
    1,
    6,
    5,
    34,
    6,
    1,
    7,
    0,
    6,
    1,
    7,
    34,
    16,
    20,
    14,
    0,
    16,
    20,
    14,
    34,
    19,
    17,
    3,
    0,
    19,
    17,
    3,
    34,
    8,
    18,
    6,
    0,
    8,
    18,
    6,
    34,
    3,
    18,
    8,
    0,
    3,
    18,
    8,
    34,
    19,
    14,
    17,
    0,
    19,
    14,
    17,
    34,
    2,
    1,
    5,
    0,
    2,
    1,
    5,
    34,
    5,
    12,
    2,
    0,
    5,
    12,
    2,
    34,
    4,
    16,
    12,
    0,
    4,
    16,
    12,
    34,
    4,
    17,
    16,
    0,
    4,
    17,
    16,
    34,
    0,
    11,
    7,
    0,
    0,
    11,
    7,
    34,
    15,
    10,
    13,
    0,
    15,
    10,
    13,
    34,
    14,
    20,
    17,
    0,
    14,
    20,
    17,
    34,
    20,
    16,
    17,
    0,
    20,
    16,
    17
  ]
}