{
  "metadata": {
    "formatVersion": 3.1,
    "sourceFile": "trunk.obj",
    "generatedBy": "OBJConverter",
    "vertices": 80,
    "faces": 131,
    "normals": 82,
    "colors": 0,
    "uvs": 0,
    "materials": 1
  },
  "scale": 0.5,
  "materials": [
    {
      "DbgColor": 15658734,
      "DbgIndex": 0,
      "DbgName": "Material__483",
      "colorAmbient": [
        0.5725490451,
        0.5725490451,
        0.5725490451
      ],
      "colorDiffuse": [
        0.5725490451,
        0.5725490451,
        0.5725490451
      ],
      "colorSpecular": [
        0,
        0,
        0
      ],
      "illumination": 2,
      "opacity": 1,
      "opticalDensity": 1.5,
      "specularCoef": 10,
      "transparent": true
    }
  ],
  "vertices": [
    0,
    454,
    -637,
    186,
    472,
    -632,
    174,
    387,
    -635,
    0,
    381,
    -648,
    -237,
    306,
    -596,
    -171,
    299,
    -619,
    64,
    298,
    -630,
    0,
    527,
    -635,
    -186,
    472,
    -632,
    -160,
    527,
    -621,
    53,
    476,
    -648,
    288,
    389,
    -610,
    281,
    344,
    -621,
    -130,
    320,
    -625,
    130,
    320,
    -625,
    -174,
    387,
    -635,
    -281,
    344,
    -621,
    -288,
    389,
    -610,
    -376,
    426,
    -544,
    -276,
    414,
    -603,
    -337,
    403,
    -592,
    337,
    403,
    -592,
    276,
    414,
    -603,
    376,
    426,
    -544,
    266,
    331,
    -624,
    253,
    313,
    -605,
    175,
    320,
    -619,
    281,
    346,
    -591,
    -175,
    320,
    -619,
    -253,
    313,
    -605,
    -266,
    331,
    -624,
    -281,
    346,
    -591,
    160,
    527,
    -621,
    365,
    518,
    -525,
    281,
    514,
    -593,
    304,
    553,
    -553,
    -304,
    553,
    -553,
    -281,
    514,
    -593,
    -365,
    518,
    -525,
    256,
    417,
    -619,
    -256,
    417,
    -619,
    -164,
    326,
    -641,
    0,
    326,
    -654,
    -385,
    481,
    -504,
    -369,
    369,
    -555,
    -364,
    509,
    -496,
    364,
    509,
    -496,
    369,
    369,
    -555,
    385,
    481,
    -504,
    164,
    326,
    -641,
    -269,
    418,
    -619,
    -256,
    477,
    -610,
    -269,
    519,
    -593,
    -297,
    547,
    -548,
    -257,
    488,
    -596,
    256,
    477,
    -610,
    269,
    418,
    -619,
    257,
    488,
    -596,
    297,
    547,
    -548,
    269,
    519,
    -593,
    375,
    373,
    -562,
    368,
    413,
    -569,
    268,
    398,
    -616,
    -375,
    373,
    -562,
    -268,
    398,
    -616,
    -368,
    413,
    -569,
    273,
    525,
    -588,
    -43,
    528,
    -621,
    273,
    525,
    -578,
    -273,
    525,
    -578,
    -273,
    525,
    -588,
    237,
    306,
    -596,
    278,
    505,
    -583,
    -278,
    505,
    -583,
    267,
    398,
    -604,
    -267,
    398,
    -604,
    364,
    515,
    -514,
    -364,
    515,
    -514,
    266,
    400,
    -606,
    -266,
    400,
    -606
  ],
  "morphTargets": [],
  "morphColors": [],
  "normals": [
    -0.019777,
    -0.1152,
    -0.99315,
    0.254,
    0.20035,
    -0.94623,
    0.11845,
    0.062278,
    -0.99101,
    0.00081345,
    0.12223,
    -0.9925,
    -0.272,
    -0.95928,
    -0.07608,
    -0.11301,
    -0.81349,
    -0.57049,
    0.011799,
    -0.71711,
    -0.69686,
    -0.01824,
    0.75059,
    -0.66051,
    -0.24587,
    0.20367,
    -0.94766,
    -0.12086,
    0.78189,
    -0.61159,
    0.061119,
    -0.14966,
    -0.98685,
    0.87841,
    0.4655,
    -0.10819,
    0.75329,
    -0.25662,
    -0.60556,
    -0.047341,
    -0.60961,
    -0.79128,
    0.085473,
    -0.59961,
    -0.79571,
    -0.11903,
    0.062686,
    -0.99091,
    -0.75329,
    -0.25662,
    -0.60556,
    -0.87841,
    0.4655,
    -0.10819,
    0.95461,
    0.29471,
    0.043067,
    -0.60724,
    0.7816,
    -0.14267,
    -0.40374,
    0.21559,
    -0.88911,
    0.40374,
    0.21559,
    -0.88911,
    0.60724,
    0.7816,
    -0.14267,
    -0.95461,
    0.29471,
    0.043067,
    0.42814,
    -0.48105,
    -0.76504,
    0.45823,
    -0.88099,
    -0.1178,
    0.13663,
    -0.61595,
    -0.77585,
    0.90447,
    -0.37448,
    0.20419,
    -0.15291,
    -0.48693,
    -0.85995,
    -0.47126,
    -0.87411,
    -0.11769,
    -0.42814,
    -0.48105,
    -0.76504,
    -0.90447,
    -0.37448,
    0.20419,
    0.12976,
    0.79053,
    -0.59852,
    0.86581,
    0.32527,
    -0.38024,
    0.57307,
    0.16901,
    -0.80189,
    0.096221,
    0.98253,
    -0.1593,
    -0.096221,
    0.98253,
    -0.1593,
    -0.57307,
    0.16901,
    -0.80189,
    -0.86581,
    0.32527,
    -0.38024,
    0.52286,
    0.11105,
    -0.84516,
    -0.52286,
    0.11105,
    -0.84516,
    -0.12104,
    -0.30997,
    -0.94301,
    0.001045,
    -0.56593,
    -0.82445,
    -0.81636,
    -0.068311,
    0.57349,
    -0.46473,
    -0.88526,
    0.018495,
    -0.60772,
    0.60922,
    0.50943,
    0.60772,
    0.60922,
    0.50943,
    0.46473,
    -0.88526,
    0.018495,
    0.81636,
    -0.068311,
    0.57349,
    0.11974,
    -0.30892,
    -0.94352,
    -0.0070529,
    0.10895,
    -0.99402,
    0.67639,
    0.16412,
    -0.71803,
    0.56642,
    0.66391,
    -0.48825,
    0.48556,
    0.82033,
    0.30215,
    0.96107,
    0.26762,
    -0.068678,
    -0.67639,
    0.16412,
    -0.71803,
    0.007053,
    0.10895,
    -0.99402,
    -0.96107,
    0.26762,
    -0.068678,
    -0.48556,
    0.82033,
    0.30215,
    -0.56642,
    0.66391,
    -0.48825,
    0.77205,
    -0.56325,
    -0.29443,
    0.59051,
    0.4857,
    -0.64451,
    -0.44731,
    -0.61305,
    -0.65122,
    -0.77205,
    -0.56325,
    -0.29443,
    0.44731,
    -0.61305,
    -0.65122,
    -0.59051,
    0.4857,
    -0.64451,
    -0.040937,
    -0.95481,
    -0.29438,
    0.69621,
    0.58301,
    -0.4188,
    -0.0056543,
    0.99808,
    -0.061639,
    0.73658,
    0.67194,
    -0.077051,
    -0.75016,
    0.65635,
    -0.080368,
    -0.69621,
    0.58301,
    -0.4188,
    0.2255,
    -0.95225,
    -0.20584,
    0.87039,
    -0.47495,
    -0.12982,
    -0.87039,
    -0.47495,
    -0.12982,
    0.040937,
    -0.95481,
    -0.29438,
    0.66702,
    0.56969,
    0.48014,
    -0.66702,
    0.56969,
    0.48014,
    -0.70278,
    -0.66747,
    -0.24615,
    0.70278,
    -0.66747,
    -0.24615,
    -0.7865,
    -0.61744,
    -0.013995,
    0.7865,
    -0.61743,
    -0.013995
  ],
  "colors": [],
  "uvs": [
    []
  ],