{

    "metadata" :
    {
        "formatVersion" : 3.1,
        "sourceFile"    : "20160103.obj",
        "generatedBy"   : "OBJConverter",
        "vertices"      : 178,
        "faces"         : 83,
        "normals"       : 19,
        "colors"        : 0,
        "uvs"           : 244,
        "materials"     : 1
    },

    "scale" : 1.750000,

    "materials": [	{
	"DbgColor" : 15658734,
	"DbgIndex" : 0,
	"DbgName" : "_2016cheku10___Default",
	"colorAmbient" : [1.0, 1.0, 1.0],
	"colorDiffuse" : [1.0, 1.0, 1.0],
	"colorSpecular" : [1.0, 1.0, 1.0],
	"illumination" : 2,
	"mapAmbient" : "garage.jpg",
	"mapDiffuse" : "garage.jpg",
	"opacity" : 1.0,
	"opticalDensity" : 1.5,
	"specularCoef" : 9.9999990463,
	"transparent" : true
	}],

    "vertices": [-5810.131836,8201.645508,6094.276855,-5810.131836,8201.645508,-5950.441895,-5316.001953,8201.645508,-5950.441895,-5316.001953,8201.645508,6094.276855,-5316.001953,8519.658203,-5950.441895,-5316.001953,8519.658203,6094.276855,-5810.131836,8519.658203,6094.276855,-5810.131836,8519.658203,-5950.441895,-4790.929688,8201.645508,6094.276855,-4790.929688,8201.645508,-5950.441895,-4296.799316,8201.645508,-5950.441895,-4296.799316,8201.645508,6094.276855,-4296.799316,8519.658203,-5950.441895,-4296.799316,8519.658203,6094.276855,-4790.929688,8519.658203,6094.276855,-4790.929688,8519.658203,-5950.441895,-3771.727051,8201.645508,6094.276855,-3771.727051,8201.645508,-5950.441895,-3277.596680,8201.645508,-5950.441895,-3277.596680,8201.645508,6094.276855,-3277.596680,8519.658203,-5950.441895,-3277.596680,8519.658203,6094.276855,-3771.727051,8519.658203,6094.276855,-3771.727051,8519.658203,-5950.441895,-2752.524658,8201.645508,6094.276855,-2752.524658,8201.645508,-5950.441895,-2258.394531,8201.645508,-5950.441895,-2258.394531,8201.645508,6094.276855,-2258.394531,8519.658203,-5950.441895,-2258.394531,8519.658203,6094.276855,-2752.524658,8519.658203,6094.276855,-2752.524658,8519.658203,-5950.441895,-1733.322510,8201.645508,6094.276855,-1733.322510,8201.645508,-5950.441895,-1239.192383,8201.645508,-5950.441895,-1239.192383,8201.645508,6094.276855,-1239.192383,8519.658203,-5950.441895,-1239.192383,8519.658203,6094.276855,-1733.322510,8519.658203,6094.276855,-1733.322510,8519.658203,-5950.441895,-714.119629,8201.645508,6094.276855,-714.119629,8201.645508,-5950.441895,-219.989746,8201.645508,-5950.441895,-219.989746,8201.645508,6094.276855,-219.989746,8519.658203,-5950.441895,-219.989746,8519.658203,6094.276855,-714.119629,8519.658203,6094.276855,-714.119629,8519.658203,-5950.441895,305.082520,8201.645508,6094.276855,305.082520,8201.645508,-5950.441895,799.212402,8201.645508,-5950.441895,799.212402,8201.645508,6094.276855,799.212402,8519.658203,-5950.441895,799.212402,8519.658203,6094.276855,305.082520,8519.658203,6094.276855,305.082520,8519.658203,-5950.441895,1324.285156,8201.645508,6094.276855,1324.285156,8201.645508,-5950.441895,1818.415039,8201.645508,-5950.441895,1818.415039,8201.645508,6094.276855,1818.415039,8519.658203,-5950.441895,1818.415039,8519.658203,6094.276855,1324.285156,8519.658203,6094.276855,1324.285156,8519.658203,-5950.441895,3317.311035,8201.645508,6094.276855,3317.311035,8201.645508,-5950.441895,3811.440918,8201.645508,-5950.441895,3811.440918,8201.645508,6094.276855,3811.440918,8519.658203,-5950.441895,3811.440918,8519.658203,6094.276855,3317.311035,8519.658203,6094.276855,3317.311035,8519.658203,-5950.441895,2343.487793,8201.645508,6094.276855,2343.487793,8201.645508,-5950.441895,2837.617676,8201.645508,-5950.441895,2837.617676,8201.645508,6094.276855,2837.617676,8519.658203,-5950.441895,2837.617676,8519.658203,6094.276855,2343.487793,8519.658203,6094.276855,2343.487793,8519.658203,-5950.441895,4336.512207,8201.645508,6094.276855,4336.512207,8201.645508,-5950.441895,4830.642090,8201.645508,-5950.441895,4830.642090,8201.645508,6094.276855,4830.642090,8519.658203,-5950.441895,4830.642090,8519.658203,6094.276855,4336.512207,8519.658203,6094.276855,4336.512207,8519.658203,-5950.441895,5355.715332,8201.645508,6094.276855,5355.715332,8201.645508,-5950.441895,5849.845215,8201.645508,-5950.441895,5849.845215,8201.645508,6094.276855,5849.845215,8519.658203,-5950.441895,5849.845215,8519.658203,6094.276855,5355.715332,8519.658203,6094.276855,5355.715332,8519.658203,-5950.441895,-6956.537109,8018.050293,-5933.918945,-22991.675781,8018.050293,-5933.918945,-22991.675781,8018.048828,-19605.162109,-6956.537109,8018.048828,-19605.164062,6883.842285,8018.050293,-5933.918945,6883.842285,8018.048828,-19605.164062,24038.757812,8018.050293,-5933.918945,24038.757812,8018.048828,-19605.162109,-6956.537109,8018.052246,6070.678711,-22991.675781,8018.052246,6070.678711,24038.757812,8018.052246,6070.678711,6883.842285,8018.052246,6070.678711,-6956.537109,8018.053711,18527.533203,-22991.675781,8018.053711,18527.533203,6883.842285,8018.053711,18527.533203,24038.757812,8018.053711,18527.533203,6883.842285,8365.006836,-5933.918945,-6956.537109,8365.006836,-5933.918945,6883.842285,8365.008789,6070.678711,-6956.537109,8365.008789,6070.678711,-6829.333984,8201.645508,6094.276855,-6829.333984,8201.645508,-5950.441895,-6335.203613,8201.645508,-5950.441895,-6335.203613,8201.645508,6094.276855,-6335.203613,8519.658203,-5950.441895,-6335.203613,8519.658203,6094.276855,-6829.333984,8519.658203,6094.276855,-6829.333984,8519.658203,-5950.441895,6869.047363,8201.645508,-5950.441895,6869.047363,8201.645508,6094.276855,6374.917480,8201.645508,6094.276855,6374.917480,8201.645508,-5950.441895,6869.047363,8519.658203,-5950.441895,6869.047363,8519.658203,6094.276855,6374.917480,8519.658203,6094.276855,6374.917480,8519.658203,-5950.441895,24450.001953,9139.523438,-20701.816406,-24450.001953,9139.523438,-20701.824219,-24450.001953,0.000000,-20701.824219,24450.001953,0.000000,-20701.816406,-10686.630859,0.000000,8289.119141,-8931.981445,0.000000,8289.119141,-8931.981445,0.000000,10043.769531,-10686.630859,0.000000,10043.769531,-10686.630859,8014.319336,8289.119141,-10686.630859,8014.319336,10043.769531,-8931.981445,8014.319336,10043.769531,-8931.981445,8014.319336,8289.119141,-24450.001953,8859.199219,-20700.000000,-24450.001953,8859.199219,20700.000000,-24450.001953,0.000000,20700.000000,-24450.001953,0.000000,-20700.000000,24450.001953,0.000000,-20700.000000,24450.001953,0.000000,20700.000000,-24450.001953,9139.523438,20700.000000,24450.001953,9139.523438,20700.000000,24450.001953,8979.029297,20700.000000,24450.001953,8979.029297,-20700.000000,-10686.630859,0.000000,-10102.802734,-8931.981445,0.000000,-10102.802734,-8931.981445,0.000000,-8348.152344,-10686.630859,0.000000,-8348.152344,-10686.630859,8014.319336,-10102.802734,-10686.630859,8014.319336,-8348.152344,-8931.981445,8014.319336,-8348.152344,-8931.981445,8014.319336,-10102.802734,10723.693359,0.000000,10043.767578,8969.044922,0.000000,10043.765625,8969.044922,0.000000,8289.115234,10723.693359,0.000000,8289.117188,10723.693359,8014.319336,10043.767578,10723.693359,8014.319336,8289.117188,8969.044922,8014.319336,8289.115234,8969.044922,8014.319336,10043.765625,10723.691406,0.000000,-8348.148438,8969.042969,0.000000,-8348.148438,8969.044922,0.000000,-10102.798828,10723.693359,0.000000,-10102.798828,10723.691406,8014.319336,-8348.148438,10723.693359,8014.319336,-10102.798828,8969.044922,8014.319336,-10102.798828,8969.042969,8014.319336,-8348.148438],

    "morphTargets": [],

    "morphColors": [],

    "normals": [0,-1,-0,1,0,-0,-1,0,-0,0,-1,1.152e-07,0,-1,1.175e-07,0,-1,1.105e-07,0,-1,1.224e-07,0,-1,1.229e-07,0,-1,1.213e-07,0,0,1,-1,0,-0,0,0,-1,1,0,-0,-1.103e-07,0,1,0,1,-0,-3.843e-07,0,1,3.843e-07,0,-1,-1,0,-1.1131e-06,1,0,1.1131e-06],

    "colors": [],