{
  "metadata": {
    "formatVersion": 3.1,
    "sourceFile": "lens.obj",
    "generatedBy": "OBJConverter",
    "vertices": 46,
    "faces": 48,
    "normals": 46,
    "colors": 0,
    "uvs": 0,
    "materials": 1
  },
  "scale": 0.5,
  "materials": [
    {
      "DbgColor": 15658734,
      "DbgIndex": 0,
      "DbgName": "Standard_22",
      "colorAmbient": [
        0.2431,
        0.2863,
        0.4353
      ],
      "colorDiffuse": [
        0.2431,
        0.2863,
        0.4353
      ],
      "colorSpecular": [
        0.792,
        0.792,
        0.792
      ],
      "illumination": 2,
      "opacity": 1,
      "opticalDensity": 1.5,
      "specularCoef": 39,
      "transparent": true
    }
  ],
  "vertices": [
    -371,
    331,
    1083,
    -243,
    311,
    1157,
    -371,
    356,
    1058,
    371,
    356,
    1058,
    243,
    311,
    1157,
    371,
    331,
    1083,
    -418,
    487,
    -1024,
    -385,
    480,
    -1116,
    -387,
    429,
    -1139,
    387,
    429,
    -1139,
    385,
    480,
    -1116,
    418,
    487,
    -1024,
    -319,
    478,
    -1181,
    -325,
    498,
    -1159,
    -268,
    493,
    -1196,
    319,
    478,
    -1181,
    268,
    493,
    -1196,
    325,
    498,
    -1159,
    -426,
    371,
    972,
    -402,
    350,
    1039,
    -392,
    375,
    1015,
    392,
    375,
    1015,
    402,
    350,
    1039,
    426,
    371,
    972,
    -216,
    477,
    -1222,
    -234,
    450,
    -1221,
    -312,
    457,
    -1193,
    312,
    457,
    -1193,
    234,
    450,
    -1221,
    216,
    477,
    -1222,
    414,
    305,
    1051,
    426,
    338,
    1006,
    352,
    283,
    1113,
    -426,
    338,
    1006,
    -414,
    305,
    1051,
    -352,
    283,
    1113,
    -269,
    285,
    1150,
    269,
    285,
    1150,
    337,
    436,
    -1180,
    -337,
    436,
    -1180,
    -396,
    505,
    -1052,
    396,
    505,
    -1052,
    393,
    292,
    1082,
    -393,
    292,
    1082,
    -412,
    416,
    -1105,
    412,
    416,
    -1105
  ],
  "morphTargets": [],
  "morphColors": [],
  "normals": [
    -0.48595,
    0.49724,
    0.71875,
    -0.4047,
    0.3283,
    0.85348,
    -0.4395,
    0.6562,
    0.61339,
    0.4395,
    0.6562,
    0.61339,
    0.4047,
    0.3283,
    0.85348,
    0.48595,
    0.49724,
    0.71875,
    -0.84493,
    0.39684,
    -0.35861,
    -0.73471,
    0.49151,
    -0.46757,
    -0.76616,
    0.31472,
    -0.56031,
    0.76616,
    0.31472,
    -0.56031,
    0.73471,
    0.49151,
    -0.46757,
    0.84493,
    0.39684,
    -0.35861,
    -0.49781,
    0.42887,
    -0.75383,
    -0.52961,
    0.58638,
    -0.61292,
    -0.35414,
    0.38665,
    -0.85152,
    0.49781,
    0.42887,
    -0.75383,
    0.35414,
    0.38665,
    -0.85152,
    0.52961,
    0.58638,
    -0.61292,
    -0.72798,
    0.53344,
    0.43067,
    -0.66183,
    0.52481,
    0.53531,
    -0.59005,
    0.65854,
    0.46709,
    0.59005,
    0.65854,
    0.46709,
    0.66183,
    0.52481,
    0.53531,
    0.72798,
    0.53344,
    0.43067,
    -0.33466,
    0.25074,
    -0.90837,
    -0.33019,
    0.15795,
    -0.9306,
    -0.42821,
    0.11727,
    -0.89604,
    0.42821,
    0.11727,
    -0.89604,
    0.33019,
    0.15795,
    -0.9306,
    0.33466,
    0.25074,
    -0.90837,
    0.73217,
    0.35925,
    0.57867,
    0.80164,
    0.40625,
    0.43856,
    0.46087,
    0.31524,
    0.82959,
    -0.80164,
    0.40625,
    0.43856,
    -0.73217,
    0.35926,
    0.57867,
    -0.46087,
    0.31523,
    0.8296,
    -0.41129,
    0.175,
    0.89455,
    0.41129,
    0.175,
    0.89455,
    0.58422,
    0.1688,
    -0.79385,
    -0.58422,
    0.1688,
    -0.79384,
    -0.75195,
    0.56467,
    -0.34019,
    0.75195,
    0.56467,
    -0.34019,
    0.62488,
    0.32826,
    0.70836,
    -0.62488,
    0.32826,
    0.70836,
    -0.80744,
    0.40958,
    -0.4246,
    0.80744,
    0.40958,
    -0.42461
  ],
  "colors": [],
  "uvs": [
    []
  ],
  "faces": [
    34,
    0,
    1,
    2,
    0,
    0,
    1,
    2,
    34,
    3,
    4,
    5,
    0,
    3,
    4,
    5,
    34,
    6,
    7,
    8,
    0,
    6,
    7,
    8,
    34,
    9,
    10,
    11,
    0,
    9,
    10,
    11,
    34,
    12,
    13,
    14,
    0,
    12,
    13,
    14,
    34,
    7,
    12,
    8,
    0,
    7,
    12,
    8,
    34,
    9,
    15,
    10,
    0,
    9,
    15,
    10,
    34,
    16,
    17,
    15,
    0,
    16,
    17,
    15,
    34,
    18,
    19,
    20,
    0,
    18,
    19,
    20,
    34,
    21,
    22,
    23,
    0,
    21,
    22,
    23,
    34,
    24,
    25,
    26,
    0,
    24,
    25,
    26,
    34,
    27,
    28,
    29,
    0,
    27,
    28,
    29,
    34,
    22,
    30,
    31,
    0,
    22,
    30,
    31,
    34,
    5,
    4,
    32,
    0,
    5,
    4,
    32,
    34,
    33,
    34,
    19,
    0,
    33,
    34,
    19,
    34,
    35,
    1,
    0,
    0,
    35,
    1,
    0,
    34,
    35,
    36,
    1,
    0,
    35,
    36,
    1,
    34,
    4,
    37,
    32,
    0,
    4,
    37,
    32,
    34,
    38,
    15,
    9,
    0,
    38,
    15,
    9,
    34,
    38,
    28,
    27,
    0,
    38,
    28,
    27,
    34,
    26,
    25,
    39,
    0,
    26,
    25,
    39,
    34,
    8,
    12,
    39,
    0,
    8,
    12,
    39,
    34,
    2,
    20,
    19,
    0,
    2,
    20,
    19,
    34,
    22,
    21,
    3,
    0,
    22,
    21,
    3,
    34,
    7,
    6,
    40,
    0,
    7,
    6,
    40,
    34,
    10,
    41,
    11,
    0,
    10,
    41,
    11,
    34,
    32,
    42,
    5,
    0,
    32,
    42,
    5,
    34,
    0,
    43,
    35,
    0,
    0,
    43,
    35,
    34,
    14,
    24,
    12,
    0,
    14,
    24,
    12,
    34,
    15,
    29,
    16,
    0,
    15,
    29,
    16,
    34,
    8,
    44,
    6,
    0,
    8,
    44,
    6,
    34,
    11,
    45,
    9,
    0,
    11,
    45,
    9,
    34,
    43,
    0,
    19,
    0,
    43,
    0,
    19,
    34,
    19,
    0,
    2,
    0,
    19,
    0,
    2,
    34,
    22,
    5,
    42,
    0,
    22,
    5,
    42,
    34,
    3,
    5,
    22,
    0,
    3,
    5,
    22,
    34,
    29,
    15,
    27,
    0,
    29,
    15,
    27,
    34,
    27,
    15,
    38,
    0,
    27,
    15,
    38,
    34,
    39,
    12,
    26,
    0,
    39,
    12,
    26,
    34,
    26,
    12,
    24,
    0,
    26,
    12,
    24,
    34,
    23,
    22,
    31,
    0,
    23,
    22,
    31,
    34,
    33,
    19,
    18,
    0,
    33,
    19,
    18,
    34,
    22,
    42,
    30,
    0,
    22,
    42,
    30,
    34,
    34,
    43,
    19,
    0,
    34,
    43,
    19,
    34,
    17,
    41,
    10,
    0,
    17,
    41,
    10,
    34,
    10,
    15,
    17,
    0,
    10,
    15,
    17,
    34,
    13,
    12,
    7,
    0,
    13,
    12,
    7,
    34,
    7,
    40,
    13,
    0,
    7,
    40,
    13
  ]
}