{
  "metadata": {
    "formatVersion": 3.1,
    "sourceFile": "reflector.obj",
    "generatedBy": "OBJConverter",
    "vertices": 27,
    "faces": 25,
    "normals": 27,
    "colors": 0,
    "uvs": 0,
    "materials": 1
  },
  "scale": 0.5,
  "materials": [
    {
      "DbgColor": 15658734,
      "DbgIndex": 0,
      "DbgName": "Standard_22",
      "colorAmbient": [
        0.5879999995,
        0.5879999995,
        0.5879999995
      ],
      "colorDiffuse": [
        0.5879999995,
        0.5879999995,
        0.5879999995
      ],
      "colorSpecular": [
        0,
        0,
        0
      ],
      "illumination": 2,
      "opacity": 1,
      "opticalDensity": 1.5,
      "specularCoef": 10,
      "transparent": true
    }
  ],
  "vertices": [
    -521,
    521,
    217,
    -432,
    517,
    268,
    -516,
    549,
    224,
    516,
    549,
    224,
    426,
    547,
    269,
    450,
    518,
    266,
    521,
    521,
    217,
    -426,
    547,
    269,
    424,
    561,
    235,
    508,
    563,
    194,
    509,
    500,
    194,
    -514,
    560,
    188,
    -454,
    566,
    217,
    514,
    560,
    188,
    435,
    565,
    227,
    -418,
    518,
    235,
    432,
    517,
    268,
    418,
    518,
    235,
    -520,
    521,
    186,
    520,
    521,
    186,
    420,
    558,
    235,
    -420,
    558,
    235,
    -519,
    510,
    189,
    -514,
    560,
    192,
    -424,
    561,
    235,
    -422,
    499,
    235,
    422,
    499,
    235
  ],
  "morphTargets": [],
  "morphColors": [],
  "normals": [
    -0.90403,
    0.057253,
    0.42361,
    0.27663,
    -0.1073,
    0.95497,
    -0.69706,
    0.46959,
    0.54184,
    0.70095,
    0.49375,
    0.51466,
    -0.42276,
    0.42963,
    0.79793,
    0.30435,
    -0.61767,
    0.72516,
    0.91955,
    0.037286,
    0.3912,
    0.39244,
    0.41154,
    0.82257,
    -0.42961,
    0.0093029,
    -0.90297,
    -0.43228,
    0.0046627,
    -0.90173,
    -0.43074,
    0.0073422,
    -0.90245,
    -0.75125,
    0.64198,
    0.15326,
    -0.15639,
    0.90863,
    0.3872,
    0.74077,
    0.66033,
    0.12334,
    -0.31152,
    0.86516,
    -0.393,
    0.95965,
    -0.063008,
    0.27406,
    -0.4441,
    -0.26184,
    0.85686,
    -0.95965,
    -0.063008,
    0.27406,
    -0.98729,
    0.15696,
    -0.024963,
    0.98729,
    0.15696,
    -0.024963,
    -0.71049,
    0.67132,
    0.21105,
    0.54404,
    0.7602,
    0.35513,
    0.43196,
    0.0098043,
    -0.90184,
    0.43248,
    0.0086118,
    -0.9016,
    0.4314,
    0.011099,
    -0.90209,
    0.43099,
    0.012031,
    -0.90227,
    -0.42809,
    0.011931,
    -0.90366
  ],
  "colors": [],
  "uvs": [
    []
  ],
  "faces": [
    34,
    0,
    1,
    2,
    0,
    0,
    1,
    2,
    34,
    3,
    4,
    5,
    0,
    3,
    4,
    5,
    34,
    3,
    5,
    6,
    0,
    3,
    5,
    6,
    34,
    1,
    7,
    2,
    0,
    1,
    7,
    2,
    34,
    8,
    9,
    10,
    0,
    8,
    9,
    10,
    34,
    11,
    0,
    2,
    0,
    11,
    0,
    2,
    34,
    12,
    2,
    7,
    0,
    12,
    2,
    7,
    34,
    3,
    6,
    13,
    0,
    3,
    6,
    13,
    34,
    3,
    13,
    14,
    0,
    3,
    13,
    14,
    34,
    15,
    7,
    1,
    0,
    15,
    7,
    1,
    34,
    16,
    4,
    17,
    0,
    16,
    4,
    17,
    34,
    0,
    11,
    18,
    0,
    0,
    11,
    18,
    34,
    19,
    13,
    6,
    0,
    19,
    13,
    6,
    34,
    20,
    17,
    4,
    0,
    20,
    17,
    4,
    34,
    4,
    3,
    14,
    0,
    4,
    3,
    14,
    34,
    7,
    15,
    21,
    0,
    7,
    15,
    21,
    34,
    7,
    21,
    12,
    0,
    7,
    21,
    12,
    34,
    22,
    23,
    24,
    0,
    22,
    23,
    24,
    34,
    24,
    25,
    22,
    0,
    24,
    25,
    22,
    34,
    8,
    10,
    26,
    0,
    8,
    10,
    26,
    34,
    12,
    11,
    2,
    0,
    12,
    11,
    2,
    34,
    14,
    20,
    4,
    0,
    14,
    20,
    4,
    34,
    14,
    13,
    20,
    0,
    14,
    13,
    20,
    34,
    5,
    16,
    6,
    0,
    5,
    16,
    6,
    34,
    5,
    4,
    16,
    0,
    5,
    4,
    16
  ]
}