{
  "metadata": {
    "formatVersion": 3.1,
    "sourceFile": "roof.obj",
    "generatedBy": "OBJConverter",
    "vertices": 67,
    "faces": 111,
    "normals": 67,
    "colors": 0,
    "uvs": 0,
    "materials": 1
  },
  "scale": 0.5,
  "materials": [
    {
      "DbgColor": 15658734,
      "DbgIndex": 0,
      "DbgName": "Standard_22",
      "colorAmbient": [
        0.5879999995,
        0.5879999995,
        0.5879999995
      ],
      "colorDiffuse": [
        0.5879999995,
        0.5879999995,
        0.5879999995
      ],
      "colorSpecular": [
        0,
        0,
        0
      ],
      "illumination": 2,
      "opacity": 1,
      "opticalDensity": 1.5,
      "specularCoef": 10,
      "transparent": true
    }
  ],
  "vertices": [
    41,
    722,
    -157,
    -87,
    707,
    -38,
    0,
    700,
    11,
    -42,
    725,
    -431,
    -242,
    711,
    -442,
    -241,
    712,
    -213,
    43,
    720,
    -502,
    245,
    705,
    -507,
    48,
    686,
    -705,
    242,
    711,
    -442,
    41,
    728,
    -360,
    241,
    712,
    -213,
    -2,
    713,
    -631,
    -1,
    732,
    -654,
    -4,
    704,
    -655,
    4,
    704,
    -655,
    1,
    732,
    -654,
    2,
    713,
    -631,
    -46,
    703,
    -622,
    -253,
    689,
    -608,
    87,
    707,
    -38,
    245,
    707,
    -145,
    -245,
    707,
    -145,
    11,
    705,
    -655,
    -189,
    678,
    -694,
    -48,
    686,
    -705,
    253,
    689,
    -608,
    261,
    687,
    17,
    -41,
    727,
    -223,
    -13,
    698,
    -654,
    -11,
    705,
    -655,
    -12,
    709,
    -617,
    12,
    709,
    -617,
    3,
    706,
    -605,
    96,
    677,
    90,
    272,
    671,
    80,
    -96,
    677,
    90,
    -256,
    705,
    -444,
    -260,
    702,
    -509,
    -276,
    667,
    -680,
    -272,
    671,
    80,
    -276,
    682,
    16,
    -261,
    687,
    17,
    -259,
    705,
    -144,
    -3,
    730,
    -659,
    3,
    730,
    -660,
    96,
    681,
    -703,
    189,
    678,
    -694,
    276,
    667,
    -680,
    260,
    702,
    -509,
    276,
    669,
    -680,
    259,
    705,
    -144,
    276,
    682,
    16,
    256,
    705,
    -444,
    -287,
    667,
    79,
    -287,
    669,
    79,
    -96,
    681,
    -703,
    -262,
    672,
    -683,
    -276,
    669,
    -680,
    287,
    669,
    79,
    287,
    667,
    79,
    -10,
    706,
    -610,
    13,
    704,
    -618,
    13,
    698,
    -654,
    262,
    672,
    -683,
    259,
    702,
    -144,
    -259,
    702,
    -144
  ],
  "morphTargets": [],
  "morphColors": [],
  "normals": [
    0.019434,
    0.9966,
    0.080066,
    -0.03999,
    0.98779,
    0.15056,
    -0.000091834,
    0.97758,
    0.21055,
    -0.040415,
    0.99733,
    -0.060822,
    -0.20481,
    0.97791,
    -0.041833,
    -0.22891,
    0.97326,
    0.019279,
    0.031444,
    0.99326,
    -0.1116,
    0.13489,
    0.9854,
    -0.10393,
    0.035591,
    0.46492,
    -0.88464,
    0.21554,
    0.97563,
    -0.041053,
    0.03054,
    0.99941,
    -0.015483,
    0.23354,
    0.9722,
    0.017172,
    -0.35005,
    0.91034,
    0.22081,
    -0.55064,
    0.80994,
    0.20198,
    -0.248,
    0.13453,
    -0.95937,
    0.26188,
    0.096766,
    -0.96024,
    0.55791,
    0.80727,
    0.19249,
    0.34931,
    0.90897,
    0.2275,
    -0.032742,
    0.98602,
    -0.16337,
    -0.19663,
    0.96805,
    -0.15563,
    0.039249,
    0.98654,
    0.15875,
    0.12346,
    0.98817,
    0.090951,
    -0.11694,
    0.9892,
    0.088421,
    0.48325,
    0.5009,
    -0.71803,
    -0.12382,
    0.35986,
    -0.92475,
    -0.031901,
    0.45312,
    -0.89088,
    0.19535,
    0.96767,
    -0.15953,
    0.18227,
    0.97093,
    0.15514,
    -0.037623,
    0.99744,
    0.060868,
    -0.77078,
    0.13039,
    -0.62362,
    -0.50589,
    0.50407,
    -0.69999,
    -0.80816,
    0.54638,
    0.21988,
    0.65814,
    0.68198,
    0.319,
    0.095203,
    0.9187,
    0.38331,
    0.033705,
    0.9685,
    0.24672,
    0.09359,
    0.6395,
    0.76307,
    -0.034288,
    0.96902,
    0.24458,
    -0.38694,
    0.92199,
    -0.014158,
    -0.63368,
    0.77183,
    -0.052189,
    -0.77037,
    -0.079859,
    -0.63258,
    -0.093485,
    0.63953,
    0.76306,
    -0.33718,
    0.93522,
    0.10804,
    -0.18227,
    0.97093,
    0.15514,
    -0.74322,
    0.66852,
    0.026666,
    -0.65571,
    0.44656,
    -0.60879,
    0.63421,
    0.43955,
    -0.63606,
    0.089126,
    0.70934,
    -0.69921,
    0.12382,
    0.35986,
    -0.92475,
    0.77037,
    -0.079859,
    -0.63258,
    0.67284,
    0.73892,
    -0.035952,
    0.71787,
    0.42364,
    -0.55244,
    0.74322,
    0.66852,
    0.026666,
    0.33718,
    0.93522,
    0.10804,
    0.37452,
    0.92667,
    -0.032021,
    -0.7859,
    -0.099085,
    0.61037,
    -0.64817,
    0.39186,
    0.65293,
    -0.089126,
    0.70934,
    -0.69921,
    -0.20152,
    0.6051,
    -0.77023,
    -0.71787,
    0.42364,
    -0.55244,
    0.64817,
    0.39186,
    0.65293,
    0.7859,
    -0.099085,
    0.61036,
    -0.50063,
    0.73184,
    0.46237,
    0.94159,
    0.28813,
    0.17434,
    0.74766,
    0.12404,
    -0.6524,
    0.20152,
    0.6051,
    -0.77023,
    0.99825,
    0.0222,
    -0.054883,
    -0.99825,
    0.0222,
    -0.054883
  ],
  "colors": [],
  "uvs": [
    []
  ],