{
  "metadata": {
    "formatVersion": 3.1,
    "sourceFile": "sideskirt.obj",
    "generatedBy": "OBJConverter",
    "vertices": 44,
    "faces": 68,
    "normals": 44,
    "colors": 0,
    "uvs": 0,
    "materials": 1
  },
  "scale": 0.5,
  "materials": [
    {
      "DbgColor": 15658734,
      "DbgIndex": 0,
      "DbgName": "Standard_22",
      "colorAmbient": [
        0.5879999995,
        0.5879999995,
        0.5879999995
      ],
      "colorDiffuse": [
        0.5879999995,
        0.5879999995,
        0.5879999995
      ],
      "colorSpecular": [
        0,
        0,
        0
      ],
      "illumination": 2,
      "opacity": 1,
      "opticalDensity": 1.5,
      "specularCoef": 10,
      "transparent": true
    }
  ],
  "vertices": [
    -473,
    130,
    -480,
    -476,
    171,
    -457,
    -478,
    194,
    -493,
    -475,
    146,
    -313,
    -475,
    126,
    426,
    -475,
    147,
    -314,
    478,
    194,
    -493,
    476,
    171,
    -457,
    473,
    130,
    -480,
    475,
    147,
    -314,
    475,
    126,
    426,
    475,
    146,
    -313,
    -476,
    131,
    -535,
    -480,
    223,
    -523,
    -479,
    224,
    -559,
    479,
    224,
    -559,
    480,
    223,
    -523,
    476,
    131,
    -535,
    475,
    110,
    548,
    -475,
    110,
    548,
    475,
    156,
    -404,
    -475,
    156,
    -404,
    -473,
    132,
    -553,
    -473,
    110,
    548,
    -475,
    132,
    -553,
    473,
    110,
    548,
    473,
    132,
    -553,
    475,
    132,
    -553,
    -473,
    124,
    548,
    473,
    124,
    548,
    478,
    223,
    -523,
    474,
    171,
    -457,
    -474,
    171,
    -457,
    -478,
    223,
    -523,
    -477,
    224,
    -559,
    477,
    224,
    -559,
    475,
    124,
    548,
    475,
    123,
    548,
    -475,
    123,
    548,
    -475,
    124,
    548,
    473,
    151,
    -364,
    -473,
    151,
    -364,
    473,
    163,
    -434,
    -473,
    163,
    -434
  ],
  "morphTargets": [],
  "morphColors": [],
  "normals": [
    -0.47965,
    -0.87746,
    -0.0019959,
    -0.80557,
    0.51947,
    0.28497,
    -0.9836,
    0.10583,
    0.14605,
    -0.9999,
    -0.013858,
    0.0000064612,
    -0.85993,
    0.51022,
    0.014027,
    -0.91411,
    0.40524,
    0.013835,
    0.9836,
    0.10583,
    0.14605,
    0.80557,
    0.51947,
    0.28497,
    0.47964,
    -0.87746,
    -0.0019961,
    0.91411,
    0.40524,
    0.013835,
    0.85993,
    0.51022,
    0.014027,
    0.9999,
    -0.013857,
    0.0000064683,
    -0.68644,
    -0.72681,
    -0.023318,
    -0.70341,
    0.65687,
    0.27155,
    -0.62033,
    0.52479,
    -0.58292,
    0.62033,
    0.52479,
    -0.58292,
    0.70341,
    0.65687,
    0.27155,
    0.68644,
    -0.72681,
    -0.023318,
    0.58613,
    -0.58131,
    0.56438,
    -0.58614,
    -0.5813,
    0.56438,
    0.92881,
    0.3645,
    0.066682,
    -0.92881,
    0.3645,
    0.066682,
    -0.031198,
    -0.70209,
    -0.7114,
    -0.044302,
    -0.70873,
    0.70409,
    -0.5598,
    -0.62077,
    -0.54887,
    0.04431,
    -0.70872,
    0.7041,
    0.031198,
    -0.70209,
    -0.7114,
    0.5598,
    -0.62077,
    -0.54887,
    -0.096979,
    0.72005,
    0.68711,
    0.096979,
    0.72005,
    0.68711,
    0.16501,
    0.9065,
    0.38862,
    0.20737,
    0.87057,
    0.44622,
    -0.20737,
    0.87057,
    0.44622,
    -0.16501,
    0.9065,
    0.38862,
    -0.12684,
    0.66375,
    -0.73712,
    0.12684,
    0.66375,
    -0.73712,
    0.57411,
    0.56443,
    0.59314,
    0.69089,
    0.037525,
    0.72199,
    -0.69089,
    0.037524,
    0.72199,
    -0.57411,
    0.56443,
    0.59314,
    -0.28889,
    0.95356,
    0.085271,
    0.28889,
    0.95356,
    0.085271,
    -0.48626,
    0.84282,
    0.23065,
    0.48626,
    0.84282,
    0.23065
  ],
  "colors": [],
  "uvs": [
    []
  ],
  "faces": [
    34,
    0,
    1,
    2,
    0,
    0,
    1,
    2,
    34,
    3,
    4,
    5,
    0,
    3,
    4,
    5,
    34,
    6,
    7,
    8,
    0,
    6,
    7,
    8,
    34,
    9,
    10,
    11,
    0,
    9,
    10,
    11,
    34,
    12,
    13,
    14,
    0,
    12,
    13,
    14,
    34,
    15,
    16,
    17,
    0,
    15,
    16,
    17,
    34,
    11,
    10,
    18,
    0,
    11,
    10,
    18,
    34,
    19,
    4,
    3,
    0,
    19,
    4,
    3,
    34,
    7,
    20,
    8,
    0,
    7,
    20,
    8,
    34,
    0,
    21,
    1,
    0,
    0,
    21,
    1,
    34,
    0,
    22,
    23,
    0,
    0,
    22,
    23,
    34,
    22,
    24,
    14,
    0,
    22,
    24,
    14,
    34,
    25,
    26,
    8,
    0,
    25,
    26,
    8,
    34,
    15,
    27,
    26,
    0,
    15,
    27,
    26,
    34,
    19,
    0,
    23,
    0,
    19,
    0,
    23,
    34,
    23,
    28,
    19,
    0,
    23,
    28,
    19,
    34,
    25,
    8,
    18,
    0,
    25,
    8,
    18,
    34,
    18,
    29,
    25,
    0,
    18,
    29,
    25,
    34,
    30,
    31,
    6,
    0,
    30,
    31,
    6,
    34,
    30,
    16,
    15,
    0,
    30,
    16,
    15,
    34,
    2,
    32,
    33,
    0,
    2,
    32,
    33,
    34,
    14,
    13,
    33,
    0,
    14,
    13,
    33,
    34,
    17,
    16,
    8,
    0,
    17,
    16,
    8,
    34,
    17,
    8,
    26,
    0,
    17,
    8,
    26,
    34,
    22,
    0,
    12,
    0,
    22,
    0,
    12,
    34,
    12,
    0,
    13,
    0,
    12,
    0,
    13,
    34,
    33,
    13,
    2,
    0,
    33,
    13,
    2,
    34,
    2,
    13,
    0,
    0,
    2,
    13,
    0,
    34,
    8,
    16,
    6,
    0,
    8,
    16,
    6,
    34,
    6,
    16,
    30,
    0,
    6,
    16,
    30,
    34,
    34,
    22,
    14,
    0,
    34,
    22,
    14,
    34,
    33,
    34,
    14,
    0,
    33,
    34,
    14,
    34,
    15,
    26,
    35,
    0,
    15,
    26,
    35,
    34,
    15,
    35,
    30,
    0,
    15,
    35,
    30,
    34,
    10,
    36,
    37,
    0,
    10,
    36,
    37,
    34,
    29,
    10,
    9,
    0,
    29,
    10,
    9,
    34,
    38,
    39,
    4,
    0,
    38,
    39,
    4,
    34,
    5,
    4,
    28,
    0,
    5,
    4,
    28,
    34,
    20,
    9,
    11,
    0,
    20,
    9,
    11,
    34,
    9,
    40,
    29,
    0,
    9,
    40,
    29,
    34,
    3,
    5,
    21,
    0,
    3,
    5,
    21,
    34,
    28,
    41,
    5,
    0,
    28,
    41,
    5,
    34,
    26,
    27,
    17,
    0,
    26,
    27,
    17,
    34,
    17,
    27,
    15,
    0,
    17,
    27,
    15,
    34,
    12,
    24,
    22,
    0,
    12,
    24,
    22,
    34,
    14,
    24,
    12,
    0,
    14,
    24,
    12,
    34,
    7,
    6,
    31,
    0,
    7,
    6,
    31,
    34,
    42,
    20,
    7,
    0,
    42,
    20,
    7,
    34,
    32,
    2,
    1,
    0,
    32,
    2,
    1,
    34,
    1,
    21,
    43,
    0,
    1,
    21,
    43,
    34,
    42,
    40,
    20,
    0,
    42,
    40,
    20,
    34,
    9,
    20,
    40,
    0,
    9,
    20,
    40,
    34,
    21,
    41,
    43,
    0,
    21,
    41,
    43,
    34,
    41,
    21,
    5,
    0,
    41,
    21,
    5,
    34,
    18,
    8,
    11,
    0,
    18,
    8,
    11,
    34,
    11,
    8,
    20,
    0,
    11,
    8,
    20,
    34,
    21,
    0,
    3,
    0,
    21,
    0,
    3,
    34,
    3,
    0,
    19,
    0,
    3,
    0,
    19,
    34,
    36,
    10,
    29,
    0,
    36,
    10,
    29,
    34,
    29,
    18,
    36,
    0,
    29,
    18,
    36,
    34,
    39,
    19,
    28,
    0,
    39,
    19,
    28,
    34,
    28,
    4,
    39,
    0,
    28,
    4,
    39,
    34,
    1,
    43,
    32,
    0,
    1,
    43,
    32,
    34,
    31,
    42,
    7,
    0,
    31,
    42,
    7,
    34,
    4,
    19,
    38,
    0,
    4,
    19,
    38,
    34,
    19,
    39,
    38,
    0,
    19,
    39,
    38,
    34,
    37,
    36,
    18,
    0,
    37,
    36,
