{
  "metadata": {
    "formatVersion": 3.1,
    "sourceFile": "trunk.obj",
    "generatedBy": "OBJConverter",
    "vertices": 82,
    "faces": 129,
    "normals": 82,
    "colors": 0,
    "uvs": 0,
    "materials": 1
  },
  "scale": 0.5,
  "materials": [
    {
      "DbgColor": 15658734,
      "DbgIndex": 0,
      "DbgName": "Standard_22",
      "colorAmbient": [
        0.5879999995,
        0.5879999995,
        0.5879999995
      ],
      "colorDiffuse": [
        0.5879999995,
        0.5879999995,
        0.5879999995
      ],
      "colorSpecular": [
        0,
        0,
        0
      ],
      "illumination": 2,
      "opacity": 1,
      "opticalDensity": 1.5,
      "specularCoef": 10,
      "transparent": true
    }
  ],
  "vertices": [
    -234,
    557,
    -1020,
    -166,
    542,
    -1198,
    -215,
    535,
    -1190,
    0,
    557,
    -1064,
    234,
    557,
    -1020,
    166,
    542,
    -1198,
    123,
    464,
    -1212,
    187,
    361,
    -1230,
    -26,
    351,
    -1244,
    0,
    478,
    -1219,
    215,
    535,
    -1190,
    -216,
    478,
    -1217,
    -216,
    525,
    -1190,
    -116,
    519,
    -1221,
    0,
    527,
    -1219,
    126,
    477,
    -1237,
    -126,
    477,
    -1237,
    216,
    478,
    -1217,
    116,
    519,
    -1221,
    216,
    525,
    -1190,
    -237,
    448,
    -1216,
    -270,
    344,
    -1215,
    -310,
    437,
    -1191,
    310,
    437,
    -1191,
    270,
    344,
    -1215,
    237,
    448,
    -1216,
    -253,
    327,
    -1221,
    -200,
    375,
    -1237,
    -159,
    318,
    -1239,
    -27,
    350,
    -1249,
    -27,
    315,
    -1249,
    -23,
    478,
    -1244,
    23,
    478,
    -1237,
    133,
    475,
    -1229,
    -23,
    457,
    -1253,
    167,
    455,
    -1229,
    -87,
    456,
    -1242,
    200,
    375,
    -1237,
    253,
    327,
    -1221,
    197,
    360,
    -1238,
    102,
    317,
    -1246,
    -155,
    468,
    -1235,
    155,
    468,
    -1235,
    -57,
    545,
    -1210,
    217,
    322,
    -1233,
    159,
    318,
    -1239,
    319,
    499,
    -1161,
    339,
    529,
    -1003,
    343,
    518,
    -1051,
    295,
    531,
    -1113,
    -319,
    499,
    -1161,
    -295,
    531,
    -1113,
    -343,
    518,
    -1051,
    -339,
    529,
    -1003,
    -123,
    464,
    -1212,
    -141,
    473,
    -1236,
    -124,
    456,
    -1244,
    -166,
    456,
    -1235,
    100,
    476,
    -1214,
    124,
    456,
    -1244,
    141,
    473,
    -1236,
    -234,
    538,
    -1019,
    234,
    538,
    -1019,
    -197,
    360,
    -1238,
    -187,
    361,
    -1230,
    315,
    551,
    -975,
    310,
    537,
    -974,
    -217,
    322,
    -1233,
    166,
    456,
    -1235,
    -318,
    552,
    -978,
    -166,
    536,
    -1204,
    0,
    538,
    -1063,
    318,
    552,
    -978,
    -167,
    455,
    -1229,
    -133,
    475,
    -1229,
    257,
    527,
    -1169,
    -257,
    527,
    -1169,
    -310,
    537,
    -974,
    -315,
    551,
    -975,
    333,
    498,
    -1149,
    -333,
    498,
    -1149,
    116,
    538,
    -1212
  ],
  "morphTargets": [],
  "morphColors": [],
  "normals": [
    0.14914,
    0.82207,
    0.54951,
    -0.10137,
    0.90077,
    -0.42231,
    -0.34635,
    0.5978,
    -0.72296,
    0.0010192,
    0.7981,
    0.60253,
    -0.14914,
    0.82207,
    0.54951,
    0.14649,
    0.83103,
    -0.53659,
    -0.23786,
    -0.33557,
    -0.91149,
    -0.23765,
    0.59931,
    -0.76443,
    -0.007392,
    0.71899,
    -0.69498,
    0.011002,
    -0.66748,
    -0.74455,
    0.32855,
    0.59141,
    -0.7364,
    -0.27336,
    0.34609,
    -0.8975,
    -0.34312,
    0.2418,
    -0.90764,
    -0.082421,
    0.49183,
    -0.86678,
    -0.000342,
    0.41051,
    -0.91185,
    -0.065641,
    -0.29826,
    -0.95223,
    0.014732,
    -0.27271,
    -0.96198,
    0.27336,
    0.34609,
    -0.8975,
    0.11496,
    0.40577,
    -0.90672,
    0.32914,
    0.25022,
    -0.91052,
    -0.3001,
    0.12323,
    -0.94591,
    -0.30655,
    0.083192,
    -0.94821,
    -0.34047,
    0.094367,
    -0.93551,
    0.34047,
    0.094367,
    -0.93551,
    0.30655,
    0.083192,
    -0.94821,
    0.3001,
    0.12323,
    -0.94591,
    -0.32534,
    0.012547,
    -0.94552,
    0.0079515,
    0.029145,
    -0.99954,
    -0.079172,
    -0.083652,
    -0.99334,
    -0.009649,
    0.59452,
    -0.80402,
    -0.017744,
    -0.80547,
    -0.59238,
    -0.016636,
    0.84514,
    -0.53429,
    0.048951,
    0.9178,
    -0.39402,
    0.15264,
    0.97127,
    -0.18257,
    -0.011922,
    -0.49289,
    -0.87001,
    0.96952,
    -0.24501,
    -0.0011145,
    -0.0025964,
    -0.99712,
    -0.07582,
    -0.0079515,
    0.029145,
    -0.99954,
    0.32534,
    0.012547,
    -0.94552,
    -0.047905,
    0.13444,
    -0.98976,
    0.041253,
    -0.71108,
    -0.7019,
    0.062512,
    0.02612,
    -0.9977,
    -0.062512,
    0.02612,
    -0.9977,
    -0.070923,
    0.73909,
    -0.66987,
    0.22793,
    -0.76896,
    -0.59729,
    0.11867,
    -0.34657,
    -0.93049,
    0.63212,
    0.091967,
    -0.7694,
    0.57336,
    0.79672,
    -0.19105,
    0.45675,
    0.87116,
    -0.18019,
    0.37716,
    0.89443,
    -0.2403,
    -0.63212,
    0.091967,
    -0.7694,
    -0.37716,
    0.89443,
    -0.2403,
    -0.45675,
    0.87116,
    -0.18019,
    -0.57336,
    0.79672,
    -0.19105,
    0.15908,
    -0.40191,
    -0.90175,
    -0.37124,
    0.79616,
    -0.47781,
    -0.092607,
    -0.53202,
    -0.84165,
    -0.82528,
    -0.24747,
    -0.50762,
    -0.05281,
    -0.67551,
    -0.73546,
    0.077991,
    -0.52571,
    -0.84708,
    0.36526,
    0.79799,
    -0.47938,
    0.35092,
    0.057325,
    0.93465,
    -0.35092,
    0.057325,
    0.93465,
    0.052804,
    0.13102,
    -0.98997,
    0.23748,
    0.59149,
    -0.77054,
    -0.16354,
    0.72881,
    0.66489,
    -0.46212,
    0.20702,
    0.86232,
    -0.22581,
    -0.76889,
    -0.59818,
    0.82528,
    -0.24747,
    -0.50762,
    -0.48922,
    0.68939,
    0.53423,
    -0.19799,
    0.45382,
    -0.86882,
    0,
    0.049902,
    0.99875,
    0.48922,
    0.68939,
    0.53423,
    -0.99387,
    -0.11044,
    0.0057599,
    -0.16308,
    0.97377,
    -0.15864,
    0.3688,
    0.76883,
    -0.52238,
    -0.3688,
    0.76883,
    -0.52238,
    0.46212,
    0.20702,
    0.86232,
    0.16354,
    0.72881,
    0.66489,
    0.48016,
    0.78592,
    -0.38959,
    -0.48016,
    0.78592,
    -0.38959,
    0.09487,
    0.68718,
    -0.72027
  ],
  "colors": [],
  "uvs": [
    []
  ],