{
  "metadata": {
    "formatVersion": 3.1,
    "sourceFile": "glass.obj",
    "generatedBy": "OBJConverter",
    "vertices": 52,
    "faces": 45,
    "normals": 52,
    "colors": 0,
    "uvs": 0,
    "materials": 1
  },
  "scale": 0.5,
  "materials": [
    {
      "DbgColor": 15658734,
      "DbgIndex": 0,
      "DbgName": "Standard_14",
      "colorAmbient": [
        0.2431,
        0.2863,
        0.4353
      ],
      "colorDiffuse": [
        0.2431,
        0.2863,
        0.4353
      ],
      "colorSpecular": [
        0.792,
        0.792,
        0.792
      ],
      "illumination": 2,
      "opacity": 1,
      "opticalDensity": 1.5,
      "specularCoef": 39,
      "transparent": true
    }
  ],
  "vertices": [
    302,
    529,
    518,
    197,
    649,
    327,
    69,
    650,
    346,
    -211,
    649,
    324,
    12,
    720,
    190,
    -136,
    717,
    182,
    57,
    710,
    -588,
    76,
    580,
    -936,
    -107,
    580,
    -932,
    -137,
    678,
    -673,
    -310,
    727,
    -112,
    -368,
    616,
    -82,
    -360,
    614,
    297,
    361,
    614,
    297,
    369,
    616,
    -82,
    311,
    727,
    -112,
    -361,
    627,
    -180,
    -309,
    726,
    -191,
    -321,
    680,
    -485,
    322,
    680,
    -485,
    309,
    726,
    -191,
    361,
    627,
    -180,
    -357,
    585,
    -645,
    357,
    585,
    -645,
    -389,
    547,
    -63,
    -391,
    522,
    326,
    391,
    522,
    326,
    389,
    547,
    -63,
    277,
    586,
    -858,
    176,
    640,
    -770,
    281,
    692,
    -569,
    -274,
    584,
    -863,
    -227,
    578,
    -900,
    -122,
    519,
    560,
    -327,
    692,
    117,
    328,
    692,
    117,
    -313,
    531,
    513,
    299,
    705,
    153,
    -385,
    550,
    -172,
    385,
    550,
    -172,
    247,
    579,
    -891,
    -280,
    692,
    -569,
    86,
    519,
    563,
    -337,
    629,
    -615,
    338,
    629,
    -615,
    -299,
    705,
    153,
    -327,
    644,
    290,
    -368,
    558,
    -627,
    368,
    558,
    -627,
    361,
    539,
    486,
    327,
    644,
    290,
    -361,
    539,
    486
  ],
  "morphTargets": [],
  "morphColors": [],
  "normals": [
    0.099854,
    0.8708,
    0.48139,
    0.10524,
    0.89703,
    0.42926,
    0.022037,
    0.88836,
    0.45863,
    -0.097785,
    0.89428,
    0.43669,
    0.01148,
    0.9159,
    0.40125,
    -0.078744,
    0.91316,
    0.39993,
    0.02664,
    0.94875,
    -0.31491,
    0.030472,
    0.93159,
    -0.36223,
    -0.049104,
    0.93308,
    -0.35629,
    -0.075348,
    0.94865,
    -0.30721,
    -0.88791,
    0.45967,
    0.017757,
    -0.91823,
    0.39546,
    0.021625,
    -0.94125,
    0.33735,
    0.015523,
    0.94125,
    0.33735,
    0.015523,
    0.91823,
    0.39546,
    0.021625,
    0.88791,
    0.45967,
    0.017757,
    -0.92559,
    0.37682,
    -0.035813,
    -0.88522,
    0.46395,
    -0.033812,
    -0.9058,
    0.42136,
    -0.044493,
    0.9058,
    0.42136,
    -0.044493,
    0.88522,
    0.46395,
    -0.033812,
    0.92559,
    0.37682,
    -0.035813,
    -0.92223,
    0.38467,
    -0.038962,
    0.92223,
    0.38467,
    -0.038962,
    -0.95602,
    0.29254,
    0.021089,
    -0.94865,
    0.31592,
    0.016115,
    0.94865,
    0.31592,
    0.016115,
    0.95602,
    0.29254,
    0.021089,
    0.1832,
    0.91826,
    -0.35106,
    0.10811,
    0.93198,
    -0.34602,
    0.13108,
    0.94119,
    -0.31142,
    -0.15307,
    0.92622,
    -0.34452,
    -0.12818,
    0.92605,
    -0.35497,
    -0.039872,
    0.86357,
    0.50265,
    -0.9292,
    0.36938,
    -0.012073,
    0.9292,
    0.36938,
    -0.012073,
    -0.099426,
    0.86755,
    0.48731,
    0.11351,
    0.92459,
    0.36365,
    -0.95308,
    0.30068,
    -0.035153,
    0.95308,
    0.30068,
    -0.035153,
    0.14302,
    0.91545,
    -0.37615,
    -0.12254,
    0.94778,
    -0.29445,
    0.028778,
    0.85755,
    0.5136,
    -0.90299,
    0.42627,
    -0.05381,
    0.90299,
    0.42627,
    -0.05381,
    -0.13585,
    0.91639,
    0.37654,
    -0.15045,
    0.90043,
    0.40816,
    -0.93068,
    0.36467,
    -0.029118,
    0.93068,
    0.36467,
    -0.029118,
    0.10965,
    0.8825,
    0.45736,
    0.14542,
    0.89772,
    0.41587,
    -0.13562,
    0.87341,
    0.46772
  ],
  "colors": [],
  "uvs": [
    []
  ],
  "faces": [
    34,
    0,
    1,
    2,
    0,
    0,
    1,
    2,
    34,
    3,
    4,
    5,
    0,
    3,
    4,
    5,
    34,
    6,
    7,
    8,
    0,
    6,
    7,
    8,
    34,
    9,
    6,
    8,
    0,
    9,
    6,
    8,
    34,
    10,
    11,
    12,
    0,
    10,
    11,
    12,
    34,
    13,
    14,
    15,
    0,
    13,
    14,
    15,
    34,
    16,
    17,
    18,
    0,
    16,
    17,
    18,
    34,
    19,
    20,
    21,
    0,
    19,
    20,
    21,
    34,
    3,
    2,
    4,
    0,
    3,
    2,
    4,
    34,
    22,
    16,
    18,
    0,
    22,
    16,
    18,
    34,
    19,
    21,
    23,
    0,
    19,
    21,
    23,
    34,
    12,
    24,
    25,
    0,
    12,
    24,
    25,
    34,
    26,
    27,
    13,
    0,
    26,
    27,
    13,
    34,
    2,
    1,
    4,
    0,
    2,
    1,
    4,
    34,
    28,
    29,
    30,
    0,
    28,
    29,
    30,
    34,
    30,
    29,
    6,
    0,
    30,
    29,
    6,
    34,
    31,
    9,
    32,
    0,
    31,
    9,
    32,
    34,
    2,
    3,
    33,
    0,
    2,
    3,
    33,
    34,
    12,
    34,
    10,
    0,
    12,
    34,
    10,
    34,
    15,
    35,
    13,
    0,
    15,
    35,
    13,
    34,
    3,
    36,
    33,
    0,
    3,
    36,
    33,
    34,
    1,
    37,
    4,
    0,
    1,
    37,
    4,
    34,
    38,
    16,
    22,
    0,
    38,
    16,
    22,
    34,
    23,
    21,
    39,
    0,
    23,
    21,
    39,
    34,
    29,
    40,
    7,
    0,
    29,
    40,
    7,
    34,
    7,
    6,
    29,
    0,
    7,
    6,
    29,
    34,
    41,
    6,
    9,
    0,
    41,
    6,
    9,
    34,
    9,
    31,
    41,
    0,
    9,
    31,
    41,
    34,
    42,
    2,
    33,
    0,
    42,
    2,
    33,
    34,
    2,
    42,
    0,
    0,
    2,
    42,
    0,
    34,
    13,
    27,
    14,
    0,
    13,
    27,
    14,
    34,
    11,
    24,
    12,
    0,
    11,
    24,
    12,
    34,
    18,
    43,
    22,
    0,
    18,
    43,
    22,
    34,
    23,
    44,
    19,
    0,
    23,
    44,
    19,
    34,
    40,
    29,
    28,
    0,
    40,
    29,
    28,
    34,
    5,
    45,
    46,
    0,
    5,
    45,
    46,
    34,
    22,
    47,
    38,
    0,
    22,
    47,
    38,
    34,
    39,
    48,
    23,
    0,
    39,
    48,
    23,
    34,
    0,
    49,
    50,
    0,
    0,
    49,
    50,
    34,
    8,
    32,
    9,
    0,
    8,
    32,
    9,
    34,
    46,
    51,
    3,
    0,
    46,
    51,
    3,
    34,
    46,
    3,
    5,
    0,
    46,
    3,
    5,
    34,
    0,
    50,
    1,
    0,
    0,
    50,
    1,
    34,
    37,
    1,
    50,
    0,
    37,
    1,
    50,
    34,
    36,
    3,
    51,
    0,
    36,
    3,
    51
  ]
}