{
  "metadata": {
    "formatVersion": 3.1,
    "sourceFile": "hood.obj",
    "generatedBy": "OBJConverter",
    "vertices": 34,
    "faces": 43,
    "normals": 34,
    "colors": 0,
    "uvs": 0,
    "materials": 1
  },
  "scale": 0.5,
  "materials": [
    {
      "DbgColor": 15658734,
      "DbgIndex": 0,
      "DbgName": "Standard_14",
      "colorAmbient": [
        0.987,
        0.987,
        0.987
      ],
      "colorDiffuse": [
        0.987,
        0.987,
        0.987
      ],
      "colorSpecular": [
        0.936,
        0.936,
        0.936
      ],
      "illumination": 2,
      "opacity": 1,
      "opticalDensity": 1.5,
      "specularCoef": 20,
      "transparent": true
    }
  ],
  "vertices": [
    68,
    478,
    1027,
    286,
    501,
    785,
    0,
    506,
    896,
    0,
    480,
    1034,
    -261,
    467,
    972,
    262,
    467,
    972,
    -285,
    501,
    785,
    -382,
    460,
    836,
    382,
    460,
    836,
    387,
    478,
    713,
    393,
    501,
    500,
    381,
    506,
    579,
    -381,
    506,
    579,
    -392,
    501,
    500,
    -386,
    478,
    713,
    -342,
    456,
    904,
    146,
    452,
    1074,
    -146,
    452,
    1074,
    343,
    456,
    904,
    202,
    539,
    559,
    348,
    520,
    586,
    -348,
    520,
    586,
    -202,
    539,
    559,
    -16,
    542,
    595,
    97,
    540,
    587,
    -361,
    543,
    484,
    362,
    543,
    484,
    0,
    458,
    1095,
    -304,
    436,
    999,
    -248,
    446,
    1039,
    -383,
    525,
    493,
    383,
    525,
    493,
    248,
    446,
    1039,
    304,
    436,
    999
  ],
  "morphTargets": [],
  "morphColors": [],
  "normals": [
    0.083348,
    0.96077,
    0.26452,
    0.18546,
    0.96733,
    0.17286,
    -0.0061975,
    0.98689,
    0.1613,
    -0.019847,
    0.96389,
    0.26557,
    -0.24457,
    0.93018,
    0.27379,
    0.25287,
    0.92715,
    0.27651,
    -0.18412,
    0.96728,
    0.17455,
    -0.30758,
    0.93052,
    0.19882,
    0.30758,
    0.93052,
    0.19882,
    0.59378,
    0.79283,
    0.13725,
    0.91102,
    0.39798,
    0.10798,
    0.65422,
    0.74324,
    0.13995,
    -0.65422,
    0.74324,
    0.13995,
    -0.91102,
    0.39798,
    0.10798,
    -0.59378,
    0.79283,
    0.13725,
    -0.32763,
    0.91097,
    0.25057,
    0.13005,
    0.94118,
    0.31186,
    -0.11411,
    0.95351,
    0.27891,
    0.32763,
    0.91097,
    0.25057,
    0.076153,
    0.98576,
    0.14991,
    0.27584,
    0.94321,
    0.18512,
    -0.27584,
    0.94321,
    0.18512,
    -0.074122,
    0.98612,
    0.14859,
    -0.010258,
    0.99276,
    0.11968,
    0.037817,
    0.99178,
    0.12224,
    -0.36334,
    0.89754,
    0.2498,
    0.36334,
    0.89754,
    0.2498,
    -0.0054432,
    0.93789,
    0.3469,
    -0.39368,
    0.85317,
    0.34223,
    -0.23842,
    0.91247,
    0.3325,
    -0.70776,
    0.67622,
    0.20446,
    0.70776,
    0.67622,
    0.20446,
    0.23842,
    0.91247,
    0.3325,
    0.39368,
    0.85317,
    0.34223
  ],
  "colors": [],
  "uvs": [
    []
  ],
  "faces": [
    34,
    0,
    1,
    2,
    0,
    0,
    1,
    2,
    34,
    3,
    2,
    4,
    0,
    3,
    2,
    4,
    34,
    1,
    0,
    5,
    0,
    1,
    0,
    5,
    34,
    2,
    6,
    4,
    0,
    2,
    6,
    4,
    34,
    6,
    7,
    4,
    0,
    6,
    7,
    4,
    34,
    5,
    8,
    1,
    0,
    5,
    8,
    1,
    34,
    9,
    10,
    11,
    0,
    9,
    10,
    11,
    34,
    12,
    13,
    14,
    0,
    12,
    13,
    14,
    34,
    4,
    7,
    15,
    0,
    4,
    7,
    15,
    34,
    5,
    0,
    16,
    0,
    5,
    0,
    16,
    34,
    17,
    3,
    4,
    0,
    17,
    3,
    4,
    34,
    18,
    8,
    5,
    0,
    18,
    8,
    5,
    34,
    1,
    19,
    2,
    0,
    1,
    19,
    2,
    34,
    20,
    8,
    11,
    0,
    20,
    8,
    11,
    34,
    12,
    7,
    21,
    0,
    12,
    7,
    21,
    34,
    6,
    2,
    22,
    0,
    6,
    2,
    22,
    34,
    22,
    2,
    23,
    0,
    22,
    2,
    23,
    34,
    24,
    2,
    19,
    0,
    24,
    2,
    19,
    34,
    21,
    22,
    25,
    0,
    21,
    22,
    25,
    34,
    26,
    19,
    20,
    0,
    26,
    19,
    20,
    34,
    27,
    16,
    0,
    0,
    27,
    16,
    0,
    34,
    28,
    29,
    4,
    0,
    28,
    29,
    4,
    34,
    4,
    29,
    17,
    0,
    4,
    29,
    17,
    34,
    21,
    25,
    30,
    0,
    21,
    25,
    30,
    34,
    31,
    26,
    20,
    0,
    31,
    26,
    20,
    34,
    5,
    32,
    33,
    0,
    5,
    32,
    33,
    34,
    16,
    32,
    5,
    0,
    16,
    32,
    5,
    34,
    19,
    1,
    20,
    0,
    19,
    1,
    20,
    34,
    1,
    8,
    20,
    0,
    1,
    8,
    20,
    34,
    3,
    17,
    27,
    0,
    3,
    17,
    27,
    34,
    21,
    6,
    22,
    0,
    21,
    6,
    22,
    34,
    21,
    7,
    6,
    0,
    21,
    7,
    6,
    34,
    0,
    3,
    27,
    0,
    0,
    3,
    27,
    34,
    3,
    0,
    2,
    0,
    3,
    0,
    2,
    34,
    24,
    23,
    2,
    0,
    24,
    23,
    2,
    34,
    33,
    18,
    5,
    0,
    33,
    18,
    5,
    34,
    4,
    15,
    28,
    0,
    4,
    15,
    28,
    34,
    14,
    7,
    12,
    0,
    14,
    7,
    12,
    34,
    11,
    8,
    9,
    0,
    11,
    8,
    9,
    34,
    20,
    11,
    31,
    0,
    20,
    11,
    31,
    34,
    10,
    31,
    11,
    0,
    10,
    31,
    11,
    34,
    12,
    30,
    13,
    0,
    12,
    30,
    13,
    34,
    30,
    12,
    21,
    0,
    30,
    12,
    21
  ]
}