{
  "metadata": {
    "formatVersion": 3.1,
    "sourceFile": "reflector.obj",
    "generatedBy": "OBJConverter",
    "vertices": 34,
    "faces": 30,
    "normals": 30,
    "colors": 0,
    "uvs": 0,
    "materials": 1
  },
  "scale": 0.5,
  "materials": [
    {
      "DbgColor": 15658734,
      "DbgIndex": 0,
      "DbgName": "Standard_14",
      "colorAmbient": [
        0.1647058874,
        0.1647058874,
        0.1647058874
      ],
      "colorDiffuse": [
        0.1647058874,
        0.1647058874,
        0.1647058874
      ],
      "colorSpecular": [
        0.3419999778,
        0.3419999778,
        0.3419999778
      ],
      "illumination": 2,
      "opacity": 1,
      "opticalDensity": 1.5,
      "specularCoef": 41,
      "transparent": true
    }
  ],
  "vertices": [
    -396,
    556,
    376,
    -420,
    562,
    353,
    -459,
    550,
    348,
    460,
    550,
    348,
    420,
    562,
    353,
    397,
    556,
    376,
    -440,
    596,
    331,
    440,
    596,
    331,
    -485,
    552,
    330,
    -494,
    590,
    294,
    495,
    590,
    294,
    485,
    552,
    330,
    -428,
    597,
    329,
    -416,
    548,
    335,
    416,
    548,
    335,
    428,
    597,
    329,
    517,
    555,
    293,
    -516,
    555,
    293,
    394,
    557,
    354,
    -393,
    557,
    354,
    437,
    533,
    317,
    438,
    599,
    316,
    516,
    544,
    277,
    -405,
    548,
    379,
    406,
    548,
    379,
    402,
    545,
    343,
    -401,
    545,
    343,
    -449,
    603,
    318,
    449,
    603,
    318,
    -439,
    533,
    317,
    -518,
    544,
    277,
    -435,
    596,
    319,
    522,
    556,
    279,
    -522,
    556,
    279
  ],
  "morphTargets": [],
  "morphColors": [],
  "normals": [
    -0.14054,
    0.89135,
    0.43098,
    0.18468,
    0.91387,
    0.36158,
    -0.39262,
    0.51955,
    0.75889,
    0.39262,
    0.51955,
    0.75889,
    -0.18468,
    0.91387,
    0.36158,
    0.14054,
    0.89135,
    0.43098,
    -0.18944,
    0.67298,
    0.71499,
    0.18944,
    0.67298,
    0.71499,
    -0.56129,
    0.47758,
    0.67592,
    -0.62456,
    0.48024,
    0.61587,
    0.62456,
    0.48024,
    0.61587,
    0.56129,
    0.47758,
    0.67592,
    0.25774,
    0.69803,
    0.66807,
    0.66269,
    0.60869,
    -0.43628,
    -0.66269,
    0.60869,
    -0.43628,
    -0.25774,
    0.69803,
    0.66807,
    0.75656,
    0.46222,
    0.46257,
    -0.75656,
    0.46222,
    0.46257,
    -0.24391,
    0.92266,
    -0.29868,
    0.24391,
    0.92266,
    -0.29868,
    -0.45743,
    -0.00020051,
    -0.88925,
    -0.3614,
    0.62267,
    0.69402,
    0.3614,
    0.62267,
    0.69402,
    -0.47156,
    0.44176,
    -0.7632,
    0.47156,
    0.44176,
    -0.7632,
    -0.42881,
    0.64647,
    0.63103,
    0.42881,
    0.64647,
    0.63103,
    0.45755,
    0.00087963,
    -0.88919,
    0.79906,
    0.49109,
    0.3469,
    -0.79906,
    0.49109,
    0.3469
  ],
  "colors": [],
  "uvs": [
    []
  ],
  "faces": [
    34,
    0,
    1,
    2,
    0,
    0,
    1,
    2,
    34,
    3,
    4,
    5,
    0,
    3,
    4,
    5,
    34,
    2,
    1,
    6,
    0,
    2,
    1,
    6,
    34,
    7,
    4,
    3,
    0,
    7,
    4,
    3,
    34,
    8,
    6,
    9,
    0,
    8,
    6,
    9,
    34,
    10,
    7,
    11,
    0,
    10,
    7,
    11,
    34,
    12,
    1,
    13,
    0,
    12,
    1,
    13,
    34,
    14,
    4,
    15,
    0,
    14,
    4,
    15,
    34,
    11,
    16,
    10,
    0,
    11,
    16,
    10,
    34,
    9,
    17,
    8,
    0,
    9,
    17,
    8,
    34,
    4,
    7,
    15,
    0,
    4,
    7,
    15,
    34,
    12,
    6,
    1,
    0,
    12,
    6,
    1,
    34,
    14,
    18,
    4,
    0,
    14,
    18,
    4,
    34,
    5,
    4,
    18,
    0,
    5,
    4,
    18,
    34,
    19,
    1,
    0,
    0,
    19,
    1,
    0,
    34,
    1,
    19,
    13,
    0,
    1,
    19,
    13,
    34,
    20,
    21,
    22,
    0,
    20,
    20,
    20,
    34,
    0,
    2,
    23,
    0,
    0,
    2,
    21,
    34,
    24,
    3,
    5,
    0,
    22,
    3,
    5,
    34,
    11,
    7,
    3,
    0,
    11,
    7,
    3,
    34,
    2,
    6,
    8,
    0,
    2,
    6,
    8,
    34,
    25,
    18,
    14,
    0,
    23,
    18,
    14,
    34,
    13,
    19,
    26,
    0,
    13,
    19,
    24,
    34,
    27,
    6,
    12,
    0,
    25,
    6,
    12,
    34,
    6,
    27,
    9,
    0,
    6,
    25,
    9,
    34,
    15,
    7,
    28,
    0,
    15,
    7,
    26,
    34,
    10,
    28,
    7,
    0,
    10,
    26,
    7,
    34,
    29,
    30,
    31,
    0,
    27,
    27,
    27,
    34,
    32,
    10,
    16,
    0,
    28,
    10,
    16,
    34,
    17,
    9,
    33,
    0,
    17,
    9,
    29
  ]
}