{
  "metadata": {
    "formatVersion": 3.1,
    "sourceFile": "roof.obj",
    "generatedBy": "OBJConverter",
    "vertices": 27,
    "faces": 34,
    "normals": 27,
    "colors": 0,
    "uvs": 0,
    "materials": 1
  },
  "scale": 0.5,
  "materials": [
    {
      "DbgColor": 15658734,
      "DbgIndex": 0,
      "DbgName": "Standard_14",
      "colorAmbient": [
        0.1647058874,
        0.1647058874,
        0.1647058874
      ],
      "colorDiffuse": [
        0.1647058874,
        0.1647058874,
        0.1647058874
      ],
      "colorSpecular": [
        0.3419999778,
        0.3419999778,
        0.3419999778
      ],
      "illumination": 2,
      "opacity": 1,
      "opticalDensity": 1.5,
      "specularCoef": 41,
      "transparent": true
    }
  ],
  "vertices": [
    -272,
    757,
    -188,
    -279,
    747,
    -38,
    -91,
    762,
    -27,
    -90,
    769,
    -273,
    90,
    769,
    -273,
    91,
    742,
    -476,
    0,
    755,
    48,
    -99,
    720,
    178,
    0,
    723,
    183,
    -91,
    742,
    -476,
    -274,
    744,
    -365,
    94,
    752,
    45,
    300,
    707,
    145,
    279,
    738,
    27,
    -279,
    738,
    27,
    0,
    713,
    -599,
    190,
    704,
    -590,
    -281,
    694,
    -578,
    -277,
    725,
    -464,
    99,
    720,
    178,
    276,
    754,
    -106,
    275,
    744,
    -365,
    278,
    725,
    -464,
    -298,
    711,
    132,
    282,
    694,
    -578,
    273,
    754,
    -267,
    -296,
    707,
    147
  ],
  "morphTargets": [],
  "morphColors": [],
  "normals": [
    -0.079199,
    0.99686,
    0.000036309,
    -0.10586,
    0.98945,
    0.098917,
    -0.037832,
    0.99437,
    0.098987,
    -0.037937,
    0.99694,
    -0.068298,
    0.035876,
    0.99818,
    -0.048569,
    0.04142,
    0.98054,
    -0.1919,
    -0.0048871,
    0.98701,
    0.1606,
    -0.066797,
    0.97405,
    0.21627,
    -0.0012453,
    0.97319,
    0.22998,
    -0.039363,
    0.98695,
    -0.15613,
    -0.078234,
    0.9887,
    -0.12785,
    0.055809,
    0.98721,
    0.14935,
    0.13687,
    0.96489,
    0.22418,
    0.39861,
    0.90791,
    0.12961,
    -0.30326,
    0.93997,
    0.15651,
    -0.0075083,
    0.96653,
    -0.25643,
    0.096832,
    0.96347,
    -0.2497,
    -0.094282,
    0.95873,
    -0.26823,
    -0.098427,
    0.97113,
    -0.21728,
    0.068107,
    0.97048,
    0.23138,
    0.080611,
    0.99512,
    0.056973,
    0.08297,
    0.98695,
    -0.13803,
    0.1052,
    0.97216,
    -0.20939,
    -0.11134,
    0.96475,
    0.23843,
    0.13543,
    0.95702,
    -0.25647,
    0.081073,
    0.99541,
    -0.050811,
    -0.10297,
    0.9606,
    0.25814
  ],
  "colors": [],
  "uvs": [
    []
  ],
  "faces": [
    34,
    0,
    1,
    2,
    0,
    0,
    1,
    2,
    34,
    3,
    4,
    5,
    0,
    3,
    4,
    5,
    34,
    6,
    7,
    8,
    0,
    6,
    7,
    8,
    34,
    9,
    10,
    5,
    0,
    9,
    10,
    5,
    34,
    4,
    3,
    2,
    0,
    4,
    3,
    2,
    34,
    11,
    12,
    13,
    0,
    11,
    12,
    13,
    34,
    7,
    6,
    14,
    0,
    7,
    6,
    14,
    34,
    15,
    5,
    16,
    0,
    15,
    5,
    16,
    34,
    17,
    18,
    9,
    0,
    17,
    18,
    9,
    34,
    12,
    11,
    19,
    0,
    12,
    11,
    19,
    34,
    3,
    5,
    10,
    0,
    3,
    5,
    10,
    34,
    4,
    2,
    20,
    0,
    4,
    2,
    20,
    34,
    2,
    3,
    0,
    0,
    2,
    3,
    0,
    34,
    0,
    3,
    10,
    0,
    0,
    3,
    10,
    34,
    21,
    5,
    4,
    0,
    21,
    5,
    4,
    34,
    5,
    22,
    16,
    0,
    5,
    22,
    16,
    34,
    20,
    2,
    11,
    0,
    20,
    2,
    11,
    34,
    2,
    14,
    6,
    0,
    2,
    14,
    6,
    34,
    7,
    14,
    23,
    0,
    7,
    14,
    23,
    34,
    22,
    24,
    16,
    0,
    22,
    24,
    16,
    34,
    11,
    6,
    8,
    0,
    11,
    6,
    8,
    34,
    11,
    2,
    6,
    0,
    11,
    2,
    6,
    34,
    25,
    4,
    20,
    0,
    25,
    4,
    20,
    34,
    21,
    4,
    25,
    0,
    21,
    4,
    25,
    34,
    11,
    13,
    20,
    0,
    11,
    13,
    20,
    34,
    13,
    12,
    20,
    0,
    13,
    12,
    20,
    34,
    17,
    9,
    15,
    0,
    17,
    9,
    15,
    34,
    5,
    15,
    9,
    0,
    5,
    15,
    9,
    34,
    9,
    18,
    10,
    0,
    9,
    18,
    10,
    34,
    8,
    19,
    11,
    0,
    8,
    19,
    11,
    34,
    1,
    23,
    14,
    0,
    1,
    23,
    14,
    34,
    14,
    2,
    1,
    0,
    14,
    2,
    1,
    34,
    21,
    22,
    5,
    0,
    21,
    22,
    5,
    34,
    23,
    26,
    7,
    0,
    23,
    26,
    7
  ]
}