{
  "metadata": {
    "formatVersion": 3.1,
    "sourceFile": "sideskirt.obj",
    "generatedBy": "OBJConverter",
    "vertices": 40,
    "faces": 56,
    "normals": 40,
    "colors": 0,
    "uvs": 0,
    "materials": 1
  },
  "scale": 0.5,
  "materials": [
    {
      "DbgColor": 15658734,
      "DbgIndex": 0,
      "DbgName": "Standard_14",
      "colorAmbient": [
        0.1647058874,
        0.1647058874,
        0.1647058874
      ],
      "colorDiffuse": [
        0.1647058874,
        0.1647058874,
        0.1647058874
      ],
      "colorSpecular": [
        0.3419999778,
        0.3419999778,
        0.3419999778
      ],
      "illumination": 2,
      "opacity": 1,
      "opticalDensity": 1.5,
      "specularCoef": 41,
      "transparent": true
    }
  ],
  "vertices": [
    -443,
    179,
    -338,
    -423,
    132,
    -462,
    -436,
    159,
    459,
    437,
    159,
    459,
    423,
    132,
    -462,
    443,
    179,
    -338,
    -423,
    134,
    487,
    424,
    134,
    487,
    -443,
    176,
    -462,
    -451,
    206,
    -462,
    -444,
    186,
    -377,
    -447,
    205,
    -406,
    448,
    205,
    -406,
    445,
    186,
    -377,
    451,
    206,
    -462,
    444,
    176,
    -462,
    -427,
    132,
    -494,
    -458,
    229,
    -497,
    -448,
    228,
    -498,
    448,
    228,
    -498,
    459,
    229,
    -497,
    427,
    132,
    -494,
    431,
    187,
    -376,
    431,
    169,
    489,
    441,
    168,
    487,
    415,
    133,
    489,
    -441,
    168,
    487,
    -431,
    169,
    489,
    -431,
    187,
    -376,
    -414,
    133,
    489,
    -434,
    205,
    -405,
    434,
    205,
    -405,
    417,
    131,
    -495,
    -416,
    131,
    -495,
    -451,
    234,
    -427,
    451,
    234,
    -427,
    458,
    231,
    -483,
    -458,
    231,
    -483,
    438,
    234,
    -425,
    -437,
    234,
    -425
  ],
  "morphTargets": [],
  "morphColors": [],
  "normals": [
    -0.95585,
    0.29312,
    0.02052,
    -0.57933,
    -0.81422,
    0.037869,
    -0.89597,
    -0.44411,
    0.00041801,
    0.89597,
    -0.44411,
    0.00041801,
    0.57933,
    -0.81422,
    0.037869,
    0.95585,
    0.29313,
    0.02052,
    -0.49117,
    -0.69895,
    0.51983,
    0.49117,
    -0.69895,
    0.51983,
    -0.94542,
    -0.32584,
    0.0035707,
    -0.97865,
    -0.1952,
    0.064386,
    -0.81562,
    0.50946,
    0.27424,
    -0.78479,
    0.37726,
    0.4917,
    0.78479,
    0.37726,
    0.4917,
    0.81562,
    0.50946,
    0.27424,
    0.97865,
    -0.1952,
    0.064386,
    0.94542,
    -0.32584,
    0.0035707,
    -0.54324,
    -0.66059,
    -0.51818,
    -0.81688,
    -0.23824,
    -0.5253,
    -0.157,
    -0.081391,
    -0.98424,
    0.157,
    -0.081391,
    -0.98424,
    0.81688,
    -0.23824,
    -0.5253,
    0.54324,
    -0.66059,
    -0.51818,
    0.13735,
    0.93389,
    0.33013,
    0.1827,
    0.53566,
    0.82443,
    0.75575,
    0.40294,
    0.51621,
    0.15446,
    -0.79679,
    0.58418,
    -0.75575,
    0.40295,
    0.51621,
    -0.1827,
    0.53566,
    0.82443,
    -0.13735,
    0.93389,
    0.33013,
    -0.15446,
    -0.79679,
    0.58418,
    -0.088757,
    0.72705,
    0.68082,
    0.088757,
    0.72705,
    0.68082,
    0.15502,
    -0.78971,
    -0.59357,
    -0.15502,
    -0.78972,
    -0.59356,
    -0.83416,
    0.2171,
    0.50699,
    0.83416,
    0.2171,
    0.50699,
    0.97414,
    -0.21119,
    0.080323,
    -0.97414,
    -0.21119,
    0.080323,
    0.086307,
    0.55515,
    0.82726,
    -0.086307,
    0.55515,
    0.82726
  ],
  "colors": [],
  "uvs": [
    []
  ],
  "faces": [
    34,
    0,
    1,
    2,
    0,
    0,
    1,
    2,
    34,
    3,
    4,
    5,
    0,
    3,
    4,
    5,
    34,
    1,
    6,
    2,
    0,
    1,
    6,
    2,
    34,
    3,
    7,
    4,
    0,
    3,
    7,
    4,
    34,
    0,
    8,
    1,
    0,
    0,
    8,
    1,
    34,
    9,
    10,
    11,
    0,
    9,
    10,
    11,
    34,
    12,
    13,
    14,
    0,
    12,
    13,
    14,
    34,
    4,
    15,
    5,
    0,
    4,
    15,
    5,
    34,
    16,
    17,
    18,
    0,
    16,
    17,
    18,
    34,
    19,
    20,
    21,
    0,
    19,
    20,
    21,
    34,
    22,
    23,
    24,
    0,
    22,
    23,
    24,
    34,
    23,
    25,
    24,
    0,
    23,
    25,
    24,
    34,
    26,
    27,
    28,
    0,
    26,
    27,
    28,
    34,
    26,
    29,
    27,
    0,
    26,
    29,
    27,
    34,
    30,
    11,
    10,
    0,
    30,
    11,
    10,
    34,
    13,
    12,
    31,
    0,
    13,
    12,
    31,
    34,
    31,
    22,
    13,
    0,
    31,
    22,
    13,
    34,
    24,
    5,
    22,
    0,
    24,
    5,
    22,
    34,
    10,
    28,
    30,
    0,
    10,
    28,
    30,
    34,
    28,
    0,
    26,
    0,
    28,
    0,
    26,
    34,
    32,
    19,
    21,
    0,
    32,
    19,
    21,
    34,
    32,
    4,
    7,
    0,
    32,
    4,
    7,
    34,
    6,
    1,
    33,
    0,
    6,
    1,
    33,
    34,
    16,
    18,
    33,
    0,
    16,
    18,
    33,
    34,
    21,
    20,
    15,
    0,
    21,
    20,
    15,
    34,
    15,
    14,
    13,
    0,
    15,
    14,
    13,
    34,
    8,
    10,
    9,
    0,
    8,
    10,
    9,
    34,
    8,
    17,
    16,
    0,
    8,
    17,
    16,
    34,
    33,
    29,
    6,
    0,
    33,
    29,
    6,
    34,
    26,
    6,
    29,
    0,
    26,
    6,
    29,
    34,
    25,
    7,
    24,
    0,
    25,
    7,
    24,
    34,
    7,
    25,
    32,
    0,
    7,
    25,
    32,
    34,
    34,
    9,
    11,
    0,
    34,
    9,
    11,
    34,
    34,
    11,
    30,
    0,
    34,
    11,
    30,
    34,
    12,
    14,
    35,
    0,
    12,
    14,
    35,
    34,
    31,
    12,
    35,
    0,
    31,
    12,
    35,
    34,
    36,
    35,
    14,
    0,
    36,
    35,
    14,
    34,
    36,
    14,
    15,
    0,
    36,
    14,
    15,
    34,
    37,
    8,
    9,
    0,
    37,
    8,
    9,
    34,
    9,
    34,
    37,
    0,
    9,
    34,
    37,
    34,
    21,
    15,
    4,
    0,
    21,
    15,
    4,
    34,
    21,
    4,
    32,
    0,
    21,
    4,
    32,
    34,
    33,
    1,
    16,
    0,
    33,
    1,
    16,
    34,
    1,
    8,
    16,
    0,
    1,
    8,
    16,
    34,
    28,
    10,
    0,
    0,
    28,
    10,
    0,
    34,
    8,
    0,
    10,
    0,
    8,
    0,
    10,
    34,
    15,
    13,
    5,
    0,
    15,
    13,
    5,
    34,
    5,
    13,
    22,
    0,
    5,
    13,
    22,
    34,
    24,
    3,
    5,
    0,
    24,
    3,
    5,
    34,
    3,
    24,
    7,
    0,
    3,
    24,
    7,
    34,
    6,
    26,
    2,
    0,
    6,
    26,
    2,
    34,
    0,
    2,
    26,
    0,
    0,
    2,
    26,
    34,
    35,
    38,
    31,
    0,
    35,
    38,
    31,
    34,
    30,
    39,
    34,
    0,
    30,
    39,
    34,
    34,
    17,
    8,
    37,
    0,
    17,
    8,
    37,
    34,
    36,
    15,
    20,
    0,
    36,
    15,
    20
  ]
}