{
  "metadata": {
    "formatVersion": 3.1,
    "sourceFile": "trunk.obj",
    "generatedBy": "OBJConverter",
    "vertices": 97,
    "faces": 156,
    "normals": 97,
    "colors": 0,
    "uvs": 0,
    "materials": 1
  },
  "scale": 0.5,
  "materials": [
    {
      "DbgColor": 15658734,
      "DbgIndex": 0,
      "DbgName": "Standard_14",
      "colorAmbient": [
        0.1647058874,
        0.1647058874,
        0.1647058874
      ],
      "colorDiffuse": [
        0.1647058874,
        0.1647058874,
        0.1647058874
      ],
      "colorSpecular": [
        0.3419999778,
        0.3419999778,
        0.3419999778
      ],
      "illumination": 2,
      "opacity": 1,
      "opticalDensity": 1.5,
      "specularCoef": 41,
      "transparent": true
    }
  ],
  "vertices": [
    300,
    561,
    -974,
    52,
    575,
    -1040,
    128,
    586,
    -944,
    -48,
    587,
    -953,
    -53,
    570,
    -1093,
    -286,
    517,
    -1094,
    -271,
    538,
    -1096,
    -257,
    514,
    -1115,
    0,
    540,
    -1157,
    -96,
    516,
    -1149,
    -80,
    541,
    -1152,
    -128,
    586,
    -944,
    -300,
    561,
    -974,
    0,
    516,
    -1154,
    96,
    516,
    -1149,
    286,
    517,
    -1094,
    257,
    514,
    -1115,
    272,
    538,
    -1096,
    332,
    520,
    -1052,
    251,
    556,
    -1083,
    -217,
    463,
    -1151,
    0,
    451,
    -1176,
    0,
    393,
    -1182,
    -355,
    520,
    -1008,
    -377,
    513,
    -947,
    -349,
    538,
    -922,
    218,
    463,
    -1151,
    223,
    405,
    -1158,
    349,
    538,
    -922,
    377,
    513,
    -947,
    356,
    520,
    -1008,
    56,
    567,
    -1158,
    -131,
    551,
    -1153,
    -198,
    547,
    -1135,
    -255,
    585,
    -902,
    199,
    547,
    -1135,
    131,
    551,
    -1153,
    63,
    552,
    -1162,
    131,
    565,
    -1145,
    -223,
    405,
    -1158,
    -196,
    500,
    -1139,
    116,
    481,
    -1154,
    -19,
    479,
    -1164,
    0,
    479,
    -1169,
    255,
    585,
    -902,
    -131,
    565,
    -1145,
    0,
    568,
    -1161,
    -63,
    552,
    -1162,
    0,
    552,
    -1164,
    85,
    481,
    -1162,
    197,
    499,
    -1135,
    -251,
    556,
    -1083,
    -332,
    520,
    -1052,
    -314,
    577,
    -886,
    315,
    577,
    -886,
    -85,
    481,
    -1162,
    -178,
    483,
    -1148,
    -197,
    499,
    -1135,
    -193,
    561,
    -1126,
    -231,
    543,
    -1121,
    231,
    543,
    -1121,
    193,
    561,
    -1126,
    197,
    500,
    -1139,
    179,
    483,
    -1144,
    179,
    483,
    -1148,
    314,
    519,
    -1076,
    -314,
    519,
    -1076,
    224,
    404,
    -1153,
    268,
    467,
    -1139,
    -268,
    467,
    -1139,
    -224,
    404,
    -1153,
    203,
    393,
    -1166,
    194,
    389,
    -1164,
    0,
    372,
    -1194,
    -194,
    389,
    -1164,
    -203,
    393,
    -1166,
    285,
    592,
    -869,
    268,
    467,
    -1135,
    -268,
    467,
    -1135,
    -271,
    584,
    -883,
    -127,
    581,
    -940,
    -285,
    592,
    -869,
    81,
    541,
    -1152,
    49,
    583,
    -949,
    0,
    372,
    -1198,
    217,
    580,
    -916,
    271,
    584,
    -883,
    -349,
    533,
    -921,
    349,
    533,
    -921,
    -314,
    572,
    -885,
    -281,
    588,
    -867,
    281,
    588,
    -867,
    315,
    572,
    -885,
    -85,
    548,
    -1156,
    -179,
    483,
    -1144,
    85,
    548,
    -1156,
    0,
    451,
    -1172
  ],
  "morphTargets": [],
  "morphColors": [],
  "normals": [
    0.34829,
    0.91592,
    -0.19946,
    0.032262,
    0.99451,
    -0.099566,
    0.013105,
    0.99567,
    0.091986,
    0.005997,
    0.97833,
    0.20697,
    -0.030726,
    0.99671,
    -0.075023,
    -0.53309,
    0.17609,
    -0.82753,
    -0.51642,
    0.6029,
    -0.60813,
    -0.5241,
    -0.35691,
    -0.77326,
    1.4e-9,
    0.59971,
    -0.80022,
    -0.091857,
    0.09294,
    -0.99143,
    -0.052445,
    -0.19806,
    -0.97878,
    0.032838,
    0.9471,
    0.31925,
    -0.34907,
    0.9156,
    -0.19956,
    2.4e-9,
    0.14742,
    -0.98907,
    0.091857,
    0.09294,
    -0.99143,
    0.53309,
    0.17609,
    -0.82753,
    0.5241,
    -0.35691,
    -0.77326,
    0.51642,
    0.6029,
    -0.60813,
    0.53817,
    0.78315,
    -0.31153,
    0.33439,
    0.89758,
    -0.28728,
    -0.079971,
    0.69675,
    -0.71284,
    -3.81e-8,
    0.68562,
    -0.72796,
    7.3e-9,
    0.37467,
    -0.92716,
    -0.9096,
    0.053964,
    -0.41196,
    -0.6485,
    0.75517,
    -0.095737,
    -0.79776,
    0.52626,
    0.29432,
    0.079971,
    0.69675,
    -0.71284,
    0.55033,
    -0.38904,
    -0.73877,
    0.79776,
    0.52626,
    0.29432,
    0.6485,
    0.75517,
    -0.095738,
    0.9096,
    0.053964,
    -0.41196,
    0.075096,
    0.78647,
    -0.61304,
    -0.19367,
    0.1147,
    -0.97434,
    -0.30792,
    0.33541,
    -0.89033,
    -0.034808,
    0.99614,
    -0.080555,
    0.30792,
    0.33541,
    -0.89033,
    0.19367,
    0.1147,
    -0.97434,
    0.086269,
    -0.26782,
    -0.9596,
    0.14814,
    0.8446,
    -0.5145,
    -0.55033,
    -0.38904,
    -0.73877,
    -0.48926,
    -0.40419,
    -0.77283,
    0.044703,
    -0.98912,
    -0.14013,
    -0.033149,
    -0.98131,
    -0.18958,
    0.012456,
    -0.54904,
    -0.8357,
    -0.036485,
    0.99926,
    -0.011831,
    -0.14332,
    0.85422,
    -0.49976,
    -0.0010263,
    0.75558,
    -0.65505,
    -0.08413,
    -0.18432,
    -0.97926,
    -3.5e-9,
    0.1251,
    -0.99214,
    0.10235,
    -0.53955,
    -0.83571,
    0.44264,
    -0.89143,
    -0.097107,
    -0.33439,
    0.89758,
    -0.28728,
    -0.53817,
    0.78315,
    -0.31153,
    -0.64955,
    0.67394,
    0.35198,
    0.64955,
    0.67394,
    0.35198,
    -0.10786,
    -0.541,
    -0.83408,
    -0.36234,
    -0.5437,
    -0.75703,
    -0.44264,
    -0.89143,
    -0.097107,
    -0.22902,
    0.87279,
    -0.43102,
    -0.452,
    0.50854,
    -0.73286,
    0.452,
    0.50854,
    -0.73286,
    0.23397,
    0.86947,
    -0.43507,
    0.48926,
    -0.40419,
    -0.77283,
    0.46711,
    -0.87549,
    -0.12379,
    0.36394,
    -0.54257,
    -0.75708,
    0.72873,
    -0.30888,
    -0.61118,
    -0.72873,
    -0.30888,
    -0.61118,
    0.72566,
    -0.6534,
    -0.21563,
    0.78465,
    0.45191,
    -0.4244,
    -0.78465,
    0.4519,
    -0.4244,
    -0.72566,
    -0.6534,
    -0.21563,
    0.43536,
    -0.41495,
    -0.79892,
    0.22393,
    -0.78378,
    -0.57926,
    -3.354e-7,
    -0.99892,
    -0.046454,
    -0.22393,
    -0.78378,
    -0.57926,
    -0.43536,
    -0.41495,
    -0.79892,
    0.19178,
    0.83143,
    0.52148,
    0.83495,
    0.55008,
    -0.016443,
    -0.83495,
    0.55008,
    -0.016444,
    0.71358,
    0.37252,
    0.59332,
    0.1593,
    0.65014,
    0.74293,
    -0.19178,
    0.83143,
    0.52148,
    0.052445,
    -0.19806,
    -0.97878,
    -0.049731,
    -0.29117,
    0.95538,
    6.78e-8,
    -0.4476,
    -0.89424,
    -0.31305,
    -0.19072,
    0.93039,
    -0.73024,
    0.32015,
    0.60353,
    -0.72711,
    0.087052,
    0.68098,
    0.72711,
    0.087052,
    0.68098,
    -0.68262,
    0.096733,
    0.72434,
    0.27694,
    0.69576,
    0.66273,
    -0.27694,
    0.69576,
    0.66273,
    0.68262,
    0.096733,
    0.72434,
    -0.09947,
    -0.56692,
    -0.81774,
    -0.46101,
    -0.87878,
    -0.12337,
    0.09947,
    -0.56692,
    -0.81774,
    0,
    0.99822,
    -0.059613
  ],
  "colors": [],
  "uvs": [
    []
  ],