{
  "metadata": {
    "formatVersion": 3.1,
    "sourceFile": "hood.obj",
    "generatedBy": "OBJConverter",
    "vertices": 37,
    "faces": 57,
    "normals": 37,
    "colors": 0,
    "uvs": 0,
    "materials": 1
  },
  "scale": 0.5,
  "materials": [
    {
      "DbgColor": 15658734,
      "DbgIndex": 0,
      "DbgName": "rim",
      "colorAmbient": [
        0.987,
        0.987,
        0.987
      ],
      "colorDiffuse": [
        0.987,
        0.987,
        0.987
      ],
      "colorSpecular": [
        0.936,
        0.936,
        0.936
      ],
      "illumination": 2,
      "opacity": 1,
      "opticalDensity": 1.5,
      "specularCoef": 20,
      "transparent": true
    }
  ],
  "vertices": [
    125,
    469,
    928,
    -125,
    469,
    928,
    -99,
    402,
    1114,
    -251,
    372,
    1087,
    110,
    428,
    1060,
    279,
    436,
    941,
    335,
    474,
    720,
    174,
    496,
    692,
    -369,
    465,
    663,
    -404,
    474,
    496,
    -395,
    430,
    864,
    44,
    502,
    757,
    -136,
    509,
    565,
    -174,
    496,
    692,
    251,
    372,
    1087,
    375,
    506,
    462,
    136,
    514,
    565,
    -255,
    501,
    533,
    -375,
    506,
    462,
    -335,
    474,
    720,
    -315,
    433,
    886,
    -336,
    368,
    1047,
    336,
    368,
    1047,
    395,
    430,
    864,
    315,
    433,
    886,
    404,
    474,
    496,
    369,
    465,
    663,
    -279,
    436,
    941,
    -390,
    384,
    984,
    390,
    384,
    984,
    359,
    505,
    458,
    136,
    509,
    565,
    100,
    400,
    1109,
    -359,
    505,
    458,
    -100,
    400,
    1109,
    -250,
    370,
    1084,
    250,
    370,
    1084
  ],
  "morphTargets": [],
  "morphColors": [],
  "normals": [
    0.086985,
    0.96859,
    0.23295,
    -0.094756,
    0.96415,
    0.24788,
    -0.089457,
    0.10447,
    0.9905,
    -0.28273,
    0.0066897,
    0.95918,
    0.1052,
    0.90887,
    0.40358,
    0.42834,
    0.8379,
    0.3383,
    0.40543,
    0.88429,
    0.23166,
    0.1073,
    0.98505,
    0.13479,
    -0.40884,
    0.90089,
    0.14577,
    -0.65037,
    0.74998,
    0.12062,
    -0.73408,
    0.6536,
    0.18423,
    -0.0027787,
    0.98886,
    0.14879,
    -0.057702,
    0.99615,
    0.06597,
    -0.087192,
    0.98883,
    0.1209,
    0.3002,
    -0.017018,
    0.95372,
    0.5359,
    0.46256,
    -0.70629,
    -0.082515,
    0.83803,
    -0.53936,
    -0.065972,
    0.99275,
    0.10047,
    -0.5173,
    0.47923,
    -0.70904,
    -0.40093,
    0.88846,
    0.22338,
    -0.30901,
    0.90869,
    0.2807,
    -0.18718,
    0.91449,
    0.3587,
    0.18718,
    0.91449,
    0.3587,
    0.73408,
    0.6536,
    0.18423,
    0.30901,
    0.90869,
    0.2807,
    0.65037,
    0.74998,
    0.12062,
    0.40884,
    0.90089,
    0.14577,
    -0.41288,
    0.8398,
    0.35251,
    -0.19668,
    0.91489,
    0.35256,
    0.19668,
    0.91489,
    0.35256,
    0.026689,
    0.92279,
    -0.38438,
    -0.20272,
    0.16573,
    -0.96511,
    0.11156,
    0.85331,
    0.50933,
    -0.0090802,
    0.94873,
    -0.31596,
    0.056956,
    -0.88594,
    0.46029,
    -0.083394,
    -0.84943,
    0.52106,
    0.082549,
    -0.84908,
    0.52177
  ],
  "colors": [],
  "uvs": [
    []
  ],
  "faces": [
    34,
    0,
    1,
    2,
    0,
    0,
    1,
    2,
    34,
    3,
    2,
    1,
    0,
    3,
    2,
    1,
    34,
    4,
    5,
    0,
    0,
    4,
    5,
    0,
    34,
    5,
    6,
    7,
    0,
    5,
    6,
    7,
    34,
    8,
    9,
    10,
    0,
    8,
    9,
    10,
    34,
    11,
    12,
    13,
    0,
    11,
    12,
    13,
    34,
    14,
    5,
    4,
    0,
    14,
    5,
    4,
    34,
    0,
    11,
    13,
    0,
    0,
    11,
    13,
    34,
    7,
    15,
    16,
    0,
    7,
    15,
    16,
    34,
    17,
    18,
    19,
    0,
    17,
    18,
    19,
    34,
    20,
    10,
    21,
    0,
    20,
    10,
    21,
    34,
    0,
    2,
    4,
    0,
    0,
    2,
    4,
    34,
    22,
    23,
    24,
    0,
    22,
    23,
    24,
    34,
    23,
    25,
    26,
    0,
    23,
    25,
    26,
    34,
    19,
    13,
    17,
    0,
    19,
    13,
    17,
    34,
    1,
    27,
    3,
    0,
    1,
    27,
    3,
    34,
    26,
    25,
    6,
    0,
    26,
    25,
    6,
    34,
    19,
    18,
    9,
    0,
    19,
    18,
    9,
    34,
    21,
    3,
    20,
    0,
    21,
    3,
    20,
    34,
    24,
    14,
    22,
    0,
    24,
    14,
    22,
    34,
    28,
    10,
    9,
    0,
    28,
    10,
    9,
    34,
    28,
    21,
    10,
    0,
    28,
    21,
    10,
    34,
    23,
    22,
    29,
    0,
    23,
    22,
    29,
    34,
    25,
    23,
    29,
    0,
    25,
    23,
    29,
    34,
    19,
    9,
    8,
    0,
    19,
    9,
    8,
    34,
    3,
    27,
    20,
    0,
    3,
    27,
    20,
    34,
    15,
    30,
    31,
    0,
    15,
    30,
    31,
    34,
    30,
    15,
    25,
    0,
    30,
    15,
    25,
    34,
    26,
    6,
    5,
    0,
    26,
    6,
    5,
    34,
    24,
    5,
    14,
    0,
    24,
    5,
    14,
    34,
    31,
    12,
    16,
    0,
    31,
    12,
    16,
    34,
    31,
    16,
    15,
    0,
    31,
    16,
    15,
    34,
    13,
    19,
    27,
    0,
    13,
    19,
    27,
    34,
    27,
    19,
    8,
    0,
    27,
    19,
    8,
    34,
    12,
    17,
    13,
    0,
    12,
    17,
    13,
    34,
    7,
    11,
    0,
    0,
    7,
    11,
    0,
    34,
    7,
    0,
    5,
    0,
    7,
    0,
    5,
    34,
    13,
    1,
    0,
    0,
    13,
    1,
    0,
    34,
    27,
    1,
    13,
    0,
    27,
    1,
    13,
    34,
    25,
    15,
    6,
    0,
    25,
    15,
    6,
    34,
    15,
    7,
    6,
    0,
    15,
    7,
    6,
    34,
    4,
    32,
    14,
    0,
    4,
    32,
    14,
    34,
    4,
    2,
    32,
    0,
    4,
    2,
    32,
    34,
    26,
    24,
    23,
    0,
    26,
    24,
    23,
    34,
    5,
    24,
    26,
    0,
    5,
    24,
    26,
    34,
    8,
    20,
    27,
    0,
    8,
    20,
    27,
    34,
    10,
    20,
    8,
    0,
    10,
    20,
    8,
    34,
    16,
    11,
    7,
    0,
    16,
    11,
    7,
    34,
    12,
    11,
    16,
    0,
    12,
    11,
    16,
    34,
    9,
    18,
    33,
    0,
    9,
    18,
    33,
    34,
    18,
    17,
    33,
    0,
    18,
    17,
    33,
    34,
    32,
    2,
    34,
    0,
    32,
    2,
    34,
    34,
    35,
    34,
    2,
    0,
    35,
    34,
    2,
    34,
    14,
    36,
    22,
    0,
    14,
    36,
    22,
    34,
    36,
    14,
    32,
    0,
    36,
    14,
    32,
    34,
    21,
    35,
    3,
    0,
    21,
    35,
    3,
    34,
    2,
    3,
    35,
    0,
    2,
    3,
    35
  ]
}