{
  "metadata": {
    "formatVersion": 3.1,
    "sourceFile": "reflector.obj",
    "generatedBy": "OBJConverter",
    "vertices": 50,
    "faces": 64,
    "normals": 50,
    "colors": 0,
    "uvs": 0,
    "materials": 1
  },
  "scale": 0.5,
  "materials": [
    {
      "DbgColor": 15658734,
      "DbgIndex": 0,
      "DbgName": "rim",
      "colorAmbient": [
        0.4352941513,
        0.4352941513,
        0.4352941513
      ],
      "colorDiffuse": [
        0.4352941513,
        0.4352941513,
        0.4352941513
      ],
      "colorSpecular": [
        0.3330000043,
        0.3330000043,
        0.3330000043
      ],
      "illumination": 2,
      "opacity": 1,
      "opticalDensity": 1.5,
      "specularCoef": 19.9999980927,
      "transparent": true
    }
  ],
  "vertices": [
    480,
    555,
    279,
    419,
    565,
    305,
    440,
    548,
    319,
    -440,
    548,
    319,
    -419,
    565,
    305,
    -480,
    555,
    279,
    414,
    560,
    306,
    410,
    524,
    287,
    416,
    524,
    320,
    -416,
    524,
    320,
    -410,
    524,
    287,
    -414,
    560,
    306,
    471,
    534,
    301,
    493,
    531,
    264,
    -493,
    531,
    264,
    -471,
    534,
    301,
    421,
    547,
    328,
    427,
    534,
    332,
    422,
    524,
    325,
    -422,
    524,
    325,
    -427,
    534,
    332,
    -421,
    547,
    328,
    477,
    511,
    239,
    430,
    511,
    260,
    424,
    574,
    265,
    -477,
    511,
    239,
    -424,
    574,
    265,
    -430,
    511,
    260,
    416,
    571,
    276,
    470,
    572,
    251,
    -416,
    571,
    276,
    -470,
    572,
    251,
    503,
    530,
    233,
    494,
    557,
    238,
    482,
    568,
    245,
    -494,
    557,
    238,
    -503,
    530,
    233,
    -482,
    568,
    245,
    488,
    557,
    236,
    -478,
    566,
    241,
    421,
    575,
    273,
    -421,
    575,
    273,
    414,
    524,
    273,
    -414,
    524,
    273,
    -454,
    524,
    306,
    454,
    524,
    306,
    -494,
    524,
    232,
    494,
    524,
    232,
    501,
    531,
    234,
    -501,
    531,
    234
  ],
  "morphTargets": [],
  "morphColors": [],
  "normals": [
    0.67204,
    0.56451,
    0.47925,
    -0.18173,
    0.87441,
    0.44986,
    0.44163,
    0.5554,
    0.70463,
    -0.44163,
    0.5554,
    0.70463,
    0.18173,
    0.87441,
    0.44986,
    -0.67204,
    0.56451,
    0.47925,
    -0.85187,
    0.42238,
    0.30969,
    -0.79374,
    -0.60699,
    -0.039173,
    -0.88904,
    -0.080873,
    0.45064,
    0.88904,
    -0.080873,
    0.45064,
    0.79374,
    -0.60699,
    -0.039173,
    0.85187,
    0.42238,
    0.30969,
    0.71244,
    -0.19648,
    0.67366,
    0.91328,
    0.20758,
    0.35046,
    -0.91328,
    0.20758,
    0.35046,
    -0.71244,
    -0.19648,
    0.67366,
    -0.3975,
    0.43598,
    0.80741,
    0.057705,
    -0.19365,
    0.97937,
    -0.26309,
    -0.45983,
    0.84814,
    0.26309,
    -0.45983,
    0.84814,
    -0.057705,
    -0.19365,
    0.97937,
    0.3975,
    0.43598,
    0.80741,
    -0.40646,
    0.039926,
    -0.9128,
    -0.40323,
    0.039411,
    -0.91425,
    -0.40341,
    0.039229,
    -0.91418,
    0.4066,
    0.041687,
    -0.91265,
    0.40147,
    0.041208,
    -0.91494,
    0.40323,
    0.039411,
    -0.91425,
    -0.7828,
    0.52503,
    -0.33402,
    0.32448,
    0.89603,
    0.30304,
    0.7828,
    0.52503,
    -0.33402,
    -0.32448,
    0.89603,
    0.30304,
    0.68441,
    -0.51279,
    -0.51829,
    0.8826,
    0.40893,
    0.23193,
    0.27122,
    0.83495,
    -0.47885,
    -0.8826,
    0.40893,
    0.23193,
    -0.68441,
    -0.51279,
    -0.51829,
    -0.27122,
    0.83495,
    -0.47885,
    -0.40599,
    0.039646,
    -0.91302,
    0.40272,
    0.042867,
    -0.91432,
    -0.16393,
    0.98635,
    0.015584,
    0.16393,
    0.98635,
    0.015584,
    -0.93771,
    -0.14511,
    -0.31568,
    0.93771,
    -0.14511,
    -0.31568,
    -0.47991,
    -0.51772,
    0.70827,
    0.47991,
    -0.51772,
    0.70827,
    0.41488,
    0.042671,
    -0.90887,
    -0.41431,
    0.041824,
    -0.90917,
    -0.17145,
    -0.55188,
    -0.81611,
    0.17145,
    -0.55188,
    -0.81611
  ],
  "colors": [],
  "uvs": [
    []
  ],