{
  "metadata": {
    "formatVersion": 3.1,
    "sourceFile": "roof.obj",
    "generatedBy": "OBJConverter",
    "vertices": 52,
    "faces": 78,
    "normals": 52,
    "colors": 0,
    "uvs": 0,
    "materials": 1
  },
  "scale": 0.5,
  "materials": [
    {
      "DbgColor": 15658734,
      "DbgIndex": 0,
      "DbgName": "rim",
      "colorAmbient": [
        0.4352941513,
        0.4352941513,
        0.4352941513
      ],
      "colorDiffuse": [
        0.4352941513,
        0.4352941513,
        0.4352941513
      ],
      "colorSpecular": [
        0.3330000043,
        0.3330000043,
        0.3330000043
      ],
      "illumination": 2,
      "opacity": 1,
      "opticalDensity": 1.5,
      "specularCoef": 19.9999980927,
      "transparent": true
    }
  ],
  "vertices": [
    -262,
    717,
    -428,
    -94,
    733,
    -444,
    -91,
    695,
    -661,
    -179,
    690,
    -644,
    276,
    702,
    30,
    151,
    714,
    47,
    159,
    691,
    118,
    -159,
    691,
    118,
    -151,
    714,
    47,
    -276,
    702,
    30,
    17,
    720,
    -598,
    3,
    736,
    -569,
    7,
    720,
    -548,
    0,
    738,
    -642,
    -15,
    704,
    -616,
    -17,
    720,
    -598,
    262,
    717,
    -428,
    179,
    690,
    -644,
    45,
    697,
    -665,
    284,
    684,
    84,
    -284,
    684,
    84,
    -47,
    743,
    -352,
    -47,
    735,
    -351,
    262,
    716,
    -352,
    94,
    733,
    -444,
    159,
    682,
    114,
    284,
    676,
    80,
    -284,
    676,
    80,
    -40,
    685,
    130,
    -1,
    730,
    -556,
    -3,
    737,
    -575,
    -2,
    740,
    -636,
    15,
    704,
    -616,
    0,
    710,
    54,
    -36,
    718,
    56,
    0,
    694,
    136,
    -262,
    675,
    -616,
    -262,
    716,
    -352,
    -189,
    733,
    -352,
    189,
    733,
    -352,
    262,
    675,
    -616,
    277,
    693,
    28,
    -45,
    689,
    -660,
    262,
    683,
    -620,
    -262,
    683,
    -620,
    -277,
    693,
    28,
    3,
    700,
    -626,
    -262,
    724,
    -352,
    262,
    724,
    -352,
    -7,
    720,
    -548,
    -20,
    711,
    -582,
    20,
    711,
    -582
  ],
  "morphTargets": [],
  "morphColors": [],
  "normals": [
    -0.73386,
    0.67311,
    -0.091492,
    -0.054052,
    0.9894,
    -0.1348,
    -0.15459,
    0.3129,
    -0.93712,
    -0.21146,
    0.25913,
    -0.94241,
    0.5129,
    0.70994,
    -0.48262,
    0.028143,
    0.9397,
    -0.34083,
    0.18282,
    0.35961,
    0.91502,
    -0.1963,
    0.1877,
    0.96241,
    -0.029678,
    0.96015,
    -0.2779,
    -0.52473,
    0.70887,
    -0.47134,
    0.91606,
    0.39136,
    -0.087651,
    0.41099,
    0.87161,
    0.26717,
    0.48889,
    0.68241,
    0.54341,
    -0.024756,
    0.55478,
    -0.83163,
    -0.86746,
    -0.05824,
    -0.49408,
    -0.89592,
    0.44034,
    -0.058499,
    0.73311,
    0.67375,
    -0.092783,
    0.19072,
    0.2389,
    -0.95213,
    0.091935,
    0.22457,
    -0.97011,
    0.69185,
    0.31668,
    0.64889,
    -0.69185,
    0.31668,
    0.64889,
    -0.012291,
    0.77586,
    0.63078,
    -0.0015636,
    0.091843,
    0.99577,
    0.7459,
    0.05004,
    0.66417,
    0.054649,
    0.99038,
    -0.12716,
    0.14992,
    -0.48753,
    0.86014,
    0.87295,
    -0.21354,
    0.43858,
    -0.8652,
    -0.23807,
    0.44131,
    -0.091488,
    -0.31164,
    0.94579,
    -0.25945,
    0.83015,
    0.49349,
    -0.81785,
    0.56767,
    0.094188,
    -0.37477,
    0.84741,
    -0.3761,
    0.89149,
    0.026178,
    -0.45229,
    -0.034877,
    0.11418,
    -0.99285,
    0.011462,
    0.92832,
    -0.37161,
    0.03975,
    0.24331,
    0.96913,
    -0.84861,
    -0.2621,
    -0.45952,
    -0.75196,
    0.050639,
    0.65726,
    -0.076799,
    0.75439,
    0.65192,
    0.071498,
    0.75408,
    0.65288,
    0.84025,
    -0.28251,
    -0.46279,
    0.67485,
    0.23237,
    -0.70041,
    -0.03223,
    -0.32627,
    -0.94473,
    0.6666,
    0.34575,
    -0.66037,
    -0.6666,
    0.34575,
    -0.66037,
    -0.68548,
    0.21523,
    -0.69555,
    0.15438,
    -0.37574,
    -0.91378,
    -0.60693,
    0.58412,
    0.53893,
    0.60693,
    0.58412,
    0.53893,
    -0.49509,
    0.69535,
    0.52094,
    -0.88134,
    0.46264,
    0.095927,
    0.88134,
    0.46264,
    0.095927
  ],
  "colors": [],
  "uvs": [
    []
  ],