{
  "metadata": {
    "formatVersion": 3.1,
    "sourceFile": "sideskirt.obj",
    "generatedBy": "OBJConverter",
    "vertices": 36,
    "faces": 44,
    "normals": 44,
    "colors": 0,
    "uvs": 0,
    "materials": 1
  },
  "scale": 0.5,
  "materials": [
    {
      "DbgColor": 15658734,
      "DbgIndex": 0,
      "DbgName": "rim",
      "colorAmbient": [
        0.4352941513,
        0.4352941513,
        0.4352941513
      ],
      "colorDiffuse": [
        0.4352941513,
        0.4352941513,
        0.4352941513
      ],
      "colorSpecular": [
        0.3330000043,
        0.3330000043,
        0.3330000043
      ],
      "illumination": 2,
      "opacity": 1,
      "opticalDensity": 1.5,
      "specularCoef": 19.9999980927,
      "transparent": true
    }
  ],
  "vertices": [
    430,
    99,
    544,
    391,
    111,
    -382,
    441,
    174,
    -415,
    -441,
    174,
    -415,
    -391,
    111,
    -382,
    -430,
    99,
    544,
    451,
    115,
    -546,
    467,
    277,
    -575,
    -467,
    277,
    -575,
    -451,
    115,
    -546,
    -441,
    140,
    545,
    441,
    140,
    545,
    435,
    114,
    -546,
    452,
    278,
    -576,
    462,
    277,
    -543,
    -462,
    277,
    -543,
    -452,
    278,
    -576,
    -435,
    114,
    -546,
    426,
    141,
    545,
    415,
    99,
    545,
    -415,
    99,
    545,
    -426,
    141,
    545,
    426,
    174,
    -415,
    -426,
    174,
    -415,
    444,
    115,
    -480,
    428,
    99,
    539,
    410,
    113,
    -422,
    -410,
    113,
    -422,
    -428,
    99,
    539,
    -444,
    115,
    -480,
    421,
    140,
    -381,
    -421,
    140,
    -381,
    436,
    100,
    537,
    -436,
    100,
    537,
    441,
    121,
    -506,
    -441,
    121,
    -506
  ],
  "morphTargets": [],
  "morphColors": [],
  "normals": [
    0.50436,
    -0.65264,
    0.5654,
    0.77617,
    -0.6269,
    0.067549,
    0.8506,
    0.34801,
    0.39417,
    -0.8506,
    0.34801,
    0.39417,
    -0.77617,
    -0.6269,
    0.067549,
    -0.50436,
    -0.65264,
    0.5654,
    0.60842,
    -0.64646,
    -0.46035,
    0.64334,
    0.5003,
    -0.57949,
    -0.64334,
    0.5003,
    -0.57949,
    -0.60842,
    -0.64646,
    -0.46035,
    -0.65646,
    0.47902,
    0.58275,
    0.65646,
    0.47902,
    0.58275,
    0.023905,
    -0.81383,
    -0.58061,
    -0.24345,
    0.6656,
    -0.70548,
    0.26819,
    0.81679,
    0.5108,
    -0.26819,
    0.81679,
    0.5108,
    0.24345,
    0.6656,
    -0.70548,
    -0.023905,
    -0.81383,
    -0.58061,
    -0.00061023,
    0.64595,
    0.76338,
    0.016857,
    -0.78218,
    0.62282,
    -0.016857,
    -0.78218,
    0.62282,
    0.00061018,
    0.64595,
    0.76338,
    0.019092,
    0.95743,
    0.28805,
    -0.019092,
    0.95743,
    0.28805,
    0.81483,
    -0.5499,
    -0.18346,
    0.93638,
    -0.35085,
    0.0094267,
    0.023185,
    -0.99934,
    -0.027944,
    -0.023185,
    -0.99934,
    -0.027944,
    -0.9364,
    -0.3508,
    0.0094278,
    -0.81483,
    -0.5499,
    -0.18346,
    0.77643,
    0.62977,
    0.023408,
    -0.77643,
    0.62977,
    0.023408,
    -0.12522,
    0.99203,
    0.013902,
    -0.12522,
    0.99203,
    0.013902,
    0.12522,
    -0.99203,
    -0.013902,
    0.12522,
    -0.99203,
    -0.013902,
    -0.12522,
    -0.99203,
    -0.013902,
    -0.12522,
    -0.99203,
    -0.013902,
    -0.12522,
    -0.99203,
    -0.013902,
    0.12522,
    0.99203,
    0.013902,
    0.12522,
    0.99203,
    0.013902,
    0.12522,
    0.99203,
    0.013902,
    0.78401,
    -0.57312,
    -0.23846,
    -0.78401,
    -0.57312,
    -0.23846
  ],
  "colors": [],
  "uvs": [
    []
  ],
  "faces": [
    34,
    0,
    1,
    2,
    0,
    0,
    1,
    2,
    34,
    3,
    4,
    5,
    0,
    3,
    4,
    5,
    34,
    2,
    6,
    7,
    0,
    2,
    6,
    7,
    34,
    8,
    9,
    3,
    0,
    8,
    9,
    3,
    34,
    5,
    10,
    3,
    0,
    5,
    10,
    3,
    34,
    2,
    11,
    0,
    0,
    2,
    11,
    0,
    34,
    7,
    12,
    13,
    0,
    7,
    12,
    13,
    34,
    13,
    2,
    14,
    0,
    13,
    2,
    14,
    34,
    15,
    3,
    16,
    0,
    15,
    3,
    16,
    34,
    16,
    17,
    8,
    0,
    16,
    17,
    8,
    34,
    9,
    4,
    3,
    0,
    9,
    4,
    3,
    34,
    2,
    1,
    6,
    0,
    2,
    1,
    6,
    34,
    11,
    18,
    19,
    0,
    11,
    18,
    19,
    34,
    11,
    2,
    18,
    0,
    11,
    2,
    18,
    34,
    20,
    21,
    10,
    0,
    20,
    21,
    10,
    34,
    21,
    3,
    10,
    0,
    21,
    3,
    10,
    34,
    22,
    18,
    2,
    0,
    22,
    18,
    2,
    34,
    2,
    13,
    22,
    0,
    2,
    13,
    22,
    34,
    23,
    16,
    3,
    0,
    23,
    16,
    3,
    34,
    3,
    21,
    23,
    0,
    3,
    21,
    23,
    34,
    19,
    1,
    0,
    0,
    19,
    1,
    0,
    34,
    19,
    0,
    11,
    0,
    19,
    0,
    11,
    34,
    10,
    5,
    20,
    0,
    10,
    5,
    20,
    34,
    5,
    4,
    20,
    0,
    5,
    4,
    20,
    34,
    1,
    12,
    6,
    0,
    1,
    12,
    6,
    34,
    12,
    7,
    6,
    0,
    12,
    7,
    6,
    34,
    9,
    8,
    17,
    0,
    9,
    8,
    17,
    34,
    9,
    17,
    4,
    0,
    9,
    17,
    4,
    34,
    24,
    25,
    26,
    0,
    24,
    25,
    26,
    34,
    27,
    28,
    29,
    0,
    27,
    28,
    29,
    34,
    14,
    2,
    7,
    0,
    14,
    2,
    7,
    34,
    13,
    14,
    7,
    0,
    13,
    14,
    7,
    34,
    8,
    15,
    16,
    0,
    8,
    15,
    16,
    34,
    8,
    3,
    15,
    0,
    8,
    3,
    15,
    34,
    24,
    30,
    25,
    0,
    24,
    30,
    25,
    34,
    28,
    31,
    29,
    0,
    28,
    31,
    29,
    34,
    24,
    25,
    32,
    0,
    32,
    33,
    32,
    34,
    25,
    24,
    32,
    0,
    34,
    35,
    34,
    34,
    33,
    29,
    28,
    0,
    36,
    37,
    38,
    34,
    33,
    28,
    29,
    0,
    39,
    40,
    41,
    34,
    24,
    26,
    34,
    0,
    24,
    26,
    42,
    34,
    34,
    30,
    24,
    0,
    42,
    30,
    24,
    34,
    35,
    27,
    29,
    0,
    43,
    27,
    29,
    34,
    29,
    31,
    35,
    0,
    29,
    31,
    43
  ]
}