{
  "metadata": {
    "formatVersion": 3.1,
    "sourceFile": "lens.obj",
    "generatedBy": "OBJConverter",
    "vertices": 30,
    "faces": 22,
    "normals": 29,
    "colors": 0,
    "uvs": 0,
    "materials": 1
  },
  "scale": 0.5,
  "materials": [
    {
      "DbgColor": 15658734,
      "DbgIndex": 0,
      "DbgName": "CAR_QI",
      "colorAmbient": [
        0.2431,
        0.2863,
        0.4353
      ],
      "colorDiffuse": [
        0.2431,
        0.2863,
        0.4353
      ],
      "colorSpecular": [
        0.792,
        0.792,
        0.792
      ],
      "illumination": 2,
      "opacity": 1,
      "opticalDensity": 1.5,
      "specularCoef": 39,
      "transparent": true
    }
  ],
  "vertices": [
    -369,
    385,
    964,
    -411,
    396,
    886,
    -400,
    328,
    1006,
    400,
    328,
    1006,
    411,
    396,
    886,
    369,
    385,
    964,
    290,
    457,
    -1072,
    333,
    480,
    -1033,
    378,
    428,
    -1049,
    -381,
    429,
    -1049,
    -336,
    481,
    -1033,
    -293,
    458,
    -1072,
    287,
    338,
    1040,
    -287,
    338,
    1040,
    -205,
    434,
    -1117,
    -275,
    448,
    -1093,
    -237,
    483,
    -1089,
    206,
    434,
    -1117,
    238,
    483,
    -1089,
    276,
    447,
    -1093,
    -415,
    430,
    752,
    415,
    430,
    752,
    -326,
    391,
    933,
    326,
    391,
    933,
    -363,
    498,
    -1028,
    -314,
    498,
    -1047,
    312,
    497,
    -1047,
    361,
    497,
    -1028,
    -289,
    307,
    1073,
    289,
    307,
    1073
  ],
  "morphTargets": [],
  "morphColors": [],
  "normals": [
    -0.25351,
    0.85295,
    0.4563,
    -0.28537,
    0.91637,
    0.28078,
    -0.38503,
    0.67568,
    0.62866,
    0.38503,
    0.67568,
    0.62866,
    0.28537,
    0.91637,
    0.28078,
    0.25351,
    0.85295,
    0.4563,
    0.4841,
    0.41129,
    -0.77233,
    0.34123,
    0.16329,
    -0.92569,
    0.23332,
    0.46935,
    -0.85163,
    -0.23332,
    0.46935,
    -0.85163,
    -0.34123,
    0.16329,
    -0.92569,
    -0.4841,
    0.41129,
    -0.77233,
    0.20961,
    0.74417,
    0.63425,
    -0.20961,
    0.74417,
    0.63425,
    -0.23681,
    0.36451,
    -0.90058,
    -0.23681,
    0.36451,
    -0.90058,
    0.23681,
    0.36451,
    -0.90058,
    0.23681,
    0.36451,
    -0.90058,
    0.23681,
    0.36451,
    -0.90058,
    -0.083976,
    0.97122,
    0.2229,
    0.083976,
    0.97122,
    0.2229,
    0.071157,
    0.95612,
    0.28421,
    -0.071157,
    0.95612,
    0.28421,
    -0.1094,
    0.10844,
    -0.98807,
    -0.56171,
    0.02251,
    -0.82703,
    0.56171,
    0.02251,
    -0.82703,
    0.1094,
    0.10844,
    -0.98807,
    -0.26896,
    0.71045,
    0.65032,
    0.26896,
    0.71045,
    0.65032
  ],
  "colors": [],
  "uvs": [
    []
  ],
  "faces": [
    34,
    0,
    1,
    2,
    0,
    0,
    1,
    2,
    34,
    3,
    4,
    5,
    0,
    3,
    4,
    5,
    34,
    6,
    7,
    8,
    0,
    6,
    7,
    8,
    34,
    9,
    10,
    11,
    0,
    9,
    10,
    11,
    34,
    5,
    12,
    3,
    0,
    5,
    12,
    3,
    34,
    0,
    2,
    13,
    0,
    0,
    2,
    13,
    34,
    14,
    15,
    16,
    0,
    14,
    14,
    15,
    34,
    17,
    18,
    19,
    0,
    16,
    17,
    18,
    34,
    1,
    0,
    20,
    0,
    1,
    0,
    19,
    34,
    21,
    5,
    4,
    0,
    20,
    5,
    4,
    34,
    22,
    0,
    13,
    0,
    21,
    0,
    13,
    34,
    0,
    22,
    20,
    0,
    0,
    21,
    19,
    34,
    12,
    5,
    23,
    0,
    12,
    5,
    22,
    34,
    21,
    23,
    5,
    0,
    20,
    22,
    5,
    34,
    10,
    9,
    24,
    0,
    10,
    9,
    23,
    34,
    25,
    11,
    10,
    0,
    24,
    11,
    10,
    34,
    7,
    6,
    26,
    0,
    7,
    6,
    25,
    34,
    27,
    8,
    7,
    0,
    26,
    8,
    7,
    34,
    2,
    28,
    13,
    0,
    2,
    27,
    13,
    34,
    12,
    29,
    3,
    0,
    12,
    28,
    3,
    34,
    24,
    25,
    10,
    0,
    23,
    24,
    10,
    34,
    7,
    26,
    27,
    0,
    7,
    25,
    26
  ]
}