{
  "metadata": {
    "formatVersion": 3.1,
    "sourceFile": "reflector.obj",
    "generatedBy": "OBJConverter",
    "vertices": 47,
    "faces": 51,
    "normals": 47,
    "colors": 0,
    "uvs": 0,
    "materials": 1
  },
  "scale": 0.5,
  "materials": [
    {
      "DbgColor": 15658734,
      "DbgIndex": 0,
      "DbgName": "CAR_QI",
      "colorAmbient": [
        0.5879999995,
        0.5879999995,
        0.5879999995
      ],
      "colorDiffuse": [
        0.5879999995,
        0.5879999995,
        0.5879999995
      ],
      "colorSpecular": [
        0,
        0,
        0
      ],
      "illumination": 2,
      "opacity": 1,
      "opticalDensity": 1.5,
      "specularCoef": 10,
      "transparent": true
    }
  ],
  "vertices": [
    -480,
    537,
    148,
    -479,
    509,
    182,
    -413,
    518,
    216,
    413,
    518,
    216,
    479,
    509,
    182,
    480,
    537,
    148,
    415,
    539,
    155,
    405,
    481,
    180,
    -405,
    481,
    180,
    -415,
    539,
    155,
    -410,
    472,
    212,
    -427,
    489,
    200,
    -415,
    469,
    153,
    -419,
    461,
    184,
    410,
    472,
    212,
    419,
    461,
    184,
    415,
    469,
    153,
    427,
    489,
    200,
    -503,
    526,
    119,
    -498,
    512,
    153,
    498,
    512,
    153,
    503,
    526,
    119,
    494,
    502,
    118,
    414,
    489,
    158,
    419,
    539,
    156,
    -419,
    539,
    156,
    -414,
    489,
    158,
    -494,
    502,
    118,
    428,
    502,
    223,
    416,
    503,
    228,
    -428,
    502,
    223,
    -416,
    503,
    228,
    412,
    488,
    157,
    -412,
    488,
    157,
    -450,
    544,
    142,
    450,
    544,
    142,
    -480,
    540,
    125,
    480,
    540,
    125,
    420,
    537,
    157,
    -420,
    537,
    157,
    -506,
    515,
    112,
    506,
    515,
    112,
    -409,
    476,
    156,
    -506,
    515,
    112,
    506,
    515,
    112,
    480,
    540,
    127,
    -480,
    540,
    127
  ],
  "morphTargets": [],
  "morphColors": [],
  "normals": [
    -0.42851,
    0.83382,
    0.34801,
    -0.4679,
    0.67242,
    0.57352,
    0.50188,
    0.66974,
    0.54733,
    -0.50188,
    0.66974,
    0.54733,
    0.4679,
    0.67242,
    0.57352,
    0.42851,
    0.83382,
    0.34801,
    -0.407,
    0.7016,
    -0.58491,
    -0.99604,
    0.062854,
    -0.062803,
    0.99216,
    0.11943,
    -0.036721,
    0.407,
    0.7016,
    -0.58491,
    0.040521,
    -0.63928,
    0.76791,
    -0.88286,
    -0.42638,
    0.19688,
    -0.82937,
    0.092256,
    -0.55102,
    -0.95277,
    -0.30277,
    0.023493,
    -0.040521,
    -0.63928,
    0.76791,
    0.95277,
    -0.30277,
    0.023493,
    0.70292,
    0.003661,
    -0.71126,
    0.88286,
    -0.42638,
    0.19688,
    -0.8879,
    0.39708,
    0.23229,
    -0.72533,
    0.55247,
    0.4107,
    0.72533,
    0.55247,
    0.4107,
    0.8879,
    0.39708,
    0.23229,
    -0.45208,
    -0.0019643,
    -0.89197,
    -0.45001,
    0.00034709,
    -0.89303,
    -0.45021,
    -0.00017335,
    -0.89293,
    0.45021,
    -0.00017335,
    -0.89293,
    0.45001,
    0.00034709,
    -0.89303,
    0.45208,
    -0.0019643,
    -0.89197,
    0.53419,
    0.23128,
    0.81311,
    -0.31347,
    0.092353,
    0.9451,
    -0.53419,
    0.23128,
    0.81311,
    0.31347,
    0.092353,
    0.9451,
    -0.69807,
    0.12634,
    -0.70479,
    0.5962,
    0.33288,
    -0.73058,
    -0.09809,
    0.88788,
    0.4495,
    0.09809,
    0.88788,
    0.4495,
    0.45138,
    -0.0019948,
    -0.89233,
    -0.45138,
    -0.0019948,
    -0.89233,
    0.11726,
    -0.53194,
    -0.83862,
    -0.11726,
    -0.53194,
    -0.83862,
    -0.97336,
    0.12369,
    0.19307,
    0.97336,
    0.12369,
    0.19307,
    0.64278,
    0.21225,
    -0.73606,
    0.45384,
    -0.0031779,
    -0.89108,
    -0.45384,
    -0.0031779,
    -0.89108,
    0.40914,
    0.90604,
    0.10818,
    -0.40914,
    0.90604,
    0.10818
  ],
  "colors": [],
  "uvs": [
    []
  ],
  "faces": [
    34,
    0,
    1,
    2,
    0,
    0,
    1,
    2,
    34,
    3,
    4,
    5,
    0,
    3,
    4,
    5,
    34,
    3,
    6,
    7,
    0,
    3,
    6,
    7,
    34,
    8,
    9,
    2,
    0,
    8,
    9,
    2,
    34,
    2,
    10,
    8,
    0,
    2,
    10,
    8,
    34,
    11,
    12,
    13,
    0,
    11,
    12,
    13,
    34,
    7,
    14,
    3,
    0,
    7,
    14,
    3,
    34,
    15,
    16,
    17,
    0,
    15,
    16,
    17,
    34,
    2,
    9,
    0,
    0,
    2,
    9,
    0,
    34,
    5,
    6,
    3,
    0,
    5,
    6,
    3,
    34,
    18,
    19,
    0,
    0,
    18,
    19,
    0,
    34,
    5,
    20,
    21,
    0,
    5,
    20,
    21,
    34,
    22,
    23,
    24,
    0,
    22,
    23,
    24,
    34,
    25,
    26,
    27,
    0,
    25,
    26,
    27,
    34,
    4,
    3,
    28,
    0,
    4,
    3,
    28,
    34,
    28,
    29,
    14,
    0,
    28,
    29,
    14,
    34,
    30,
    2,
    1,
    0,
    30,
    2,
    1,
    34,
    10,
    31,
    30,
    0,
    10,
    31,
    30,
    34,
    32,
    17,
    16,
    0,
    32,
    17,
    16,
    34,
    12,
    11,
    33,
    0,
    12,
    11,
    33,
    34,
    14,
    15,
    17,
    0,
    14,
    15,
    17,
    34,
    11,
    13,
    10,
    0,
    11,
    13,
    10,
    34,
    34,
    0,
    9,
    0,
    34,
    0,
    9,
    34,
    6,
    5,
    35,
    0,
    6,
    5,
    35,
    34,
    17,
    28,
    14,
    0,
    17,
    28,
    14,
    34,
    10,
    30,
    11,
    0,
    10,
    30,
    11,
    34,
    27,
    36,
    25,
    0,
    27,
    36,
    25,
    34,
    24,
    37,
    22,
    0,
    24,
    37,
    22,
    34,
    32,
    6,
    38,
    0,
    32,
    6,
    38,
    34,
    35,
    38,
    6,
    0,
    35,
    38,
    6,
    34,
    39,
    9,
    33,
    0,
    39,
    9,
    33,
    34,
    9,
    39,
    34,
    0,
    9,
    39,
    34,
    34,
    18,
    40,
    19,
    0,
    18,
    40,
    19,
    34,
    20,
    41,
    21,
    0,
    20,
    41,
    21,
    34,
    8,
    42,
    33,
    0,
    8,
    42,
    33,
    34,
    8,
    33,
    9,
    0,
    8,
    33,
    9,
    34,
    7,
    32,
    16,
    0,
    7,
    32,
    16,
    34,
    6,
    32,
    7,
    0,
    6,
    32,
    7,
    34,
    27,
    43,
    36,
    0,
    27,
    43,
    36,
    34,
    22,
    37,
    44,
    0,
    22,
    37,
    44,
    34,
    21,
    45,
    5,
    0,
    21,
    45,
    5,
    34,
    45,
    35,
    5,
    0,
    45,
    35,
    5,
    34,
    0,
    46,
    18,
    0,
    0,
    46,
    18,
    34,
    0,
    34,
    46,
    0,
    0,
    34,
    46,
    34,
    14,
    29,
    3,
    0,
    14,
    29,
    3,
    34,
    28,
    3,
    29,
    0,
    28,
    3,
    29,
    34,
    31,
    2,
    30,
    0,
    31,
    2,
    30,
    34,
    2,
    31,
    10,
    0,
    2,
    31,
    10,
    34,
    19,
    1,
    0,
    0,
    19,
    1,
    0,
    34,
    20,
    5,
    4,
    0,
    20,
    5,
    4,
    34,
    33,
    42,
    12,
    0,
    33,
    42,
    12
  ]
}