{
  "metadata": {
    "formatVersion": 3.1,
    "sourceFile": "roof.obj",
    "generatedBy": "OBJConverter",
    "vertices": 31,
    "faces": 41,
    "normals": 31,
    "colors": 0,
    "uvs": 0,
    "materials": 1
  },
  "scale": 0.5,
  "materials": [
    {
      "DbgColor": 15658734,
      "DbgIndex": 0,
      "DbgName": "CAR_QI",
      "colorAmbient": [
        0.5879999995,
        0.5879999995,
        0.5879999995
      ],
      "colorDiffuse": [
        0.5879999995,
        0.5879999995,
        0.5879999995
      ],
      "colorSpecular": [
        0,
        0,
        0
      ],
      "illumination": 2,
      "opacity": 1,
      "opticalDensity": 1.5,
      "specularCoef": 10,
      "transparent": true
    }
  ],
  "vertices": [
    145,
    700,
    -157,
    52,
    698,
    -21,
    194,
    683,
    13,
    -98,
    692,
    -351,
    -143,
    700,
    -157,
    51,
    700,
    -285,
    0,
    685,
    -421,
    51,
    705,
    -153,
    156,
    664,
    99,
    52,
    681,
    75,
    -250,
    682,
    -55,
    -269,
    670,
    23,
    -193,
    683,
    13,
    -154,
    664,
    99,
    0,
    667,
    116,
    -101,
    689,
    29,
    187,
    665,
    -475,
    -103,
    670,
    -485,
    142,
    695,
    -285,
    -278,
    659,
    55,
    -226,
    679,
    -347,
    -233,
    688,
    -166,
    271,
    670,
    23,
    252,
    682,
    -55,
    280,
    659,
    55,
    235,
    688,
    -166,
    228,
    684,
    -286,
    -234,
    660,
    -467,
    228,
    679,
    -347,
    0,
    672,
    -489,
    235,
    660,
    -467
  ],
  "morphTargets": [],
  "morphColors": [],
  "normals": [
    0.092483,
    0.99567,
    0.0092456,
    0.025027,
    0.99365,
    0.10972,
    0.11354,
    0.97881,
    0.1704,
    -0.061497,
    0.99242,
    -0.1064,
    -0.078223,
    0.99693,
    0.0037245,
    0.021323,
    0.9965,
    -0.080769,
    0.01216,
    0.98792,
    -0.15447,
    0.015001,
    0.99985,
    0.0084689,
    0.1027,
    0.95464,
    0.27951,
    0.036338,
    0.95931,
    0.28,
    -0.12522,
    0.98926,
    0.075424,
    -0.14664,
    0.96659,
    0.21025,
    -0.11483,
    0.97907,
    0.16803,
    -0.093353,
    0.95564,
    0.27935,
    -0.019329,
    0.94976,
    0.31239,
    -0.055998,
    0.98104,
    0.18552,
    0.088319,
    0.98497,
    -0.14843,
    -0.066064,
    0.98395,
    -0.16577,
    0.083559,
    0.99286,
    -0.085142,
    -0.13506,
    0.95392,
    0.26795,
    -0.10609,
    0.98868,
    -0.10611,
    -0.12972,
    0.99149,
    -0.011086,
    0.14666,
    0.96657,
    0.2103,
    0.12523,
    0.98925,
    0.075449,
    0.13507,
    0.95389,
    0.26804,
    0.13051,
    0.99144,
    -0.0031341,
    0.12782,
    0.98992,
    -0.060964,
    -0.099194,
    0.98291,
    -0.15509,
    0.10436,
    0.98687,
    -0.12331,
    0.011066,
    0.98227,
    -0.18714,
    0.1252,
    0.98093,
    -0.14867
  ],
  "colors": [],
  "uvs": [
    []
  ],
  "faces": [
    34,
    0,
    1,
    2,
    0,
    0,
    1,
    2,
    34,
    3,
    4,
    5,
    0,
    3,
    4,
    5,
    34,
    3,
    5,
    6,
    0,
    3,
    5,
    6,
    34,
    1,
    7,
    4,
    0,
    1,
    7,
    4,
    34,
    8,
    2,
    9,
    0,
    8,
    2,
    9,
    34,
    10,
    11,
    12,
    0,
    10,
    11,
    12,
    34,
    13,
    14,
    15,
    0,
    13,
    14,
    15,
    34,
    5,
    16,
    6,
    0,
    5,
    16,
    6,
    34,
    17,
    3,
    6,
    0,
    17,
    3,
    6,
    34,
    1,
    0,
    7,
    0,
    1,
    0,
    7,
    34,
    7,
    0,
    18,
    0,
    7,
    0,
    18,
    34,
    5,
    18,
    16,
    0,
    5,
    18,
    16,
    34,
    9,
    14,
    8,
    0,
    9,
    14,
    8,
    34,
    19,
    13,
    12,
    0,
    19,
    13,
    12,
    34,
    10,
    12,
    4,
    0,
    10,
    12,
    4,
    34,
    4,
    20,
    21,
    0,
    4,
    20,
    21,
    34,
    9,
    15,
    14,
    0,
    9,
    15,
    14,
    34,
    1,
    4,
    15,
    0,
    1,
    4,
    15,
    34,
    2,
    22,
    23,
    0,
    2,
    22,
    23,
    34,
    2,
    8,
    24,
    0,
    2,
    8,
    24,
    34,
    25,
    26,
    0,
    0,
    25,
    26,
    0,
    34,
    0,
    2,
    23,
    0,
    0,
    2,
    23,
    34,
    27,
    20,
    3,
    0,
    27,
    20,
    3,
    34,
    4,
    3,
    20,
    0,
    4,
    3,
    20,
    34,
    2,
    1,
    9,
    0,
    2,
    1,
    9,
    34,
    15,
    9,
    1,
    0,
    15,
    9,
    1,
    34,
    3,
    17,
    27,
    0,
    3,
    17,
    27,
    34,
    0,
    23,
    25,
    0,
    0,
    23,
    25,
    34,
    21,
    10,
    4,
    0,
    21,
    10,
    4,
    34,
    12,
    15,
    4,
    0,
    12,
    15,
    4,
    34,
    15,
    12,
    13,
    0,
    15,
    12,
    13,
    34,
    28,
    16,
    18,
    0,
    28,
    16,
    18,
    34,
    26,
    18,
    0,
    0,
    26,
    18,
    0,
    34,
    24,
    22,
    2,
    0,
    24,
    22,
    2,
    34,
    12,
    11,
    19,
    0,
    12,
    11,
    19,
    34,
    6,
    29,
    17,
    0,
    6,
    29,
    17,
    34,
    6,
    16,
    29,
    0,
    6,
    16,
    29,
    34,
    16,
    28,
    30,
    0,
    16,
    28,
    30,
    34,
    4,
    7,
    5,
    0,
    4,
    7,
    5,
    34,
    7,
    18,
    5,
    0,
    7,
    18,
    5,
    34,
    26,
    28,
    18,
    0,
    26,
    28,
    18
  ]
}