{
  "metadata": {
    "formatVersion": 3.1,
    "sourceFile": "sideskirt.obj",
    "generatedBy": "OBJConverter",
    "vertices": 26,
    "faces": 30,
    "normals": 26,
    "colors": 0,
    "uvs": 0,
    "materials": 1
  },
  "scale": 0.5,
  "materials": [
    {
      "DbgColor": 15658734,
      "DbgIndex": 0,
      "DbgName": "CAR_QI",
      "colorAmbient": [
        0.5879999995,
        0.5879999995,
        0.5879999995
      ],
      "colorDiffuse": [
        0.5879999995,
        0.5879999995,
        0.5879999995
      ],
      "colorSpecular": [
        0,
        0,
        0
      ],
      "illumination": 2,
      "opacity": 1,
      "opticalDensity": 1.5,
      "specularCoef": 10,
      "transparent": true
    }
  ],
  "vertices": [
    385,
    102,
    -494,
    432,
    84,
    -192,
    444,
    85,
    506,
    440,
    83,
    -359,
    447,
    143,
    -198,
    445,
    138,
    295,
    -444,
    85,
    506,
    -432,
    84,
    -192,
    -385,
    102,
    -494,
    -445,
    138,
    295,
    -447,
    143,
    -198,
    -440,
    83,
    -359,
    454,
    144,
    -358,
    -454,
    144,
    -358,
    -454,
    136,
    495,
    454,
    136,
    495,
    457,
    86,
    -508,
    393,
    142,
    -493,
    467,
    145,
    -496,
    -457,
    86,
    -508,
    -467,
    145,
    -496,
    -393,
    142,
    -493,
    407,
    97,
    495,
    -407,
    97,
    495,
    -296,
    136,
    494,
    296,
    136,
    494
  ],
  "morphTargets": [],
  "morphColors": [],
  "normals": [
    -0.29553,
    -0.66157,
    -0.6892,
    0.27675,
    -0.96046,
    0.030495,
    0.36183,
    -0.61796,
    0.698,
    0.49295,
    -0.86923,
    0.037893,
    0.99031,
    -0.13864,
    0.0083235,
    0.99558,
    -0.092214,
    -0.017949,
    -0.36183,
    -0.61796,
    0.698,
    -0.27675,
    -0.96046,
    0.030495,
    0.29553,
    -0.66157,
    -0.6892,
    -0.99558,
    -0.092214,
    -0.017949,
    -0.99031,
    -0.13864,
    0.0083235,
    -0.49295,
    -0.86923,
    0.037893,
    0.97477,
    -0.21172,
    0.070642,
    -0.97477,
    -0.21172,
    0.070642,
    -0.77595,
    -0.096798,
    0.62332,
    0.77595,
    -0.096798,
    0.62332,
    0.45535,
    -0.60681,
    -0.65149,
    -0.12073,
    0.12705,
    -0.98452,
    0.80606,
    -0.010877,
    -0.59173,
    -0.45535,
    -0.60681,
    -0.65149,
    -0.80606,
    -0.010877,
    -0.59173,
    0.12073,
    0.12705,
    -0.98452,
    -0.22601,
    -0.4289,
    0.87462,
    0.22601,
    -0.4289,
    0.87462,
    0.0077872,
    0.0054354,
    0.99995,
    -0.0077872,
    0.0054354,
    0.99995
  ],
  "colors": [],
  "uvs": [
    []
  ],
  "faces": [
    34,
    0,
    1,
    2,
    0,
    0,
    1,
    2,
    34,
    3,
    4,
    5,
    0,
    3,
    4,
    5,
    34,
    6,
    7,
    8,
    0,
    6,
    7,
    8,
    34,
    9,
    10,
    11,
    0,
    9,
    10,
    11,
    34,
    7,
    6,
    9,
    0,
    7,
    6,
    9,
    34,
    5,
    2,
    1,
    0,
    5,
    2,
    1,
    34,
    3,
    12,
    4,
    0,
    3,
    12,
    4,
    34,
    10,
    13,
    11,
    0,
    10,
    13,
    11,
    34,
    14,
    9,
    6,
    0,
    14,
    9,
    6,
    34,
    2,
    5,
    15,
    0,
    2,
    5,
    15,
    34,
    16,
    17,
    18,
    0,
    16,
    17,
    18,
    34,
    19,
    20,
    21,
    0,
    19,
    20,
    21,
    34,
    2,
    15,
    22,
    0,
    2,
    15,
    22,
    34,
    2,
    22,
    0,
    0,
    2,
    22,
    0,
    34,
    6,
    23,
    14,
    0,
    6,
    23,
    14,
    34,
    8,
    23,
    6,
    0,
    8,
    23,
    6,
    34,
    3,
    0,
    16,
    0,
    3,
    0,
    16,
    34,
    12,
    3,
    16,
    0,
    12,
    3,
    16,
    34,
    11,
    19,
    8,
    0,
    11,
    19,
    8,
    34,
    19,
    11,
    13,
    0,
    19,
    11,
    13,
    34,
    21,
    8,
    19,
    0,
    21,
    8,
    19,
    34,
    16,
    0,
    17,
    0,
    16,
    0,
    17,
    34,
    23,
    24,
    14,
    0,
    23,
    24,
    14,
    34,
    15,
    25,
    22,
    0,
    15,
    25,
    22,
    34,
    16,
    18,
    12,
    0,
    16,
    18,
    12,
    34,
    13,
    20,
    19,
    0,
    13,
    20,
    19,
    34,
    1,
    3,
    5,
    0,
    1,
    3,
    5,
    34,
    1,
    0,
    3,
    0,
    1,
    0,
    3,
    34,
    9,
    11,
    7,
    0,
    9,
    11,
    7,
    34,
    7,
    11,
    8,
    0,
    7,
    11,
    8
  ]
}