{
  "metadata": {
    "formatVersion": 3.1,
    "sourceFile": "trunk.obj",
    "generatedBy": "OBJConverter",
    "vertices": 103,
    "faces": 170,
    "normals": 103,
    "colors": 0,
    "uvs": 0,
    "materials": 1
  },
  "scale": 0.5,
  "materials": [
    {
      "DbgColor": 15658734,
      "DbgIndex": 0,
      "DbgName": "CAR_QI",
      "colorAmbient": [
        0.5879999995,
        0.5879999995,
        0.5879999995
      ],
      "colorDiffuse": [
        0.5879999995,
        0.5879999995,
        0.5879999995
      ],
      "colorSpecular": [
        0,
        0,
        0
      ],
      "illumination": 2,
      "opacity": 1,
      "opticalDensity": 1.5,
      "specularCoef": 10,
      "transparent": true
    }
  ],
  "vertices": [
    102,
    533,
    -1107,
    146,
    531,
    -1100,
    140,
    500,
    -1111,
    186,
    528,
    -1090,
    224,
    525,
    -1080,
    252,
    510,
    -1076,
    50,
    502,
    -1120,
    0,
    535,
    -1113,
    53,
    534,
    -1111,
    255,
    522,
    -1069,
    254,
    522,
    -1070,
    256,
    523,
    -1067,
    103,
    534,
    -1105,
    0,
    536,
    -1112,
    207,
    468,
    -1109,
    208,
    469,
    -1110,
    212,
    476,
    -1106,
    222,
    482,
    -1097,
    222,
    482,
    -1099,
    234,
    486,
    -1093,
    234,
    486,
    -1091,
    244,
    485,
    -1091,
    212,
    476,
    -1107,
    222,
    483,
    -1100,
    234,
    487,
    -1094,
    245,
    485,
    -1090,
    245,
    486,
    -1091,
    247,
    523,
    -1072,
    255,
    519,
    -1068,
    256,
    521,
    -1068,
    256,
    521,
    -1068,
    205,
    467,
    -1111,
    206,
    468,
    -1112,
    206,
    467,
    -1110,
    207,
    468,
    -1111,
    205,
    468,
    -1113,
    246,
    486,
    -1088,
    245,
    485,
    -1088,
    244,
    485,
    -1089,
    -139,
    500,
    -1111,
    -145,
    531,
    -1100,
    -101,
    533,
    -1107,
    -185,
    528,
    -1090,
    -250,
    510,
    -1076,
    -222,
    525,
    -1080,
    -51,
    534,
    -1111,
    -255,
    521,
    -1067,
    -252,
    522,
    -1070,
    -254,
    522,
    -1069,
    -185,
    529,
    -1089,
    -51,
    535,
    -1110,
    -211,
    476,
    -1106,
    -206,
    469,
    -1110,
    -206,
    469,
    -1108,
    -221,
    482,
    -1099,
    -221,
    482,
    -1097,
    -233,
    486,
    -1093,
    -242,
    485,
    -1091,
    -233,
    486,
    -1091,
    -210,
    476,
    -1107,
    -220,
    483,
    -1100,
    -233,
    487,
    -1094,
    -244,
    486,
    -1091,
    -243,
    485,
    -1090,
    -254,
    519,
    -1068,
    -245,
    523,
    -1072,
    -254,
    521,
    -1068,
    -254,
    521,
    -1068,
    -205,
    467,
    -1110,
    -205,
    468,
    -1112,
    -204,
    467,
    -1111,
    -205,
    468,
    -1111,
    -204,
    468,
    -1113,
    -243,
    485,
    -1088,
    -244,
    486,
    -1088,
    -242,
    485,
    -1089,
    -91,
    469,
    -1132,
    135,
    469,
    -1127,
    61,
    546,
    -931,
    -172,
    545,
    -892,
    289,
    541,
    -838,
    285,
    532,
    -911,
    174,
    545,
    -892,
    -48,
    502,
    -1120,
    -284,
    532,
    -911,
    -288,
    541,
    -838,
    47,
    469,
    -1133,
    -173,
    553,
    -857,
    -61,
    556,
    -871,
    -254,
    549,
    -836,
    47,
    470,
    -1135,
    63,
    554,
    -870,
    -61,
    554,
    -870,
    255,
    549,
    -836,
    174,
    553,
    -857,
    -282,
    546,
    -823,
    -173,
    551,
    -856,
    256,
    521,
    -1067,
    286,
    530,
    -911,
    174,
    551,
    -856,
    284,
    546,
    -823,
    -91,
    468,
    -1130,
    -284,
    530,
    -911
  ],
  "morphTargets": [],
  "morphColors": [],
  "normals": [
    0.11337,
    0.53882,
    -0.83476,
    0.16615,
    0.80085,
    -0.57535,
    0.16888,
    0.37015,
    -0.91349,
    0.20075,
    0.81567,
    -0.54256,
    0.25667,
    0.72189,
    -0.64264,
    0.66729,
    0.24921,
    -0.70187,
    0.051973,
    0.33201,
    -0.94184,
    -0.011775,
    0.49696,
    -0.86769,
    0.060568,
    0.70607,
    -0.70554,
    0.52728,
    0.31335,
    -0.7898,
    0.32706,
    0.3429,
    -0.8806,
    0.62506,
    0.73164,
    -0.27202,
    0.083121,
    0.92634,
    -0.3674,
    0.00081926,
    0.92478,
    -0.38051,
    0.81638,
    -0.56937,
    -0.09659,
    0.84835,
    -0.3681,
    -0.38053,
    0.71027,
    -0.22427,
    -0.66724,
    0.42877,
    -0.89732,
    -0.10475,
    0.58904,
    -0.65873,
    -0.46809,
    0.315,
    -0.79478,
    -0.51874,
    0.10387,
    -0.9909,
    -0.085604,
    0.11389,
    -0.82932,
    -0.54704,
    0.48721,
    0.21889,
    -0.8454,
    0.43588,
    0.13364,
    -0.89003,
    0.34518,
    0.050898,
    -0.93716,
    0.46154,
    -0.76626,
    -0.44702,
    0.63452,
    -0.074784,
    -0.76928,
    0.32694,
    0.34291,
    -0.88064,
    0.56191,
    0.068957,
    -0.82432,
    0.99347,
    -0.019027,
    -0.11253,
    0.94014,
    0.070846,
    -0.33333,
    0.28344,
    -0.91377,
    -0.29101,
    0.6926,
    -0.58717,
    -0.41896,
    0.72214,
    -0.68889,
    -0.062843,
    0.84776,
    -0.37387,
    -0.3762,
    0.3704,
    -0.3312,
    -0.86782,
    0.91093,
    -0.3451,
    -0.22608,
    0.33507,
    -0.93886,
    -0.079159,
    -0.022907,
    -0.99526,
    -0.094542,
    -0.17054,
    0.35143,
    -0.92055,
    -0.15429,
    0.77727,
    -0.60996,
    -0.10278,
    0.76331,
    -0.6378,
    -0.24761,
    0.54135,
    -0.80351,
    -0.66728,
    0.2492,
    -0.70188,
    -0.2661,
    0.72646,
    -0.6336,
    -0.058353,
    0.52997,
    -0.84601,
    -0.33795,
    0.94113,
    0.0082895,
    -0.27737,
    0.74087,
    -0.6117,
    -0.47088,
    0.69377,
    -0.54494,
    -0.1593,
    0.9241,
    -0.34736,
    -0.044004,
    0.92615,
    -0.37459,
    -0.71537,
    -0.24619,
    -0.65394,
    -0.84829,
    -0.36778,
    -0.38098,
    -0.81629,
    -0.56869,
    -0.10128,
    -0.58903,
    -0.65876,
    -0.46806,
    -0.42716,
    -0.89843,
    -0.10177,
    -0.315,
    -0.79474,
    -0.5188,
    -0.11395,
    -0.82929,
    -0.54707,
    -0.10391,
    -0.99088,
    -0.085774,
    -0.48722,
    0.21889,
    -0.8454,
    -0.43588,
    0.13363,
    -0.89003,
    -0.34519,
    0.050869,
    -0.93715,
    -0.63454,
    -0.07477,
    -0.76926,
    -0.46163,
    -0.7662,
    -0.44703,
    -0.56189,
    0.068954,
    -0.82433,
    -0.30411,
    0.70385,
    -0.64196,
    -0.89849,
    0.33656,
    -0.28185,
    -0.97327,
    -0.18899,
    -0.1305,
    -0.72216,
    -0.68887,
    -0.062812,
    -0.69268,
    -0.58709,
    -0.41895,
    -0.28228,
    -0.91225,
    -0.29686,
    -0.84768,
    -0.37413,
    -0.37612,
    -0.36345,
    -0.33322,
    -0.86998,
    -0.33513,
    -0.93884,
    -0.079214,
    -0.91093,
    -0.34513,
    -0.22606,
    0.022799,
    -0.99525,
    -0.094601,
    -0.093969,
    -0.25743,
    -0.96172,
    0.12518,
    -0.43051,
    -0.89386,
    0.016031,
    0.99495,
    -0.099122,
    -0.076035,
    0.98624,
    -0.14682,
    0.16901,
    0.95883,
    -0.22822,
    0.68072,
    0.71683,
    -0.15094,
    0.088951,
    0.98452,
    -0.151,
    -0.042023,
    0.32459,
    -0.94492,
    -0.68109,
    0.71647,
    -0.15095,
    -0.16901,
    0.95883,
    -0.22823,
    0.015649,
    -0.8326,
    -0.55365,
    0.025547,
    0.93555,
    0.35228,
    0.0013558,
    0.93391,
    0.3575,
    -0.086082,
    0.99516,
    -0.047489,
    0.03498,
    -0.27352,
    -0.96123,
    0.022591,
    0.99236,
    -0.1213,
    0.046892,
    0.51881,
    0.8536,
    0.086085,
    0.99515,
    -0.047498,
    -0.022445,
    0.93439,
    0.35553,
    -0.18544,
    0.95402,
    -0.23551,
    0.13628,
    0.55626,
    0.81976,
    0.95988,
    0.1486,
    -0.2378,
    0.97057,
    0.20202,
    -0.13105,
    -0.13628,
    0.55626,
    0.81976,
    0.18543,
    0.95402,
    -0.2355,
    -0.047256,
    -0.82255,
    -0.56673,
