{
  "metadata": {
    "formatVersion": 3.1,
    "sourceFile": "hood.obj",
    "generatedBy": "OBJConverter",
    "vertices": 56,
    "faces": 71,
    "normals": 52,
    "colors": 0,
    "uvs": 0,
    "materials": 1
  },
  "scale": 0.5,
  "materials": [
    {
      "DbgColor": 15658734,
      "DbgIndex": 0,
      "DbgName": "Material__986",
      "colorAmbient": [
        0.987,
        0.987,
        0.987
      ],
      "colorDiffuse": [
        0.987,
        0.987,
        0.987
      ],
      "colorSpecular": [
        0.936,
        0.936,
        0.936
      ],
      "illumination": 2,
      "opacity": 1,
      "opticalDensity": 1.5,
      "specularCoef": 20,
      "transparent": true
    }
  ],
  "vertices": [
    0,
    490,
    720,
    165,
    486,
    707,
    179,
    502,
    476,
    0,
    507,
    489,
    -178,
    502,
    476,
    -164,
    486,
    707,
    -154,
    426,
    931,
    1,
    436,
    957,
    0,
    475,
    818,
    -159,
    469,
    795,
    -345,
    462,
    625,
    -270,
    390,
    979,
    1,
    394,
    1066,
    246,
    385,
    1003,
    154,
    426,
    931,
    271,
    390,
    979,
    346,
    462,
    625,
    160,
    469,
    795,
    241,
    489,
    548,
    -258,
    394,
    992,
    340,
    493,
    424,
    -217,
    479,
    560,
    -241,
    489,
    548,
    -160,
    448,
    811,
    0,
    478,
    729,
    -162,
    472,
    717,
    218,
    479,
    560,
    -163,
    473,
    717,
    0,
    478,
    729,
    360,
    488,
    460,
    -339,
    493,
    424,
    83,
    498,
    486,
    161,
    448,
    811,
    163,
    472,
    717,
    1,
    387,
    1067,
    -106,
    458,
    758,
    107,
    458,
    758,
    0,
    476,
    757,
    -163,
    469,
    745,
    164,
    469,
    745,
    107,
    450,
    786,
    0,
    468,
    785,
    -106,
    450,
    786,
    -163,
    461,
    773,
    164,
    461,
    773,
    163,
    473,
    717,
    -191,
    495,
    473,
    -340,
    486,
    423,
    341,
    486,
    423,
    -106,
    466,
    731,
    164,
    477,
    719,
    -163,
    477,
    719,
    -155,
    461,
    800,
    156,
    461,
    800,
    107,
    466,
    731,
    0,
    468,
    814
  ],
  "morphTargets": [],
  "morphColors": [],
  "normals": [
    0.0027806,
    0.88107,
    0.47298,
    0.2176,
    0.92823,
    0.30172,
    0.0048819,
    0.99045,
    -0.13779,
    0.015237,
    0.91623,
    -0.40037,
    0.010253,
    0.83695,
    -0.54719,
    -0.21912,
    0.928,
    0.30133,
    -0.11411,
    0.95249,
    0.28239,
    0.00093681,
    0.95546,
    0.29511,
    -0.002314,
    0.95066,
    -0.31024,
    0.28285,
    0.95913,
    0.0083635,
    -0.17062,
    0.97422,
    0.1476,
    -0.31933,
    0.91363,
    0.25162,
    -0.004788,
    0.55671,
    0.83069,
    0.12943,
    0.93294,
    0.33597,
    0.12037,
    0.94735,
    0.29672,
    0.16878,
    0.94401,
    0.28349,
    0.17215,
    0.973,
    0.15372,
    -0.28219,
    0.95931,
    0.0094248,
    -0.020508,
    0.9891,
    0.14584,
    -0.60851,
    0.10172,
    0.787,
    0.32215,
    0.64677,
    -0.69131,
    0.05664,
    0.99372,
    0.096501,
    0.015876,
    0.98936,
    0.1446,
    -0.045327,
    0.97133,
    0.23338,
    -0.05664,
    0.99372,
    0.096501,
    0.77535,
    0.48011,
    0.41027,
    -0.0028398,
    0.63131,
    0.77553,
    0.99177,
    0.10967,
    -0.06604,
    -0.45332,
    0.61926,
    -0.64111,
    -0.078114,
    -0.35012,
    -0.93344,
    0,
    0.97249,
    0.23295,
    -0.0095388,
    0.028263,
    0.99955,
    -0.080004,
    0.56473,
    0.82139,
    0.080004,
    0.56473,
    0.82139,
    -1.52e-8,
    0.86875,
    0.49526,
    -0.076215,
    0.80605,
    0.58692,
    0.076215,
    0.80605,
    0.58692,
    0.080005,
    0.56473,
    0.82139,
    -1.57e-8,
    0.86875,
    0.49526,
    -0.080005,
    0.56473,
    0.82139,
    -0.076216,
    0.80605,
    0.58692,
    0.076215,
    0.80605,
    0.58692,
    -0.76624,
    0.49016,
    0.41548,
    0.28182,
    -0.12818,
    -0.95087,
    -0.64541,
    0.11183,
    -0.75561,
    0.47092,
    -0.088348,
    -0.87774,
    0,
    0.80369,
    0.59505,
    0,
    0.80369,
    0.59505,
    0.50219,
    -0.24741,
    -0.82861,
    -0.5027,
    -0.24632,
    -0.82862,
    0.057032,
    0.90877,
    0.41338,
    0.005239,
    0.56193,
    -0.82717
  ],
  "colors": [],
  "uvs": [
    []
  ],