{
  "metadata": {
    "formatVersion": 3.1,
    "sourceFile": "lens.obj",
    "generatedBy": "OBJConverter",
    "vertices": 49,
    "faces": 61,
    "normals": 49,
    "colors": 0,
    "uvs": 0,
    "materials": 1
  },
  "scale": 0.5,
  "materials": [
    {
      "DbgColor": 15658734,
      "DbgIndex": 0,
      "DbgName": "Material__986",
      "colorAmbient": [
        0.2431,
        0.2863,
        0.4353
      ],
      "colorDiffuse": [
        0.2431,
        0.2863,
        0.4353
      ],
      "colorSpecular": [
        0.792,
        0.792,
        0.792
      ],
      "illumination": 2,
      "opacity": 1,
      "opticalDensity": 1.5,
      "specularCoef": 39,
      "transparent": true
    }
  ],
  "vertices": [
    -321,
    508,
    -1005,
    -330,
    499,
    -1133,
    -360,
    462,
    -1116,
    403,
    408,
    814,
    399,
    390,
    905,
    414,
    366,
    894,
    -414,
    366,
    894,
    -399,
    390,
    905,
    -403,
    408,
    814,
    358,
    402,
    869,
    333,
    372,
    962,
    388,
    381,
    938,
    348,
    373,
    968,
    407,
    321,
    943,
    -388,
    381,
    938,
    -333,
    372,
    962,
    -358,
    402,
    869,
    -407,
    321,
    943,
    -348,
    373,
    968,
    327,
    440,
    -1164,
    361,
    462,
    -1116,
    323,
    344,
    -1193,
    331,
    499,
    -1133,
    322,
    508,
    -1004,
    -342,
    344,
    -1181,
    -325,
    440,
    -1164,
    310,
    310,
    1005,
    -310,
    310,
    1005,
    367,
    357,
    -1138,
    -366,
    357,
    -1138,
    -362,
    475,
    -1062,
    -408,
    400,
    748,
    408,
    400,
    748,
    363,
    475,
    -1062,
    383,
    427,
    724,
    398,
    422,
    738,
    -398,
    422,
    738,
    -383,
    427,
    724,
    335,
    370,
    974,
    -335,
    370,
    974,
    -322,
    344,
    -1193,
    -308,
    500,
    -1134,
    309,
    500,
    -1134,
    -414,
    323,
    928,
    414,
    323,
    928,
    -304,
    361,
    -1185,
    305,
    361,
    -1185,
    316,
    333,
    998,
    -316,
    333,
    998
  ],
  "morphTargets": [],
  "morphColors": [],
  "normals": [
    -0.53983,
    0.83695,
    -0.090017,
    -0.44493,
    0.75629,
    -0.47966,
    -0.88941,
    0.35254,
    -0.29098,
    0.61955,
    0.77284,
    0.13738,
    0.43742,
    0.84709,
    0.30184,
    0.87457,
    0.39776,
    0.27733,
    -0.87457,
    0.39776,
    0.27733,
    -0.43742,
    0.84709,
    0.30184,
    -0.61955,
    0.77284,
    0.13738,
    0.10593,
    0.96558,
    0.23757,
    -0.31169,
    0.92375,
    0.22256,
    0.48131,
    0.69134,
    0.53888,
    0.23575,
    0.75807,
    0.60808,
    0.72547,
    0.27398,
    0.63137,
    -0.48131,
    0.69134,
    0.53888,
    0.31169,
    0.92375,
    0.22256,
    -0.10593,
    0.96558,
    0.23757,
    -0.72547,
    0.27398,
    0.63137,
    -0.23575,
    0.75807,
    0.60808,
    0.17861,
    0.30938,
    -0.93402,
    0.88999,
    0.34528,
    -0.29782,
    0.42673,
    0.27454,
    -0.8617,
    0.44493,
    0.75629,
    -0.47965,
    0.53983,
    0.83695,
    -0.090017,
    -0.66122,
    0.21289,
    -0.71935,
    -0.15141,
    0.33712,
    -0.92921,
    0.37176,
    0.26317,
    0.89024,
    -0.37176,
    0.26317,
    0.89024,
    0.81015,
    0.16605,
    -0.56222,
    -0.87658,
    0.14778,
    -0.45801,
    -0.60671,
    0.76808,
    -0.20484,
    -0.92694,
    0.36545,
    -0.085016,
    0.92694,
    0.36545,
    -0.085016,
    0.60671,
    0.76808,
    -0.20484,
    0.40304,
    0.9053,
    -0.13412,
    0.69853,
    0.63669,
    -0.32661,
    -0.69853,
    0.63669,
    -0.32661,
    -0.40304,
    0.9053,
    -0.13412,
    -0.32517,
    0.72124,
    0.61162,
    0.32517,
    0.72124,
    0.61162,
    -0.28214,
    0.2856,
    -0.91588,
    -0.023225,
    0.81483,
    -0.57924,
    0.023228,
    0.81483,
    -0.57924,
    -0.8539,
    0.31265,
    0.41606,
    0.8539,
    0.31265,
    0.41606,
    0.092898,
    0.34698,
    -0.93326,
    -0.092898,
    0.34698,
    -0.93326,
    -0.67158,
    0.42603,
    0.6062,
    0.67158,
    0.42603,
    0.6062
  ],
  "colors": [],
  "uvs": [
    []
  ],
  "faces": [
    34,
    0,
    1,
    2,
    0,
    0,
    1,
    2,
    34,
    3,
    4,
    5,
    0,
    3,
    4,
    5,
    34,
    6,
    7,
    8,
    0,
    6,
    7,
    8,
    34,
    9,
    10,
    11,
    0,
    9,
    10,
    11,
    34,
    12,
    13,
    11,
    0,
    12,
    13,
    11,
    34,
    14,
    15,
    16,
    0,
    14,
    15,
    16,
    34,
    14,
    17,
    18,
    0,
    14,
    17,
    18,
    34,
    19,
    20,
    21,
    0,
    19,
    20,
    21,
    34,
    20,
    22,
    23,
    0,
    20,
    22,
    23,
    34,
    24,
    2,
    25,
    0,
    24,
    2,
    25,
    34,
    12,
    26,
    13,
    0,
    12,
    26,
    13,
    34,
    17,
    27,
    18,
    0,
    17,
    27,
    18,
    34,
    21,
    20,
    28,
    0,
    21,
    20,
    28,
    34,
    24,
    29,
    2,
    0,
    24,
    29,
    2,
    34,
    2,
    29,
    30,
    0,
    2,
    29,
    30,
    34,
    8,
    31,
    6,
    0,
    8,
    31,
    6,
    34,
    5,
    32,
    3,
    0,
    5,
    32,
    3,
    34,
    2,
    30,
    0,
    0,
    2,
    30,
    0,
    34,
    23,
    33,
    20,
    0,
    23,
    33,
    20,
    34,
    33,
    28,
    20,
    0,
    33,
    28,
    20,
    34,
    11,
    3,
    9,
    0,
    11,
    3,
    9,
    34,
    34,
    35,
    32,
    0,
    34,
    35,
    32,
    34,
    31,
    36,
    37,
    0,
    31,
    36,
    37,
    34,
    16,
    8,
    14,
    0,
    16,
    8,
    14,
    34,
    12,
    11,
    10,
    0,
    12,
    11,
    10,
    34,
    38,
    10,
    26,
    0,
    38,
    10,
    26,
    34,
    27,
    15,
    39,
    0,
    27,
    15,
    39,
    34,
    15,
    14,
    18,
    0,
    15,
    14,
    18,
    34,
    40,
    25,
    41,
    0,
    40,
    25,
    41,
    34,
    0,
    41,
    1,
    0,
    0,
    41,
    1,
    34,
    22,
    42,
    23,
    0,
    22,
    42,
    23,
    34,
    42,
    19,
    21,
    0,
    42,
    19,
    21,
    34,
    14,
    6,
    43,
    0,
    14,
    6,
    43,
    34,
    44,
    5,
    11,
    0,
    44,
    5,
    11,
    34,
    8,
    7,
    14,
    0,
    8,
    7,
    14,
    34,
    14,
    7,
    6,
    0,
    14,
    7,
    6,
    34,
    11,
    4,
    3,
    0,
    11,
    4,
    3,
    34,
    5,
    4,
    11,
    0,
    5,
    4,
    11,
    34,
    41,
    45,
    40,
    0,
    41,
    45,
    40,
    34,
    21,
    46,
    42,
    0,
    21,
    46,
    42,
    34,
    17,
    14,
    43,
    0,
    17,
    14,
    43,
    34,
    44,
    11,
    13,
    0,
    44,
    11,
    13,
    34,
    8,
    37,
    36,
    0,
    8,
    37,
    36,
    34,
    31,
    8,
    36,
    0,
    31,
    8,
    36,
    34,
    35,
    34,
    3,
    0,
    35,
    34,
    3,
    34,
    35,
    3,
    32,
    0,
    35,
    3,
    32,
    34,
    16,
    37,
    8,
    0,
    16,
    37,
    8,
    34,
    3,
    34,
    9,
    0,
    3,
    34,
    9,
    34,
    26,
    47,
    38,
    0,
    26,
    47,
    38,
    34,
    47,
    26,
    12,
    0,
    47,
    26,
    12,
    34,
    18,
    27,
    48,
    0,
    18,
    27,
    48,
    34,
    39,
    48,
    27,
    0,
    39,
    48,
    27,
    34,
    39,
    18,
    48,
    0,
    39,
    18,
    48,
    34,
    18,
    39,
    15,
    0,
    18,
    39,
    15,
    34,
    47,
    12,
    38,
    0,
    47,
    12,
    38,
    34,
    10,
    38,
    12,
    0,
    10,
    38,
    12,
    34,
    42,
    22,
    19,
    0,
    42,
    22,
    19,
    34,
    20,
    19,
    22,
    0,
    20,
    19,
    22,
    34,
    25,
    1,
    41,
    0,
    25,
    1,
    41,
    34,
    1,
    25,
    2,
    0,
    1,
    25,
    2,
    34,
    25,
    40,
    24,
    0,
    25,
    40,
    24
  ]
}