{
  "metadata": {
    "formatVersion": 3.1,
    "sourceFile": "reflector.obj",
    "generatedBy": "OBJConverter",
    "vertices": 76,
    "faces": 114,
    "normals": 76,
    "colors": 0,
    "uvs": 0,
    "materials": 1
  },
  "scale": 0.5,
  "materials": [
    {
      "DbgColor": 15658734,
      "DbgIndex": 0,
      "DbgName": "Material__986",
      "colorAmbient": [
        0.5879999995,
        0.5879999995,
        0.5879999995
      ],
      "colorDiffuse": [
        0.5879999995,
        0.5879999995,
        0.5879999995
      ],
      "colorSpecular": [
        0,
        0,
        0
      ],
      "illumination": 2,
      "opacity": 1,
      "opticalDensity": 1.5,
      "specularCoef": 10,
      "transparent": true
    }
  ],
  "vertices": [
    444,
    554,
    157,
    463,
    544,
    185,
    481,
    549,
    150,
    -481,
    549,
    150,
    -463,
    544,
    185,
    -444,
    554,
    157,
    494,
    541,
    162,
    455,
    537,
    204,
    469,
    520,
    194,
    -469,
    520,
    194,
    -455,
    537,
    204,
    -494,
    541,
    162,
    -386,
    539,
    202,
    -389,
    512,
    216,
    -384,
    515,
    168,
    -434,
    535,
    218,
    -436,
    511,
    221,
    -400,
    509,
    242,
    384,
    515,
    168,
    389,
    512,
    216,
    386,
    539,
    202,
    400,
    509,
    242,
    436,
    511,
    221,
    434,
    535,
    218,
    383,
    552,
    168,
    -383,
    552,
    168,
    -405,
    501,
    163,
    -497,
    528,
    146,
    -446,
    553,
    155,
    402,
    546,
    206,
    395,
    532,
    234,
    -395,
    532,
    234,
    -402,
    546,
    206,
    488,
    525,
    173,
    499,
    529,
    147,
    -499,
    529,
    147,
    -488,
    525,
    173,
    385,
    553,
    166,
    492,
    507,
    147,
    405,
    501,
    163,
    -488,
    525,
    167,
    -436,
    511,
    216,
    488,
    525,
    167,
    436,
    511,
    216,
    397,
    510,
    233,
    -397,
    510,
    233,
    499,
    542,
    146,
    386,
    549,
    187,
    391,
    536,
    223,
    -391,
    536,
    223,
    -386,
    549,
    187,
    469,
    520,
    188,
    464,
    513,
    198,
    -464,
    513,
    198,
    -469,
    520,
    188,
    474,
    547,
    170,
    498,
    543,
    147,
    -474,
    547,
    170,
    -498,
    543,
    147,
    391,
    555,
    167,
    388,
    515,
    168,
    -388,
    515,
    168,
    -391,
    555,
    167,
    -385,
    553,
    166,
    -386,
    514,
    166,
    500,
    543,
    147,
    -500,
    543,
    147,
    395,
    509,
    241,
    -395,
    509,
    241,
    386,
    514,
    166,
    416,
    556,
    162,
    -416,
    556,
    162,
    464,
    514,
    192,
    -464,
    514,
    192,
    497,
    529,
    147,
    -497,
    529,
    147
  ],
  "morphTargets": [],
  "morphColors": [],
  "normals": [
    0.12894,
    0.96989,
    0.20662,
    0.2762,
    0.88365,
    0.378,
    0.090839,
    0.79924,
    -0.59411,
    -0.09084,
    0.79924,
    -0.59411,
    -0.2762,
    0.88365,
    0.378,
    -0.12894,
    0.96989,
    0.20662,
    0.75038,
    0.49782,
    0.43487,
    0.50331,
    0.5261,
    0.68549,
    0.80629,
    -0.26619,
    0.52824,
    -0.80629,
    -0.26619,
    0.52824,
    -0.50331,
    0.5261,
    0.68549,
    -0.75038,
    0.49782,
    0.43487,
    0.96555,
    0.1829,
    0.18511,
    0.74153,
    -0.66505,
    0.088547,
    0.60414,
    -0.58791,
    -0.53794,
    -0.37716,
    0.5778,
    0.72381,
    -0.45397,
    -0.62377,
    0.63626,
    -0.15344,
    -0.54345,
    0.8253,
    -0.60414,
    -0.58791,
    -0.53794,
    -0.74153,
    -0.66505,
    0.088547,
    -0.96555,
    0.1829,
    0.18511,
    0.15344,
    -0.54345,
    0.8253,
    0.45397,
    -0.62377,
    0.63626,
    0.37716,
    0.5778,
    0.72381,
    -0.72763,
    0.50824,
    -0.46071,
    0.72763,
    0.50824,
    -0.46071,
    0.17497,
    -0.0069736,
    -0.98455,
    0.17822,
    -0.0086789,
    -0.98395,
    0.17836,
    -0.0085634,
    -0.98393,
    -0.030655,
    0.93221,
    0.36062,
    -0.36941,
    0.5462,
    0.7518,
    0.36941,
    0.5462,
    0.7518,
    0.030655,
    0.93221,
    0.36062,
    0.71896,
    -0.55089,
    0.42382,
    0.64102,
    -0.54588,
    -0.53954,
    -0.64102,
    -0.54588,
    -0.53954,
    -0.71896,
    -0.55089,
    0.42382,
    -0.17514,
    -0.0070051,
    -0.98452,
    -0.1784,
    -0.0085797,
    -0.98392,
    -0.17507,
    -0.0068745,
    -0.98453,
    -0.28538,
    -0.95841,
    -0.001837,
    -0.090526,
    -0.99566,
    0.021697,
    0.28538,
    -0.95841,
    -0.0018369,
    0.090527,
    -0.99566,
    0.021697,
    -0.044692,
    -0.99766,
    -0.051801,
    0.044692,
    -0.99766,
    -0.051801,
    -0.17846,
    -0.0087222,
    -0.98391,
    -0.58041,
    0.77115,
    0.26164,
    -0.71458,
    0.57086,
    0.40435,
    0.71458,
    0.57086,
    0.40435,
    0.58041,
    0.77115,
    0.26164,
    0.50445,
    -0.8607,
    0.068763,
    0.56669,
    -0.70841,
    0.42074,
    -0.56669,
    -0.70841,
    0.42074,
    -0.50445,
    -0.8607,
    0.068763,
    0.18102,
    0.94937,
    0.25677,
    -0.14796,
    0.043099,
    -0.98805,
    -0.18102,
    0.94937,
    0.25677,
    0.14796,
    0.043099,
    -0.98805,
    -0.2012,
    0.96142,
    -0.18757,
    -0.038025,
    -0.65263,
    -0.75672,
    0.038025,
    -0.65263,
    -0.75672,
    0.2012,
    0.96142,
    -0.18757,
    0.17562,
    -0.0070972,
    -0.98443,
    0.16512,
    -0.0028264,
    -0.98627,
    0.71648,
    0.46032,
    -0.52418,
    -0.71648,
    0.46032,
    -0.52418,
    -0.52271,
    -0.52272,
    0.67345,
    0.52271,
    -0.52272,
    0.67345,
    -0.16512,
    -0.0028267,
    -0.98627,
    -0.085623,
    0.82118,
    -0.56421,
    0.085623,
    0.82118,
    -0.56421,
    0.64807,
    -0.75962,
    0.054674,
    -0.64807,
    -0.75962,
    0.054674,
    -0.096949,
    -0.75341,
    -0.65037,
    0.096949,
    -0.75341,
    -0.65037
  ],
  "colors": [],
  "uvs": [
    []
  ],