{
  "metadata": {
    "formatVersion": 3.1,
    "sourceFile": "sideskirt.obj",
    "generatedBy": "OBJConverter",
    "vertices": 62,
    "faces": 98,
    "normals": 62,
    "colors": 0,
    "uvs": 0,
    "materials": 1
  },
  "scale": 0.5,
  "materials": [
    {
      "DbgColor": 15658734,
      "DbgIndex": 0,
      "DbgName": "Material__986",
      "colorAmbient": [
        0.5879999995,
        0.5879999995,
        0.5879999995
      ],
      "colorDiffuse": [
        0.5879999995,
        0.5879999995,
        0.5879999995
      ],
      "colorSpecular": [
        0,
        0,
        0
      ],
      "illumination": 2,
      "opacity": 1,
      "opticalDensity": 1.5,
      "specularCoef": 10,
      "transparent": true
    }
  ],
  "vertices": [
    -412,
    128,
    -319,
    -415,
    116,
    160,
    -422,
    156,
    -322,
    -425,
    175,
    -458,
    -429,
    199,
    -486,
    -428,
    171,
    -528,
    422,
    156,
    -322,
    415,
    116,
    160,
    412,
    128,
    -319,
    428,
    171,
    -528,
    429,
    199,
    -486,
    425,
    175,
    -458,
    421,
    136,
    165,
    407,
    123,
    520,
    409,
    104,
    520,
    394,
    93,
    520,
    399,
    102,
    -27,
    -407,
    123,
    520,
    -421,
    136,
    165,
    -399,
    102,
    -27,
    -394,
    93,
    520,
    -409,
    104,
    520,
    -416,
    199,
    -486,
    -423,
    259,
    -522,
    -435,
    259,
    -523,
    -434,
    230,
    -539,
    -418,
    202,
    -532,
    435,
    259,
    -523,
    423,
    259,
    -522,
    416,
    199,
    -486,
    418,
    202,
    -532,
    434,
    230,
    -539,
    -424,
    167,
    -434,
    -417,
    136,
    -442,
    -409,
    135,
    -528,
    417,
    136,
    -442,
    424,
    167,
    -434,
    409,
    135,
    -528,
    437,
    261,
    -553,
    -437,
    261,
    -553,
    417,
    122,
    520,
    385,
    93,
    520,
    -385,
    93,
    520,
    -417,
    122,
    520,
    413,
    176,
    -457,
    409,
    161,
    -395,
    -409,
    161,
    -395,
    -413,
    176,
    -457,
    -397,
    108,
    -319,
    -406,
    111,
    -528,
    -422,
    135,
    -527,
    397,
    108,
    -319,
    422,
    135,
    -527,
    406,
    111,
    -528,
    -424,
    261,
    -553,
    424,
    261,
    -553,
    399,
    110,
    -443,
    -399,
    110,
    -443,
    -398,
    111,
    -528,
    -388,
    108,
    -396,
    398,
    111,
    -528,
    390,
    109,
    -443
  ],
  "morphTargets": [],
  "morphColors": [],
  "normals": [
    -0.88855,
    -0.45863,
    -0.011794,
    -0.86382,
    -0.50372,
    -0.0092395,
    -0.86667,
    0.49832,
    0.023598,
    -0.77854,
    0.50228,
    0.37629,
    -0.76031,
    0.35741,
    0.5424,
    -0.76525,
    -0.15088,
    -0.6258,
    0.86667,
    0.49833,
    0.023598,
    0.86382,
    -0.50372,
    -0.0092395,
    0.88855,
    -0.45863,
    -0.011794,
    0.76525,
    -0.15088,
    -0.6258,
    0.76031,
    0.35741,
    0.5424,
    0.77854,
    0.50228,
    0.37629,
    0.81939,
    0.57257,
    0.027688,
    0.036935,
    0.56347,
    0.82531,
    0.58263,
    -0.49698,
    0.64309,
    0.23057,
    -0.74468,
    0.62632,
    0.39969,
    -0.91647,
    -0.018093,
    -0.036935,
    0.56347,
    0.82531,
    -0.81939,
    0.57257,
    0.027688,
    -0.40302,
    -0.91501,
    -0.017967,
    -0.23057,
    -0.74468,
    0.62633,
    -0.58263,
    -0.49698,
    0.64309,
    -0.021352,
    0.66097,
    0.75011,
    -0.0091129,
    0.83209,
    0.55457,
    -0.6323,
    0.65514,
    0.4135,
    -0.78548,
    -0.26749,
    -0.5581,
    0.067963,
    -0.1788,
    -0.98153,
    0.6323,
    0.65514,
    0.4135,
    0.0091129,
    0.83209,
    0.55457,
    0.021352,
    0.66097,
    0.75011,
    -0.067963,
    -0.1788,
    -0.98153,
    0.78548,
    -0.26749,
    -0.5581,
    -0.85496,
    0.48728,
    0.17774,
    -0.92041,
    -0.3897,
    0.031267,
    -0.0574,
    -0.028044,
    -0.99796,
    0.92041,
    -0.3897,
    0.031267,
    0.85496,
    0.48728,
    0.17774,
    0.0574,
    -0.028044,
    -0.99796,
    0.58387,
    0.47616,
    -0.65754,
    -0.58387,
    0.47616,
    -0.65754,
    0.70801,
    0.40994,
    0.57504,
    -0.0057587,
    -0.86583,
    0.50031,
    0.0056988,
    -0.86606,
    0.49991,
    -0.70801,
    0.40994,
    0.57504,
    0.059775,
    0.87613,
    0.47836,
    -0.062521,
    0.99243,
    0.1057,
    0.062521,
    0.99243,
    0.1057,
    -0.059775,
    0.87613,
    0.47836,
    -0.47513,
    -0.87975,
    -0.017146,
    -0.40824,
    -0.69816,
    -0.58814,
    -0.73259,
    -0.28809,
    -0.6167,
    0.48226,
    -0.87586,
    -0.01713,
    0.73259,
    -0.28809,
    -0.6167,
    0.40824,
    -0.69816,
    -0.58814,
    -0.037279,
    0.54003,
    -0.84082,
    0.037279,
    0.54003,
    -0.84082,
    0.48361,
    -0.87526,
    0.0071064,
    -0.48206,
    -0.87611,
    0.0070903,
    -0.030728,
    -0.8142,
    -0.57978,
    -0.041469,
    -0.99898,
    -0.017622,
    0.031099,
    -0.81761,
    -0.57493,
    0.04474,
    -0.99884,
    -0.017642
  ],
  "colors": [],
  "uvs": [
    []
  ],