{
  "metadata": {
    "formatVersion": 3.1,
    "sourceFile": "reflector.obj",
    "generatedBy": "OBJConverter",
    "vertices": 38,
    "faces": 48,
    "normals": 34,
    "colors": 0,
    "uvs": 0,
    "materials": 1
  },
  "scale": 0.5,
  "materials": [
    {
      "DbgColor": 15658734,
      "DbgIndex": 0,
      "DbgName": "Material__988",
      "colorAmbient": [
        0.5879999995,
        0.5879999995,
        0.5879999995
      ],
      "colorDiffuse": [
        0.5879999995,
        0.5879999995,
        0.5879999995
      ],
      "colorSpecular": [
        0,
        0,
        0
      ],
      "illumination": 2,
      "opacity": 1,
      "opticalDensity": 1.5,
      "specularCoef": 10,
      "transparent": true
    }
  ],
  "vertices": [
    -398,
    511,
    295,
    -398,
    518,
    243,
    -431,
    492,
    235,
    -399,
    467,
    305,
    -416,
    464,
    239,
    -365,
    460,
    286,
    431,
    492,
    235,
    398,
    518,
    243,
    398,
    511,
    295,
    365,
    460,
    286,
    416,
    464,
    239,
    399,
    467,
    305,
    -360,
    514,
    252,
    -360,
    508,
    287,
    -345,
    489,
    256,
    345,
    489,
    256,
    360,
    508,
    287,
    360,
    514,
    252,
    376,
    481,
    317,
    -376,
    481,
    317,
    430,
    491,
    275,
    -430,
    491,
    275,
    404,
    489,
    311,
    378,
    497,
    314,
    -404,
    489,
    311,
    -378,
    497,
    314,
    -351,
    467,
    255,
    -351,
    483,
    288,
    -381,
    453,
    247,
    351,
    483,
    288,
    351,
    467,
    255,
    381,
    453,
    247,
    364,
    459,
    245,
    355,
    507,
    247,
    431,
    487,
    230,
    -431,
    487,
    230,
    -355,
    507,
    247,
    -364,
    459,
    245
  ],
  "morphTargets": [],
  "morphColors": [],
  "normals": [
    -0.29662,
    0.85852,
    0.41828,
    -0.34363,
    0.93025,
    0.12865,
    -0.9782,
    0.19606,
    0.068499,
    -0.36434,
    -0.73826,
    0.56764,
    -0.63464,
    -0.7563,
    0.15886,
    0.40107,
    -0.85355,
    0.33256,
    0.9782,
    0.19606,
    0.068499,
    0.34363,
    0.93025,
    0.12865,
    0.29662,
    0.85852,
    0.41828,
    -0.40107,
    -0.85355,
    0.33256,
    0.63464,
    -0.7563,
    0.15886,
    0.36434,
    -0.73826,
    0.56764,
    0.45597,
    0.87865,
    0.14164,
    0.58094,
    0.72045,
    0.37876,
    0.97811,
    0.14427,
    0.14994,
    -0.97811,
    0.14427,
    0.14994,
    -0.58094,
    0.72045,
    0.37876,
    -0.45597,
    0.87865,
    0.14164,
    -0.32473,
    -0.23228,
    0.91684,
    0.32473,
    -0.23228,
    0.91684,
    0.9547,
    0.13192,
    0.26674,
    -0.9547,
    0.13192,
    0.26674,
    0.56639,
    0.11378,
    0.81625,
    -0.27206,
    0.49246,
    0.82672,
    -0.56639,
    0.11378,
    0.81625,
    0.27206,
    0.49246,
    0.82672,
    0.76014,
    -0.64286,
    0.094393,
    0.89357,
    -0.081914,
    0.44138,
    -0.11174,
    -0.96865,
    0.22189,
    -0.89357,
    -0.081914,
    0.44138,
    -0.76014,
    -0.64286,
    0.094393,
    0.11174,
    -0.96865,
    0.22189,
    -0.22863,
    0.0015127,
    -0.97351,
    0.22863,
    0.0015127,
    -0.97351
  ],
  "colors": [],
  "uvs": [
    []
  ],
  "faces": [
    34,
    0,
    1,
    2,
    0,
    0,
    1,
    2,
    34,
    3,
    4,
    5,
    0,
    3,
    4,
    5,
    34,
    6,
    7,
    8,
    0,
    6,
    7,
    8,
    34,
    9,
    10,
    11,
    0,
    9,
    10,
    11,
    34,
    12,
    13,
    14,
    0,
    12,
    13,
    14,
    34,
    15,
    16,
    17,
    0,
    15,
    16,
    17,
    34,
    11,
    18,
    9,
    0,
    11,
    18,
    9,
    34,
    16,
    8,
    17,
    0,
    16,
    8,
    17,
    34,
    12,
    0,
    13,
    0,
    12,
    0,
    13,
    34,
    5,
    19,
    3,
    0,
    5,
    19,
    3,
    34,
    10,
    20,
    11,
    0,
    10,
    20,
    11,
    34,
    3,
    21,
    4,
    0,
    3,
    21,
    4,
    34,
    20,
    8,
    22,
    0,
    20,
    8,
    22,
    34,
    23,
    22,
    8,
    0,
    23,
    22,
    8,
    34,
    24,
    0,
    21,
    0,
    24,
    0,
    21,
    34,
    0,
    24,
    25,
    0,
    0,
    24,
    25,
    34,
    26,
    27,
    5,
    0,
    26,
    27,
    5,
    34,
    5,
    28,
    26,
    0,
    5,
    28,
    26,
    34,
    9,
    29,
    30,
    0,
    9,
    29,
    30,
    34,
    30,
    31,
    9,
    0,
    30,
    31,
    9,
    34,
    17,
    8,
    7,
    0,
    17,
    8,
    7,
    34,
    1,
    0,
    12,
    0,
    1,
    0,
    12,
    34,
    32,
    33,
    34,
    0,
    32,
    32,
    32,
    34,
    35,
    36,
    37,
    0,
    33,
    33,
    33,
    34,
    14,
    13,
    27,
    0,
    14,
    13,
    27,
    34,
    24,
    19,
    25,
    0,
    24,
    19,
    25,
    34,
    29,
    16,
    15,
    0,
    29,
    16,
    15,
    34,
    23,
    18,
    22,
    0,
    23,
    18,
    22,
    34,
    0,
    2,
    21,
    0,
    0,
    2,
    21,
    34,
    21,
    2,
    4,
    0,
    21,
    2,
    4,
    34,
    20,
    6,
    8,
    0,
    20,
    6,
    8,
    34,
    10,
    6,
    20,
    0,
    10,
    6,
    20,
    34,
    10,
    9,
    31,
    0,
    10,
    9,
    31,
    34,
    28,
    5,
    4,
    0,
    28,
    5,
    4,
    34,
    24,
    21,
    3,
    0,
    24,
    21,
    3,
    34,
    19,
    24,
    3,
    0,
    19,
    24,
    3,
    34,
    11,
    20,
    22,
    0,
    11,
    20,
    22,
    34,
    11,
    22,
    18,
    0,
    11,
    22,
    18,
    34,
    15,
    30,
    29,
    0,
    15,
    30,
    29,
    34,
    27,
    26,
    14,
    0,
    27,
    26,
    14,
    34,
    29,
    9,
    18,
    0,
    29,
    9,
    18,
    34,
    16,
    29,
    18,
    0,
    16,
    29,
    18,
    34,
    19,
    5,
    27,
    0,
    19,
    5,
    27,
    34,
    19,
    27,
    13,
    0,
    19,
    27,
    13,
    34,
    0,
    25,
    13,
    0,
    0,
    25,
    13,
    34,
    13,
    25,
    19,
    0,
    13,
    25,
    19,
    34,
    16,
    23,
    8,
    0,
    16,
    23,
    8,
    34,
    18,
    23,
    16,
    0,
    18,
    23,
    16
  ]
}