{
  "metadata": {
    "formatVersion": 3.1,
    "sourceFile": "sideskirt.obj",
    "generatedBy": "OBJConverter",
    "vertices": 27,
    "faces": 42,
    "normals": 27,
    "colors": 0,
    "uvs": 0,
    "materials": 1
  },
  "scale": 0.5,
  "materials": [
    {
      "DbgColor": 15658734,
      "DbgIndex": 0,
      "DbgName": "Material__988",
      "colorAmbient": [
        0.5879999995,
        0.5879999995,
        0.5879999995
      ],
      "colorDiffuse": [
        0.5879999995,
        0.5879999995,
        0.5879999995
      ],
      "colorSpecular": [
        0,
        0,
        0
      ],
      "illumination": 2,
      "opacity": 1,
      "opticalDensity": 1.5,
      "specularCoef": 10,
      "transparent": true
    }
  ],
  "vertices": [
    363,
    99,
    455,
    357,
    110,
    -387,
    368,
    152,
    -407,
    -368,
    152,
    -407,
    -357,
    110,
    -387,
    -363,
    99,
    455,
    -370,
    140,
    362,
    370,
    140,
    362,
    -339,
    91,
    -452,
    -349,
    85,
    455,
    -374,
    139,
    454,
    -340,
    83,
    455,
    340,
    83,
    455,
    374,
    139,
    454,
    349,
    85,
    455,
    343,
    93,
    -354,
    366,
    110,
    -451,
    339,
    91,
    -452,
    364,
    151,
    -451,
    -364,
    151,
    -451,
    -366,
    110,
    -451,
    375,
    151,
    -451,
    -375,
    151,
    -451,
    -366,
    139,
    455,
    366,
    139,
    455,
    351,
    94,
    -452,
    -351,
    94,
    -452
  ],
  "morphTargets": [],
  "morphColors": [],
  "normals": [
    0.66639,
    -0.38361,
    0.63935,
    0.90335,
    -0.42645,
    0.045865,
    0.67903,
    0.72851,
    0.090479,
    -0.67903,
    0.72852,
    0.090479,
    -0.8756,
    -0.48246,
    0.023673,
    -0.66639,
    -0.38364,
    0.63933,
    -0.77164,
    0.63604,
    0.0036255,
    0.77164,
    0.63605,
    0.0036256,
    -0.33002,
    -0.84779,
    -0.41513,
    -0.35053,
    -0.63933,
    0.68438,
    -0.67597,
    0.5007,
    0.54071,
    -0.20933,
    -0.84665,
    0.48924,
    0.21075,
    -0.84714,
    0.48779,
    0.67597,
    0.5007,
    0.54071,
    0.35022,
    -0.63992,
    0.684,
    0.67204,
    -0.74051,
    -0.0038381,
    0.71959,
    -0.34461,
    -0.60286,
    0.20549,
    -0.82733,
    -0.52277,
    0.017889,
    0.62189,
    -0.7829,
    -0.017891,
    0.62189,
    -0.7829,
    -0.71959,
    -0.34461,
    -0.60286,
    0.7072,
    0.49524,
    -0.50458,
    -0.7072,
    0.49524,
    -0.50458,
    -0.037801,
    0.58198,
    0.81232,
    0.037801,
    0.58198,
    0.81233,
    0.41682,
    -0.64564,
    -0.63985,
    -0.39015,
    -0.70201,
    -0.59578
  ],
  "colors": [],
  "uvs": [
    []
  ],
  "faces": [
    34,
    0,
    1,
    2,
    0,
    0,
    1,
    2,
    34,
    3,
    4,
    5,
    0,
    3,
    4,
    5,
    34,
    3,
    5,
    6,
    0,
    3,
    5,
    6,
    34,
    7,
    0,
    2,
    0,
    7,
    0,
    2,
    34,
    8,
    9,
    5,
    0,
    8,
    9,
    5,
    34,
    10,
    5,
    11,
    0,
    10,
    5,
    11,
    34,
    12,
    0,
    13,
    0,
    12,
    0,
    13,
    34,
    0,
    14,
    15,
    0,
    0,
    14,
    15,
    34,
    16,
    17,
    18,
    0,
    16,
    17,
    18,
    34,
    1,
    0,
    15,
    0,
    1,
    0,
    15,
    34,
    8,
    5,
    4,
    0,
    8,
    5,
    4,
    34,
    19,
    8,
    20,
    0,
    19,
    8,
    20,
    34,
    18,
    21,
    16,
    0,
    18,
    21,
    16,
    34,
    16,
    21,
    2,
    0,
    16,
    21,
    2,
    34,
    3,
    22,
    20,
    0,
    3,
    22,
    20,
    34,
    20,
    22,
    19,
    0,
    20,
    22,
    19,
    34,
    23,
    3,
    6,
    0,
    23,
    3,
    6,
    34,
    11,
    23,
    10,
    0,
    11,
    23,
    10,
    34,
    7,
    2,
    24,
    0,
    7,
    2,
    24,
    34,
    13,
    24,
    12,
    0,
    13,
    24,
    12,
    34,
    18,
    24,
    2,
    0,
    18,
    24,
    2,
    34,
    18,
    2,
    21,
    0,
    18,
    2,
    21,
    34,
    3,
    23,
    19,
    0,
    3,
    23,
    19,
    34,
    22,
    3,
    19,
    0,
    22,
    3,
    19,
    34,
    16,
    2,
    1,
    0,
    16,
    2,
    1,
    34,
    17,
    16,
    25,
    0,
    17,
    16,
    25,
    34,
    4,
    3,
    20,
    0,
    4,
    3,
    20,
    34,
    26,
    20,
    8,
    0,
    26,
    20,
    8,
    34,
    5,
    9,
    11,
    0,
    5,
    9,
    11,
    34,
    9,
    8,
    11,
    0,
    9,
    8,
    11,
    34,
    12,
    15,
    14,
    0,
    12,
    15,
    14,
    34,
    12,
    14,
    0,
    0,
    12,
    14,
    0,
    34,
    25,
    1,
    15,
    0,
    25,
    1,
    15,
    34,
    16,
    1,
    25,
    0,
    16,
    1,
    25,
    34,
    26,
    4,
    20,
    0,
    26,
    4,
    20,
    34,
    8,
    4,
    26,
    0,
    8,
    4,
    26,
    34,
    17,
    25,
    15,
    0,
    17,
    25,
    15,
    34,
    12,
    17,
    15,
    0,
    12,
    17,
    15,
    34,
    24,
    13,
    7,
    0,
    24,
    13,
    7,
    34,
    0,
    7,
    13,
    0,
    0,
    7,
    13,
    34,
    6,
    10,
    23,
    0,
    6,
    10,
    23,
    34,
    10,
    6,
    5,
    0,
    10,
    6,
    5
  ]
}