{
  "metadata": {
    "formatVersion": 3.1,
    "sourceFile": "roof.obj",
    "generatedBy": "OBJConverter",
    "vertices": 107,
    "faces": 179,
    "normals": 107,
    "colors": 0,
    "uvs": 0,
    "materials": 1
  },
  "scale": 0.5,
  "materials": [
    {
      "DbgColor": 15658734,
      "DbgIndex": 0,
      "DbgName": "tire",
      "colorAmbient": [
        0.5879999995,
        0.5879999995,
        0.5879999995
      ],
      "colorDiffuse": [
        0.5879999995,
        0.5879999995,
        0.5879999995
      ],
      "colorSpecular": [
        0,
        0,
        0
      ],
      "illumination": 2,
      "opacity": 1,
      "opticalDensity": 1.5,
      "specularCoef": 10,
      "transparent": true
    }
  ],
  "vertices": [
    29,
    713,
    -493,
    31,
    700,
    -588,
    -29,
    713,
    -493,
    304,
    707,
    -252,
    304,
    701,
    -383,
    247,
    712,
    -347,
    -247,
    712,
    -347,
    -304,
    701,
    -383,
    -304,
    707,
    -252,
    -33,
    687,
    -647,
    247,
    715,
    -257,
    245,
    713,
    -69,
    308,
    706,
    -116,
    93,
    706,
    51,
    31,
    682,
    160,
    228,
    690,
    94,
    -308,
    706,
    -116,
    -245,
    713,
    -69,
    -247,
    715,
    -257,
    -93,
    706,
    51,
    -229,
    701,
    46,
    -228,
    690,
    94,
    -31,
    682,
    160,
    -2,
    731,
    -608,
    -8,
    713,
    -599,
    -5,
    717,
    -511,
    20,
    698,
    -595,
    -17,
    710,
    -526,
    -20,
    698,
    -595,
    0,
    677,
    -648,
    -123,
    675,
    -642,
    -234,
    695,
    -514,
    -116,
    696,
    -584,
    -307,
    687,
    -506,
    -331,
    670,
    121,
    -236,
    701,
    42,
    -316,
    698,
    1,
    316,
    698,
    1,
    236,
    701,
    42,
    331,
    670,
    121,
    33,
    687,
    -647,
    144,
    683,
    -641,
    308,
    676,
    -564,
    116,
    696,
    -584,
    234,
    695,
    -514,
    7,
    713,
    -600,
    6,
    719,
    -523,
    2,
    731,
    -608,
    51,
    721,
    -396,
    0,
    715,
    -397,
    201,
    705,
    -395,
    201,
    712,
    -395,
    107,
    706,
    -523,
    304,
    694,
    -383,
    307,
    680,
    -506,
    309,
    663,
    -621,
    30,
    701,
    52,
    -206,
    695,
    48,
    229,
    701,
    46,
    -309,
    663,
    -621,
    -309,
    656,
    -621,
    -304,
    694,
    -383,
    -240,
    710,
    -380,
    -51,
    721,
    -396,
    -201,
    712,
    -395,
    -201,
    705,
    -395,
    -191,
    670,
    147,
    0,
    676,
    160,
    -191,
    677,
    147,
    191,
    677,
    147,
    191,
    670,
    147,
    15,
    711,
    -516,
    3,
    725,
    -536,
    8,
    712,
    -507,
    246,
    705,
    -347,
    245,
    708,
    -115,
    -245,
    708,
    -115,
    319,
    686,
    31,
    -319,
    686,
    31,
    -246,
    705,
    -347,
    -2,
    732,
    -569,
    181,
    670,
    -637,
    123,
    675,
    -642,
    240,
    710,
    -380,
    -144,
    683,
    -641,
    308,
    700,
    -116,
    -308,
    700,
    -116,
    -107,
    706,
    -523,
    -257,
    674,
    137,
    -331,
    663,
    121,
    257,
    674,
    137,
    331,
    663,
    121,
    -243,
    704,
    25,
    243,
    704,
    25,
    236,
    695,
    42,
    232,
    710,
    -389,
    -232,
    710,
    -389,
    -20,
    703,
    -593,
    0,
    698,
    -598,
    -8,
    712,
    -507,
    307,
    687,
    -506,
    -241,
    695,
    36,
    20,
    703,
    -593,
    -232,
    703,
    -389,
    232,
    703,
    -389,
    -2,
    730,
    -550,
    309,
    656,
    -621
  ],
  "morphTargets": [],
  "morphColors": [],
  "normals": [
    0.019937,
    0.99373,
    -0.11001,
    0.0081714,
    0.98415,
    -0.17716,
    -0.021272,
    0.99279,
    -0.118,
    0.69449,
    0.71912,
    -0.023419,
    0.73921,
    0.67139,
    -0.052906,
    -0.61787,
    0.78581,
    0.026961,
    0.61787,
    0.78581,
    0.026961,
    -0.73952,
    0.67098,
    -0.053789,
    -0.69449,
    0.71912,
    -0.023419,
    -0.04101,
    0.61195,
    -0.78984,
    -0.62021,
    0.78419,
    -0.019604,
    -0.62407,
    0.78051,
    0.036488,
    0.73556,
    0.67739,
    -0.010124,
    -0.0012311,
    0.85055,
    -0.52589,
    0.054933,
    0.51695,
    0.85425,
    0.080863,
    0.96442,
    0.25171,
    -0.73556,
    0.67739,
    -0.010124,
    0.62407,
    0.78051,
    0.036488,
    0.62021,
    0.78419,
    -0.019604,
    -0.010019,
    0.84104,
    -0.54088,
    0.08402,
    0.96736,
    -0.23906,
    -0.080863,
    0.96442,
    0.25171,
    -0.054933,
    0.51695,
    0.85425,
    -0.48324,
    0.48514,
    -0.72878,
    -0.64243,
    0.18099,
    -0.74466,
    -0.26695,
    0.87007,
    0.41439,
    0.70093,
    -0.55219,
    -0.45143,
    -0.93897,
    -0.21236,
    0.27063,
    -0.69417,
    -0.55082,
    -0.46339,
    0.0010297,
    0.04013,
    -0.99919,
    -0.066405,
    0.051783,
    -0.99645,
    -0.12005,
    0.98003,
    -0.15849,
    -0.068033,
    0.98222,
    -0.17499,
    -0.75539,
    0.64939,
    -0.087612,
    -0.70322,
    0.47993,
    0.52455,
    0.21573,
    0.94691,
    -0.23837,
    -0.70546,
    0.70704,
    0.049163,
    0.70546,
    0.70704,
    0.049163,
    -0.40599,
    0.87104,
    -0.27653,
    0.70322,
    0.47993,
    0.52455,
    0.04805,
    0.5817,
    -0.81199,
    0.12219,
    0.64016,
    -0.75846,
    0.76437,
    0.63376,
    -0.11868,
    0.077897,
    0.98113,
    -0.17698,
    0.1161,
    0.98202,
    -0.14887,
    0.60927,
    0.14809,
    -0.77901,
    0.74279,
    0.66399,
    0.085969,
    0.48125,
    0.49043,
    -0.72655,
    0.018685,
    0.75571,
    0.65464,
    0,
    -0.035672,
    0.99936,
    -0.10367,
    0.013248,
    0.99452,
    -0.010967,
    0.76835,
    0.63994,
    0.064744,
    0.99034,
    -0.12258,
    0.99984,
    0.015522,
    0.00939,
    0.99971,
    0.010444,
    0.021834,
    0.65575,
    0.48143,
    -0.58156,
    -0.00086923,
    -0.11675,
    -0.99316,
    0.066451,
    -0.028182,
    -0.99739,
    -0.026919,
    0.91979,
    -0.39148,
    -0.65329,
    0.48444,
    -0.58183,
    -0.73751,
    0.014161,
    -0.67519,
    -0.99985,
    0.015475,
    0.0078619,
    0.3518,
    0.92967,
    0.10934,
    -0.018685,
    0.75571,
    0.65464,
    0.010967,
    0.76835,
    0.63994,
    0.10367,
    0.013248,
    0.99452,
    -0.11176,
    -0.0010795,
    0.99374,
    -2.747e-7,
    0.034287,
    0.99941,
    -0.1051,
    0.59763,
    0.79485,
    0.1051,
    0.59763,
    0.79485,
    0.11176,
    -0.0010836,
    0.99374,
    0.88066,
    -0.2286,
    0.41495,
    0.53928,
    0.82016,
    0.19108,
    0.47515,
    -0.1319,
    0.86996,
    -0.99244,
    0.057439,
    0.10846,
    -0.99623,
    0.086441,
    -0.0078168,
    0.99693,
    0.077878,
    -0.0080921,
    0.97758,
    -0.14457,
    -0.15311,
    -0.97758,
    -0.14457,
    -0.15311,
    0.99244,
    0.057439,
    0.10846,
    -0.2184,
    0.97182,
    0.088711,
    0.129,
    0.11043,
    -0.98548,
    0.050068,
    0.1005,
    -0.99368,
    -0.3518,
    0.92967,
    0.10934,
    -0.13622,
    0.61812,
    -0.77419,
    0.99881,
    0.017626,
    -0.045481,
    -0.99881,
    0.017626,
    -0.045481,
    -0.060825,
    0.99019,
    -0.12576,
    -0.18378,
    0.496,
    0.84865,
    -0.77829,
    -0.0033628,
    0.6279,
    0.18378,
    0.496,
    0.84865,
    0.77829,
    -0.0033628,
    0.6279,
    0.51161,
    0.85691,
    0.062946,
    -0.34242,
    0.93639,
    0.076929,
    -0.67099,
    0.25213,
    -0.69728,
    -0.23422,
    0.83876,
    0.49156,
    0.23422,
    0.83876,
    0.49156,
    -0.857,
    0.45556,
    -0.24086,
    -0.0087414,
    -0.76116,
    -0.64851,
    -0.54068,
    -0.19755,
    0.8177,
    0.74212,
    0.66501,
    -0.083713,
    0.86985,
    0.1188,
    -0.4788,
    0.8598,
    0.4582,
    -0.22539,
    0.54598,
    0.13971,
    0.82607,
