{
  "metadata": {
    "formatVersion": 3.1,
    "sourceFile": "trunk.obj",
    "generatedBy": "OBJConverter",
    "vertices": 96,
    "faces": 170,
    "normals": 96,
    "colors": 0,
    "uvs": 0,
    "materials": 1
  },
  "scale": 0.5,
  "materials": [
    {
      "DbgColor": 15658734,
      "DbgIndex": 0,
      "DbgName": "tire",
      "colorAmbient": [
        0.5879999995,
        0.5879999995,
        0.5879999995
      ],
      "colorDiffuse": [
        0.5879999995,
        0.5879999995,
        0.5879999995
      ],
      "colorSpecular": [
        0,
        0,
        0
      ],
      "illumination": 2,
      "opacity": 1,
      "opticalDensity": 1.5,
      "specularCoef": 10,
      "transparent": true
    }
  ],
  "vertices": [
    154,
    488,
    -1209,
    86,
    528,
    -1218,
    208,
    517,
    -1205,
    -29,
    529,
    -1202,
    -56,
    535,
    -1124,
    56,
    535,
    -1124,
    -176,
    387,
    -1201,
    -177,
    422,
    -1191,
    177,
    422,
    -1191,
    -255,
    519,
    -1153,
    81,
    561,
    -1020,
    0,
    562,
    -1023,
    -208,
    517,
    -1205,
    -86,
    524,
    -1221,
    -154,
    488,
    -1209,
    57,
    490,
    -1214,
    255,
    340,
    -1193,
    168,
    353,
    -1217,
    201,
    395,
    -1207,
    280,
    464,
    -1182,
    215,
    458,
    -1200,
    247,
    512,
    -1196,
    332,
    551,
    -968,
    344,
    492,
    -1146,
    343,
    525,
    -1045,
    -316,
    404,
    -1168,
    -233,
    412,
    -1195,
    -201,
    395,
    -1207,
    176,
    387,
    -1201,
    137,
    332,
    -1210,
    -34,
    332,
    -1224,
    136,
    333,
    -1220,
    -247,
    512,
    -1196,
    -215,
    458,
    -1200,
    -280,
    464,
    -1182,
    -343,
    525,
    -1045,
    -344,
    492,
    -1146,
    -332,
    551,
    -968,
    326,
    533,
    -1051,
    307,
    509,
    -1172,
    211,
    536,
    -1079,
    305,
    503,
    -1176,
    -208,
    522,
    -1202,
    0,
    531,
    -1218,
    -305,
    503,
    -1176,
    -181,
    334,
    -1213,
    -286,
    352,
    -1182,
    -168,
    353,
    -1217,
    -67,
    346,
    -1223,
    131,
    347,
    -1221,
    338,
    470,
    -1149,
    201,
    448,
    -1196,
    -82,
    451,
    -1215,
    82,
    451,
    -1215,
    153,
    447,
    -1185,
    -204,
    420,
    -1204,
    -153,
    447,
    -1185,
    316,
    404,
    -1168,
    286,
    352,
    -1182,
    81,
    552,
    -1020,
    262,
    551,
    -998,
    332,
    560,
    -968,
    262,
    560,
    -998,
    -326,
    533,
    -1051,
    -211,
    536,
    -1079,
    -262,
    560,
    -998,
    -262,
    551,
    -998,
    -81,
    552,
    -1020,
    -201,
    448,
    -1196,
    -338,
    470,
    -1149,
    -316,
    404,
    -1159,
    -234,
    413,
    -1186,
    154,
    525,
    -1173,
    204,
    420,
    -1204,
    -136,
    333,
    -1220,
    -137,
    332,
    -1210,
    -344,
    500,
    -1151,
    -337,
    470,
    -1158,
    337,
    470,
    -1158,
    344,
    500,
    -1151,
    -201,
    448,
    -1205,
    233,
    412,
    -1195,
    234,
    413,
    -1186,
    316,
    404,
    -1159,
    201,
    448,
    -1205,
    -332,
    560,
    -968,
    -307,
    509,
    -1172,
    191,
    448,
    -1206,
    181,
    334,
    -1213,
    -191,
    448,
    -1206,
    -286,
    352,
    -1173,
    286,
    352,
    -1173,
    270,
    516,
    -1186,
    208,
    522,
    -1202,
    0,
    526,
    -1224,
    -270,
    516,
    -1186
  ],
  "morphTargets": [],
  "morphColors": [],
  "normals": [
    0.099457,
    -0.024812,
    -0.99473,
    0.077605,
    0.66945,
    -0.73879,
    0.1964,
    0.20927,
    -0.95793,
    -0.020803,
    0.99977,
    0.0044935,
    -0.037558,
    0.98534,
    -0.16643,
    0.029078,
    0.98346,
    -0.17878,
    0.16365,
    0.38859,
    -0.90676,
    0.26915,
    0.064589,
    -0.96093,
    -0.26915,
    0.064589,
    -0.96093,
    -0.089541,
    0.98857,
    -0.12129,
    -0.02655,
    0.81257,
    0.58226,
    -0.0055617,
    0.87344,
    0.48691,
    -0.19974,
    0.2093,
    -0.95723,
    -0.071488,
    0.44836,
    -0.89099,
    -0.10415,
    -0.050158,
    -0.9933,
    0.033666,
    -0.063765,
    -0.9974,
    0.30814,
    -0.83747,
    -0.45132,
    0.10117,
    0.14662,
    -0.98401,
    0.027728,
    0.165,
    -0.9859,
    0.29179,
    -0.70611,
    -0.64519,
    0.30394,
    -0.39292,
    -0.86789,
    0.26704,
    0.22781,
    -0.93637,
    0.58716,
    -0.01013,
    0.80941,
    0.98563,
    -0.11439,
    -0.12427,
    0.96993,
    -0.22259,
    0.098385,
    -0.80672,
    0.41058,
    -0.42501,
    -0.50057,
    0.48938,
    -0.7141,
    -0.029837,
    0.15955,
    -0.98674,
    -0.16662,
    0.38627,
    -0.90721,
    0.020753,
    -0.99968,
    -0.014436,
    0.004578,
    -0.69117,
    -0.72268,
    0.065215,
    -0.70182,
    -0.70936,
    -0.26704,
    0.22781,
    -0.93637,
    -0.30394,
    -0.39292,
    -0.86789,
    -0.29179,
    -0.70611,
    -0.64519,
    -0.96993,
    -0.22259,
    0.098385,
    -0.98563,
    -0.11439,
    -0.12427,
    -0.58716,
    -0.010129,
    0.80941,
    0.30912,
    0.91142,
    -0.2716,
    0.38017,
    0.71614,
    -0.58533,
    0.070407,
    0.96776,
    -0.24185,
    0.42034,
    0.11633,
    -0.89988,
    -0.14378,
    0.88042,
    -0.45188,
    -0.0044879,
    0.95113,
    -0.30876,
    -0.42034,
    0.11633,
    -0.89988,
    -0.24456,
    -0.80863,
    -0.53507,
    -0.54292,
    -0.6201,
    -0.56631,
    -0.112,
    0.14054,
    -0.98372,
    -0.017478,
    0.23118,
    -0.97275,
    0.030225,
    0.18312,
    -0.98263,
    0.73593,
    -0.67588,
    -0.040001,
    0.95284,
    -0.19421,
    -0.23319,
    -0.023206,
    -0.61697,
    -0.78664,
    0.029899,
    -0.63866,
    -0.76891,
    -0.10496,
    -0.58778,
    -0.80218,
    0.020272,
    0.03682,
    -0.99912,
    0.10496,
    -0.58778,
    -0.80218,
    0.80672,
    0.41058,
    -0.42501,
    0.62173,
    -0.53623,
    -0.57088,
    -0.075792,
    0.034551,
    0.99652,
    -0.25977,
    0.022867,
    0.9654,
    0.41408,
    0.66614,
    0.62032,
    -0.093561,
    0.87053,
    0.48314,
    -0.31014,
    0.91145,
    -0.27032,
    -0.059476,
    0.96619,
    -0.25089,
    0.094412,
    0.87063,
    0.48278,
    0.25977,
    0.022864,
    0.9654,
    0.085649,
    -0.39155,
    0.91616,
    -0.95284,
    -0.19421,
    -0.23319,
    -0.73593,
    -0.67588,
    -0.040001,
    -0.91794,
    0.39447,
    -0.042127,
    -0.39685,
    0.91738,
    -0.03037,
    0.053676,
    0.99613,
    -0.069556,
    -0.020272,
    0.03682,
    -0.99912,
    -0.065723,
    -0.68537,
    -0.72523,
    -0.027549,
    -0.99954,
    -0.012449,
    -0.80159,
    0.41986,
    -0.42564,
    -0.62719,
    -0.62512,
    -0.4646,
    0.62719,
    -0.62512,
    -0.4646,
    0.80159,
    0.41985,
    -0.42564,
    -0.42637,
    -0.054407,
    -0.90291,
    0.50057,
    0.48938,
    -0.7141,
    0.39685,
    0.91738,
    -0.030369,
    0.91794,
    0.39447,
    -0.042127,
    0.42637,
    -0.054407,
    -0.90291,
    -0.41408,
    0.66614,
    0.62032,
    -0.39011,
    0.71031,
    -0.58589,
    -0.061422,
    -0.18304,
    -0.98118,
    0.20004,
    -0.75648,
    -0.62267,
    0.061422,
    -0.18304,
    -0.98118,
    -0.62125,
    -0.78335,
    -0.020067,
    0.66618,
    -0.74428,
    0.047489,
    0.29092,
    0.81981,
    -0.49323,
    0.15877,
    0.88457,
    -0.43856,
    -0.0060138,
    0.28257,
    -0.95923,
    -0.29736,
    0.76658,
    -0.56915
  ],
  "colors": [],
  "uvs": [
    []
  ],