{
  "metadata": {
    "formatVersion": 3.1,
    "sourceFile": "hood.obj",
    "generatedBy": "OBJConverter",
    "vertices": 50,
    "faces": 81,
    "normals": 51,
    "colors": 0,
    "uvs": 0,
    "materials": 1
  },
  "scale": 0.5,
  "materials": [
    {
      "DbgColor": 15658734,
      "DbgIndex": 0,
      "DbgName": "08___Default",
      "colorAmbient": [
        0.987,
        0.987,
        0.987
      ],
      "colorDiffuse": [
        0.987,
        0.987,
        0.987
      ],
      "colorSpecular": [
        0.936,
        0.936,
        0.936
      ],
      "illumination": 2,
      "opacity": 1,
      "opticalDensity": 1.5,
      "specularCoef": 20,
      "transparent": true
    }
  ],
  "vertices": [
    0,
    517,
    539,
    -326,
    482,
    668,
    -40,
    488,
    756,
    232,
    374,
    924,
    312,
    450,
    718,
    298,
    432,
    832,
    -158,
    461,
    844,
    -296,
    458,
    790,
    -251,
    410,
    915,
    198,
    378,
    967,
    0,
    411,
    957,
    0,
    345,
    1009,
    263,
    391,
    916,
    251,
    410,
    915,
    36,
    462,
    860,
    349,
    512,
    451,
    195,
    515,
    518,
    173,
    487,
    737,
    -298,
    432,
    832,
    -312,
    450,
    718,
    -232,
    374,
    924,
    -193,
    485,
    514,
    -344,
    483,
    448,
    -349,
    512,
    451,
    344,
    483,
    448,
    193,
    485,
    514,
    393,
    435,
    524,
    360,
    509,
    464,
    352,
    460,
    666,
    -44,
    308,
    985,
    -46,
    308,
    1015,
    -196,
    319,
    991,
    196,
    319,
    991,
    46,
    308,
    1015,
    44,
    308,
    985,
    -183,
    318,
    965,
    296,
    458,
    790,
    326,
    482,
    668,
    -352,
    460,
    666,
    -360,
    509,
    464,
    -393,
    435,
    524,
    123,
    324,
    1009,
    211,
    351,
    981,
    183,
    318,
    965,
    -367,
    433,
    519,
    367,
    433,
    519,
    -126,
    395,
    966,
    -211,
    351,
    981,
    -263,
    391,
    916,
    0,
    487,
    535
  ],
  "morphTargets": [],
  "morphColors": [],
  "normals": [
    -0.0026918,
    0.81733,
    -0.57616,
    -0.37773,
    0.89989,
    0.21798,
    -0.022431,
    0.98238,
    0.18552,
    0.25932,
    -0.74597,
    -0.61342,
    0.16297,
    -0.98147,
    -0.10079,
    0.90107,
    0.038012,
    0.43201,
    -0.090675,
    0.93093,
    0.35375,
    -0.43989,
    0.83213,
    0.33772,
    -0.44827,
    0.67818,
    0.58234,
    0.19742,
    0.63921,
    0.74326,
    0.0099045,
    0.77004,
    0.63792,
    -0.012346,
    0.40909,
    0.91241,
    0.90371,
    -0.30823,
    0.29717,
    0.44256,
    0.6926,
    0.5696,
    0.033249,
    0.9299,
    0.36631,
    0.25182,
    0.67076,
    -0.69761,
    -0.12949,
    0.82859,
    -0.54468,
    0.067313,
    0.97648,
    0.20483,
    -0.90107,
    0.038012,
    0.43201,
    -0.16297,
    -0.98147,
    -0.10079,
    -0.25932,
    -0.74597,
    -0.61342,
    0.21209,
    -0.55848,
    -0.80194,
    -0.37895,
    -0.044081,
    -0.92437,
    -0.25226,
    0.67351,
    -0.6948,
    0.37895,
    -0.044081,
    -0.92437,
    -0.25256,
    0.12649,
    -0.95928,
    0.83807,
    -0.52263,
    -0.15652,
    0.7774,
    0.57376,
    -0.25778,
    0.93608,
    -0.079958,
    0.34257,
    -0.070109,
    -0.99753,
    -0.0032549,
    -0.14947,
    -0.17167,
    0.97375,
    -0.48354,
    -0.59838,
    0.63885,
    0.51726,
    -0.61805,
    0.59199,
    0.064432,
    -0.31415,
    0.94719,
    0.070109,
    -0.99753,
    -0.0032549,
    -0.31362,
    -0.93834,
    -0.14548,
    0.43501,
    0.83005,
    0.34896,
    0.39484,
    0.89164,
    0.22155,
    -0.93608,
    -0.079958,
    0.34257,
    -0.7774,
    0.57376,
    -0.25778,
    -0.83807,
    -0.52263,
    -0.15652,
    0.15178,
    0.0065318,
    0.98839,
    0.5516,
    0.19748,
    0.8104,
    0.31362,
    -0.93834,
    -0.14548,
    -0.24917,
    -0.87805,
    -0.40858,
    0.24917,
    -0.87805,
    -0.40858,
    -0.09965,
    0.6957,
    0.71139,
    -0.52338,
    0.23811,
    0.81815,
    -0.90371,
    -0.30823,
    0.29717,
    -0.10484,
    0.11289,
    -0.98806,
    0.10611,
    0.11456,
    -0.98773
  ],
  "colors": [],
  "uvs": [
    []
  ],