{
  "metadata": {
    "formatVersion": 3.1,
    "sourceFile": "lens.obj",
    "generatedBy": "OBJConverter",
    "vertices": 27,
    "faces": 19,
    "normals": 27,
    "colors": 0,
    "uvs": 0,
    "materials": 1
  },
  "scale": 0.5,
  "materials": [
    {
      "DbgColor": 15658734,
      "DbgIndex": 0,
      "DbgName": "08___Default",
      "colorAmbient": [
        0.2431,
        0.2863,
        0.4353
      ],
      "colorDiffuse": [
        0.2431,
        0.2863,
        0.4353
      ],
      "colorSpecular": [
        0.792,
        0.792,
        0.792
      ],
      "illumination": 2,
      "opacity": 1,
      "opticalDensity": 1.5,
      "specularCoef": 39,
      "transparent": true
    }
  ],
  "vertices": [
    364,
    361,
    -891,
    266,
    409,
    -921,
    410,
    414,
    -803,
    -410,
    414,
    -803,
    -266,
    409,
    -921,
    -364,
    361,
    -891,
    378,
    322,
    897,
    394,
    407,
    815,
    279,
    376,
    924,
    -296,
    404,
    885,
    -393,
    407,
    816,
    -377,
    323,
    896,
    -239,
    355,
    -967,
    239,
    355,
    -967,
    282,
    344,
    948,
    316,
    317,
    946,
    -317,
    318,
    945,
    -283,
    345,
    947,
    355,
    424,
    823,
    -355,
    423,
    824,
    409,
    357,
    846,
    -408,
    357,
    847,
    297,
    455,
    -859,
    -297,
    455,
    -859,
    -382,
    445,
    -796,
    382,
    445,
    -796,
    295,
    404,
    885
  ],
  "morphTargets": [],
  "morphColors": [],
  "normals": [
    0.47851,
    0.57976,
    -0.65947,
    0.47275,
    0.50051,
    -0.72526,
    0.50599,
    0.59312,
    -0.62625,
    -0.50599,
    0.59312,
    -0.62625,
    -0.47275,
    0.50051,
    -0.72526,
    -0.47851,
    0.57976,
    -0.65947,
    0.48615,
    0.55726,
    0.67314,
    0.45416,
    0.6032,
    0.65566,
    0.47837,
    0.57214,
    0.66619,
    -0.46989,
    0.58332,
    0.66253,
    -0.45322,
    0.59986,
    0.65936,
    -0.47436,
    0.56926,
    0.67151,
    -0.44627,
    0.44012,
    -0.77919,
    0.44627,
    0.44012,
    -0.77919,
    0.47674,
    0.55478,
    0.68186,
    0.48693,
    0.55781,
    0.67212,
    -0.48515,
    0.57485,
    0.65892,
    -0.49039,
    0.57396,
    0.65581,
    0.41352,
    0.66399,
    0.62299,
    -0.41068,
    0.68269,
    0.60438,
    0.47016,
    0.56386,
    0.67897,
    -0.47016,
    0.56387,
    0.67898,
    0.51847,
    0.54945,
    -0.6552,
    -0.51847,
    0.54945,
    -0.6552,
    -0.51521,
    0.60229,
    -0.60977,
    0.51521,
    0.60229,
    -0.60977,
    0.47533,
    0.60313,
    0.64055
  ],
  "colors": [],
  "uvs": [
    []
  ],
  "faces": [
    34,
    0,
    1,
    2,
    0,
    0,
    1,
    2,
    34,
    3,
    4,
    5,
    0,
    3,
    4,
    5,
    34,
    6,
    7,
    8,
    0,
    6,
    7,
    8,
    34,
    9,
    10,
    11,
    0,
    9,
    10,
    11,
    34,
    12,
    5,
    4,
    0,
    12,
    5,
    4,
    34,
    1,
    0,
    13,
    0,
    1,
    0,
    13,
    34,
    14,
    15,
    8,
    0,
    14,
    15,
    8,
    34,
    9,
    16,
    17,
    0,
    9,
    16,
    17,
    34,
    18,
    8,
    7,
    0,
    18,
    8,
    7,
    34,
    10,
    9,
    19,
    0,
    10,
    9,
    19,
    34,
    7,
    6,
    20,
    0,
    7,
    6,
    20,
    34,
    21,
    11,
    10,
    0,
    21,
    11,
    10,
    34,
    1,
    22,
    2,
    0,
    1,
    22,
    2,
    34,
    3,
    23,
    4,
    0,
    3,
    23,
    4,
    34,
    8,
    15,
    6,
    0,
    8,
    15,
    6,
    34,
    11,
    16,
    9,
    0,
    11,
    16,
    9,
    34,
    23,
    3,
    24,
    0,
    23,
    3,
    24,
    34,
    25,
    2,
    22,
    0,
    25,
    2,
    22,
    34,
    18,
    26,
    8,
    0,
    18,
    26,
    8
  ]
}