{
  "metadata": {
    "formatVersion": 3.1,
    "sourceFile": "roof.obj",
    "generatedBy": "OBJConverter",
    "vertices": 64,
    "faces": 108,
    "normals": 65,
    "colors": 0,
    "uvs": 0,
    "materials": 1
  },
  "scale": 0.5,
  "materials": [
    {
      "DbgColor": 15658734,
      "DbgIndex": 0,
      "DbgName": "08___Default",
      "colorAmbient": [
        0.5879999995,
        0.5879999995,
        0.5879999995
      ],
      "colorDiffuse": [
        0.5879999995,
        0.5879999995,
        0.5879999995
      ],
      "colorSpecular": [
        0,
        0,
        0
      ],
      "illumination": 2,
      "opacity": 1,
      "opticalDensity": 1.5,
      "specularCoef": 10,
      "transparent": true
    }
  ],
  "vertices": [
    136,
    740,
    -266,
    0,
    749,
    -266,
    34,
    751,
    -119,
    -136,
    743,
    -216,
    -138,
    744,
    -76,
    -34,
    750,
    -73,
    34,
    738,
    -366,
    -34,
    698,
    -539,
    -34,
    738,
    -366,
    138,
    691,
    -534,
    34,
    698,
    -539,
    35,
    731,
    112,
    -143,
    726,
    104,
    -73,
    703,
    210,
    280,
    721,
    5,
    287,
    695,
    90,
    274,
    712,
    -168,
    184,
    699,
    198,
    143,
    726,
    104,
    36,
    703,
    212,
    0,
    725,
    -366,
    0,
    740,
    -366,
    206,
    719,
    -368,
    -275,
    727,
    -123,
    -138,
    691,
    -534,
    103,
    680,
    -537,
    -103,
    680,
    -537,
    274,
    692,
    -369,
    277,
    658,
    -511,
    274,
    707,
    -369,
    -35,
    740,
    65,
    -140,
    739,
    13,
    -280,
    707,
    5,
    -280,
    721,
    5,
    139,
    742,
    -31,
    275,
    727,
    -123,
    205,
    735,
    -217,
    286,
    709,
    90,
    -274,
    724,
    -217,
    -274,
    709,
    -217,
    -206,
    719,
    -368,
    -68,
    736,
    -366,
    -274,
    707,
    -369,
    -277,
    658,
    -511,
    -274,
    692,
    -369,
    -137,
    729,
    -368,
    274,
    692,
    -369,
    274,
    724,
    -217,
    277,
    672,
    -511,
    -277,
    672,
    -511,
    137,
    729,
    -368,
    -296,
    689,
    176,
    -296,
    674,
    176,
    -221,
    696,
    192,
    -73,
    688,
    210,
    147,
    686,
    204,
    296,
    674,
    176,
    -274,
    707,
    -369,
    -208,
    683,
    -526,
    274,
    707,
    -369,
    -274,
    692,
    -369,
    208,
    683,
    -526,
    296,
    689,
    176,
    34,
    745,
    19
  ],
  "morphTargets": [],
  "morphColors": [],
  "normals": [
    0.099811,
    0.99217,
    -0.075054,
    0.00091013,
    0.99828,
    -0.058576,
    0.035779,
    0.99936,
    0.002448,
    -0.10102,
    0.99344,
    -0.053652,
    -0.094502,
    0.99523,
    0.024078,
    -0.029811,
    0.99906,
    0.031605,
    0.040685,
    0.78985,
    0.61196,
    -0.026948,
    0.58825,
    -0.80823,
    -0.040685,
    0.78984,
    0.61196,
    0.13929,
    0.58466,
    -0.79923,
    0.026948,
    0.58825,
    -0.80823,
    0.025605,
    0.97667,
    0.21322,
    -0.094779,
    0.97641,
    0.19402,
    -0.07017,
    0.60711,
    0.79151,
    0.70634,
    0.7072,
    0.030754,
    0.99601,
    0.013106,
    -0.088226,
    0.99991,
    0.003874,
    -0.012881,
    0.17245,
    0.58237,
    0.79443,
    0.091537,
    0.97836,
    0.18556,
    0.038066,
    0.48907,
    0.87141,
    -0.0010025,
    0.0094345,
    -0.99995,
    0.0081413,
    0.69273,
    -0.72115,
    0.091712,
    0.67356,
    -0.73342,
    -0.68698,
    0.72662,
    -0.0095186,
    -0.13929,
    0.58466,
    -0.79923,
    0.054359,
    0.029885,
    -0.99807,
    -0.054356,
    0.030034,
    -0.99807,
    0.77679,
    0.0070038,
    0.62972,
    0.75755,
    -0.021178,
    -0.65244,
    0.6071,
    0.59519,
    0.52648,
    2.8e-9,
    0.021243,
    0.99977,
    -0.031059,
    0.98796,
    0.15157,
    -0.094709,
    0.99105,
    0.094026,
    -0.99779,
    0.009968,
    -0.065747,
    -0.7351,
    0.67735,
    0.028724,
    0.095384,
    0.99387,
    0.055818,
    0.71888,
    0.69486,
    -0.019303,
    0.12961,
    0.98991,
    -0.05724,
    0.73823,
    0.67157,
    0.063334,
    -0.74229,
    0.6679,
    -0.053906,
    -0.9999,
    0.0059544,
    -0.013085,
    -0.089702,
    0.67901,
    -0.72863,
    -0.052258,
    0.68855,
    -0.7233,
    -0.60724,
    0.59513,
    0.52638,
    -0.75557,
    -0.021071,
    -0.65473,
    -0.777,
    0.0070046,
    0.62946,
    -0.10299,
    0.77992,
    0.61735,
    0.70892,
    0.005831,
    -0.70526,
    0.74478,
    0.66565,
    -0.047124,
    0.69072,
    0.45328,
    -0.56342,
    -0.69281,
    0.45318,
    -0.56093,
    0.10299,
    0.77992,
    0.61735,
    -0.69526,
    0.48412,
    0.53126,
    -0.77725,
    -0.018628,
    0.62891,
    -0.17875,
    0.52657,
    0.83113,
    -0.06917,
    -0.016832,
    0.99746,
    0.10227,
    0.091672,
    0.99052,
    0.77481,
    -0.0011402,
    0.63219,
    -0.62086,
    0.48571,
    -0.61532,
    -0.19762,
    0.51447,
    -0.83443,
    0.62026,
    0.48587,
    -0.6158,
    -0.70612,
    0.0058321,
    -0.70807,
    0.19788,
    0.51314,
    -0.83518,
    0.69674,
    0.47588,
    0.53673,
    0.030954,
    0.99494,
    0.095549
  ],
  "colors": [],
  "uvs": [
    []
  ],