{
  "metadata": {
    "formatVersion": 3.1,
    "sourceFile": "trunk.obj",
    "generatedBy": "OBJConverter",
    "vertices": 55,
    "faces": 98,
    "normals": 55,
    "colors": 0,
    "uvs": 0,
    "materials": 1
  },
  "scale": 0.5,
  "materials": [
    {
      "DbgColor": 15658734,
      "DbgIndex": 0,
      "DbgName": "08___Default",
      "colorAmbient": [
        0.5879999995,
        0.5879999995,
        0.5879999995
      ],
      "colorDiffuse": [
        0.5879999995,
        0.5879999995,
        0.5879999995
      ],
      "colorSpecular": [
        0,
        0,
        0
      ],
      "illumination": 2,
      "opacity": 1,
      "opticalDensity": 1.5,
      "specularCoef": 10,
      "transparent": true
    }
  ],
  "vertices": [
    -89,
    357,
    -1000,
    -69,
    456,
    -936,
    69,
    419,
    -967,
    216,
    455,
    -908,
    189,
    521,
    -839,
    291,
    452,
    -862,
    -264,
    418,
    -915,
    -216,
    455,
    -908,
    -235,
    373,
    -961,
    67,
    522,
    -844,
    289,
    521,
    -761,
    65,
    494,
    -897,
    66,
    345,
    -1003,
    163,
    345,
    -970,
    -163,
    345,
    -970,
    239,
    367,
    -957,
    292,
    452,
    -841,
    230,
    356,
    -946,
    -230,
    356,
    -946,
    -292,
    452,
    -841,
    -239,
    367,
    -957,
    -153,
    345,
    -993,
    -66,
    345,
    -1003,
    -78,
    507,
    -881,
    -65,
    494,
    -897,
    -289,
    521,
    -761,
    -67,
    522,
    -844,
    -189,
    521,
    -839,
    153,
    345,
    -993,
    44,
    357,
    -1003,
    289,
    521,
    -782,
    -291,
    452,
    -862,
    -289,
    521,
    -782,
    218,
    361,
    -974,
    133,
    357,
    -995,
    180,
    383,
    -973,
    235,
    373,
    -961,
    264,
    418,
    -915,
    -180,
    383,
    -973,
    -218,
    361,
    -974,
    -229,
    356,
    -967,
    -206,
    346,
    -980,
    -141,
    437,
    -943,
    -138,
    522,
    -854,
    78,
    507,
    -881,
    138,
    522,
    -854,
    141,
    437,
    -943,
    45,
    522,
    -867,
    -45,
    522,
    -867,
    79,
    507,
    -854,
    -79,
    507,
    -854,
    -65,
    495,
    -869,
    206,
    346,
    -980,
    229,
    356,
    -967,
    78,
    497,
    -865
  ],
  "morphTargets": [],
  "morphColors": [],
  "normals": [
    -0.088861,
    0.2762,
    -0.95698,
    -0.054395,
    0.65025,
    -0.75777,
    0.04757,
    0.58777,
    -0.80763,
    0.28541,
    0.67521,
    -0.68017,
    0.16098,
    0.92173,
    -0.35284,
    0.90425,
    0.15982,
    -0.39596,
    -0.7687,
    0.20639,
    -0.6054,
    -0.28541,
    0.67521,
    -0.68017,
    -0.56802,
    0.31857,
    -0.75885,
    0.002983,
    0.99997,
    -0.0076574,
    0.50017,
    0.86591,
    -0.0057011,
    -0.035139,
    0.86668,
    -0.49762,
    0.056174,
    -0.66456,
    -0.74512,
    0.043987,
    -0.99878,
    0.022428,
    -0.043987,
    -0.99878,
    0.022428,
    0.8886,
    -0.29374,
    -0.35229,
    0.99615,
    -0.086729,
    -0.012917,
    0.60663,
    -0.79404,
    0.038685,
    -0.60663,
    -0.79404,
    0.038685,
    -0.99615,
    -0.086729,
    -0.012917,
    -0.8886,
    -0.29374,
    -0.35229,
    -0.1576,
    -0.57954,
    -0.79956,
    -0.026067,
    -0.65334,
    -0.75662,
    0.19406,
    0.73728,
    -0.64712,
    0.052786,
    0.86733,
    -0.49493,
    -0.50017,
    0.86591,
    -0.0057011,
    -0.002983,
    0.99997,
    -0.0076574,
    -0.16098,
    0.92173,
    -0.35284,
    0.16563,
    -0.64749,
    -0.74386,
    0.017109,
    0.2508,
    -0.96789,
    0.66167,
    0.72833,
    -0.17811,
    -0.90425,
    0.15982,
    -0.39596,
    -0.66167,
    0.72833,
    -0.17811,
    0.4048,
    0.2062,
    -0.89085,
    0.13006,
    0.25135,
    -0.95912,
    0.20438,
    0.50733,
    -0.83717,
    0.56802,
    0.31857,
    -0.75885,
    0.7687,
    0.20639,
    -0.6054,
    -0.19266,
    0.48918,
    -0.85063,
    -0.4005,
    0.20686,
    -0.89264,
    -0.63821,
    -0.6063,
    -0.47443,
    -0.36129,
    -0.74255,
    -0.564,
    -0.13127,
    0.63058,
    -0.76495,
    -0.085903,
    0.92571,
    -0.36834,
    -0.3375,
    0.69294,
    -0.63713,
    0.085903,
    0.92571,
    -0.36834,
    0.13974,
    0.64255,
    -0.75339,
    0.010785,
    0.91824,
    -0.39588,
    -0.010785,
    0.91824,
    -0.39588,
    -0.57817,
    -0.28835,
    -0.76326,
    0.70556,
    -0.18752,
    -0.68339,
    0.28273,
    0.92058,
    -0.26942,
    0.36129,
    -0.74255,
    -0.564,
    0.63821,
    -0.6063,
    -0.47443,
    -0.62412,
    0.74334,
    -0.24065
  ],
  "colors": [],
  "uvs": [
    []
  ],