{
  "metadata": {
    "formatVersion": 3.1,
    "sourceFile": "hood.obj",
    "generatedBy": "OBJConverter",
    "vertices": 29,
    "faces": 37,
    "normals": 29,
    "colors": 0,
    "uvs": 0,
    "materials": 1
  },
  "scale": 0.5,
  "materials": [
    {
      "DbgColor": 15658734,
      "DbgIndex": 0,
      "DbgName": "Standard_15",
      "colorAmbient": [
        0.987,
        0.987,
        0.987
      ],
      "colorDiffuse": [
        0.987,
        0.987,
        0.987
      ],
      "colorSpecular": [
        0.936,
        0.936,
        0.936
      ],
      "illumination": 2,
      "opacity": 1,
      "opticalDensity": 1.5,
      "specularCoef": 20,
      "transparent": true
    }
  ],
  "vertices": [
    96,
    470,
    620,
    -102,
    481,
    505,
    -283,
    478,
    469,
    -331,
    424,
    834,
    -348,
    441,
    739,
    0,
    368,
    1059,
    331,
    424,
    834,
    347,
    389,
    894,
    386,
    412,
    735,
    348,
    441,
    739,
    381,
    464,
    465,
    372,
    457,
    578,
    -386,
    412,
    735,
    -347,
    389,
    894,
    283,
    478,
    469,
    102,
    481,
    505,
    244,
    360,
    1033,
    290,
    370,
    987,
    299,
    400,
    934,
    -244,
    360,
    1033,
    -299,
    400,
    934,
    -290,
    370,
    987,
    -69,
    364,
    1055,
    -372,
    457,
    578,
    -381,
    464,
    465,
    -396,
    438,
    519,
    396,
    438,
    519,
    -353,
    479,
    440,
    353,
    479,
    440
  ],
  "morphTargets": [],
  "morphColors": [],
  "normals": [
    0.010879,
    0.9889,
    0.14816,
    -0.044294,
    0.98345,
    0.17566,
    -0.048497,
    0.98919,
    0.13841,
    -0.35261,
    0.90189,
    0.24951,
    -0.3308,
    0.92374,
    0.19305,
    0.024799,
    0.12858,
    0.99139,
    0.35358,
    0.90105,
    0.25116,
    0.52396,
    0.77528,
    0.3527,
    0.60885,
    0.76595,
    0.20644,
    0.33691,
    0.9214,
    0.19371,
    0.48172,
    0.87159,
    0.090988,
    0.48917,
    0.86388,
    0.12009,
    -0.60885,
    0.76595,
    0.20644,
    -0.52396,
    0.77528,
    0.3527,
    0.056467,
    0.99004,
    0.12898,
    0.019197,
    0.99473,
    0.10075,
    0.10867,
    0.89184,
    0.43911,
    0.36033,
    0.78582,
    0.50265,
    0.28413,
    0.87757,
    0.38619,
    -0.10384,
    0.89933,
    0.42476,
    -0.28393,
    0.87756,
    0.38637,
    -0.36033,
    0.78582,
    0.50265,
    -0.083096,
    0.8809,
    0.46595,
    -0.48917,
    0.86388,
    0.12009,
    -0.48172,
    0.87159,
    0.090988,
    -0.75384,
    0.64806,
    0.10837,
    0.75384,
    0.64806,
    0.10837,
    -0.17976,
    0.97517,
    0.12932,
    0.17976,
    0.97517,
    0.12932
  ],
  "colors": [],
  "uvs": [
    []
  ],
  "faces": [
    34,
    0,
    1,
    2,
    0,
    0,
    1,
    2,
    34,
    3,
    0,
    4,
    0,
    3,
    0,
    4,
    34,
    3,
    5,
    6,
    0,
    3,
    5,
    6,
    34,
    7,
    8,
    9,
    0,
    7,
    8,
    9,
    34,
    8,
    10,
    11,
    0,
    8,
    10,
    11,
    34,
    4,
    12,
    13,
    0,
    4,
    12,
    13,
    34,
    14,
    15,
    0,
    0,
    14,
    15,
    0,
    34,
    4,
    13,
    3,
    0,
    4,
    13,
    3,
    34,
    16,
    17,
    18,
    0,
    16,
    17,
    18,
    34,
    3,
    6,
    0,
    0,
    3,
    6,
    0,
    34,
    6,
    7,
    9,
    0,
    6,
    7,
    9,
    34,
    19,
    20,
    21,
    0,
    19,
    20,
    21,
    34,
    22,
    5,
    20,
    0,
    22,
    5,
    20,
    34,
    2,
    4,
    0,
    0,
    2,
    4,
    0,
    34,
    23,
    24,
    12,
    0,
    23,
    24,
    12,
    34,
    22,
    16,
    5,
    0,
    22,
    16,
    5,
    34,
    18,
    5,
    16,
    0,
    18,
    5,
    16,
    34,
    25,
    12,
    24,
    0,
    25,
    12,
    24,
    34,
    10,
    8,
    26,
    0,
    10,
    8,
    26,
    34,
    6,
    9,
    0,
    0,
    6,
    9,
    0,
    34,
    0,
    9,
    14,
    0,
    0,
    9,
    14,
    34,
    24,
    23,
    27,
    0,
    24,
    23,
    27,
    34,
    28,
    11,
    10,
    0,
    28,
    11,
    10,
    34,
    15,
    1,
    0,
    0,
    15,
    1,
    0,
    34,
    5,
    18,
    6,
    0,
    5,
    18,
    6,
    34,
    7,
    6,
    18,
    0,
    7,
    6,
    18,
    34,
    17,
    7,
    18,
    0,
    17,
    7,
    18,
    34,
    20,
    13,
    21,
    0,
    20,
    13,
    21,
    34,
    20,
    3,
    13,
    0,
    20,
    3,
    13,
    34,
    3,
    20,
    5,
    0,
    3,
    20,
    5,
    34,
    23,
    2,
    27,
    0,
    23,
    2,
    27,
    34,
    20,
    19,
    22,
    0,
    20,
    19,
    22,
    34,
    28,
    14,
    11,
    0,
    28,
    14,
    11,
    34,
    9,
    11,
    14,
    0,
    9,
    11,
    14,
    34,
    11,
    9,
    8,
    0,
    11,
    9,
    8,
    34,
    2,
    23,
    4,
    0,
    2,
    23,
    4,
    34,
    12,
    4,
    23,
    0,
    12,
    4,
    23
  ]
}