{
  "metadata": {
    "formatVersion": 3.1,
    "sourceFile": "lens.obj",
    "generatedBy": "OBJConverter",
    "vertices": 21,
    "faces": 15,
    "normals": 21,
    "colors": 0,
    "uvs": 0,
    "materials": 1
  },
  "scale": 0.5,
  "materials": [
    {
      "DbgColor": 15658734,
      "DbgIndex": 0,
      "DbgName": "Standard_15",
      "colorAmbient": [
        0.2431,
        0.2863,
        0.4353
      ],
      "colorDiffuse": [
        0.2431,
        0.2863,
        0.4353
      ],
      "colorSpecular": [
        0.792,
        0.792,
        0.792
      ],
      "illumination": 2,
      "opacity": 1,
      "opticalDensity": 1.5,
      "specularCoef": 39,
      "transparent": true
    }
  ],
  "vertices": [
    247,
    317,
    1063,
    399,
    350,
    949,
    420,
    369,
    844,
    -420,
    369,
    844,
    -399,
    350,
    949,
    -247,
    317,
    1063,
    257,
    281,
    1065,
    380,
    282,
    996,
    407,
    298,
    961,
    -380,
    282,
    996,
    -257,
    281,
    1065,
    359,
    384,
    -1133,
    190,
    396,
    -1206,
    342,
    463,
    -1116,
    385,
    465,
    -973,
    -342,
    463,
    -1116,
    -359,
    384,
    -1133,
    -385,
    465,
    -973,
    -190,
    396,
    -1206,
    -188,
    447,
    -1197,
    188,
    447,
    -1197
  ],
  "morphTargets": [],
  "morphColors": [],
  "normals": [
    0.51634,
    0.33702,
    0.78728,
    0.53986,
    0.72857,
    0.42159,
    0.4958,
    0.83239,
    0.24761,
    -0.55419,
    0.7932,
    0.25239,
    -0.66614,
    0.63131,
    0.39711,
    -0.51634,
    0.33703,
    0.78728,
    0.5379,
    0.2449,
    0.80665,
    0.51067,
    0.38365,
    0.76943,
    0.80529,
    0.23993,
    0.54217,
    -0.58024,
    0.34328,
    0.73857,
    -0.5379,
    0.2449,
    0.80665,
    0.66804,
    0.28153,
    -0.68881,
    0.42918,
    0.20652,
    -0.87929,
    0.74,
    0.27302,
    -0.6147,
    0.92721,
    0.25071,
    -0.27824,
    -0.74,
    0.27302,
    -0.6147,
    -0.66804,
    0.28153,
    -0.68881,
    -0.92721,
    0.25071,
    -0.27824,
    -0.42918,
    0.20652,
    -0.87929,
    -0.43907,
    0.18407,
    -0.87939,
    0.43907,
    0.18407,
    -0.87939
  ],
  "colors": [],
  "uvs": [
    []
  ],
  "faces": [
    34,
    0,
    1,
    2,
    0,
    0,
    1,
    2,
    34,
    3,
    4,
    5,
    0,
    3,
    4,
    5,
    34,
    6,
    7,
    1,
    0,
    6,
    7,
    1,
    34,
    1,
    8,
    2,
    0,
    1,
    8,
    2,
    34,
    4,
    9,
    10,
    0,
    4,
    9,
    10,
    34,
    3,
    9,
    4,
    0,
    3,
    9,
    4,
    34,
    11,
    12,
    13,
    0,
    11,
    12,
    13,
    34,
    14,
    11,
    13,
    0,
    14,
    11,
    13,
    34,
    15,
    16,
    17,
    0,
    15,
    16,
    17,
    34,
    15,
    18,
    16,
    0,
    15,
    18,
    16,
    34,
    18,
    15,
    19,
    0,
    18,
    15,
    19,
    34,
    20,
    13,
    12,
    0,
    20,
    13,
    12,
    34,
    1,
    0,
    6,
    0,
    1,
    0,
    6,
    34,
    10,
    5,
    4,
    0,
    10,
    5,
    4,
    34,
    8,
    1,
    7,
    0,
    8,
    1,
    7
  ]
}