{
  "metadata": {
    "formatVersion": 3.1,
    "sourceFile": "reflector.obj",
    "generatedBy": "OBJConverter",
    "vertices": 54,
    "faces": 70,
    "normals": 54,
    "colors": 0,
    "uvs": 0,
    "materials": 1
  },
  "scale": 0.5,
  "materials": [
    {
      "DbgColor": 15658734,
      "DbgIndex": 0,
      "DbgName": "Standard_15",
      "colorAmbient": [
        0.5879999995,
        0.5879999995,
        0.5879999995
      ],
      "colorDiffuse": [
        0.5879999995,
        0.5879999995,
        0.5879999995
      ],
      "colorSpecular": [
        0,
        0,
        0
      ],
      "illumination": 2,
      "opacity": 1,
      "opticalDensity": 1.5,
      "specularCoef": 10,
      "transparent": true
    }
  ],
  "vertices": [
    -477,
    494,
    270,
    -433,
    490,
    281,
    -444,
    510,
    275,
    444,
    510,
    275,
    433,
    490,
    281,
    477,
    494,
    270,
    -495,
    512,
    253,
    -516,
    491,
    242,
    -503,
    484,
    257,
    503,
    484,
    257,
    516,
    491,
    242,
    495,
    512,
    253,
    432,
    513,
    270,
    408,
    498,
    256,
    413,
    479,
    271,
    -413,
    479,
    271,
    -408,
    498,
    256,
    -432,
    513,
    270,
    -456,
    520,
    263,
    -441,
    527,
    246,
    -497,
    519,
    231,
    -421,
    517,
    253,
    421,
    517,
    253,
    497,
    519,
    231,
    441,
    527,
    246,
    456,
    520,
    263,
    515,
    507,
    227,
    411,
    464,
    256,
    425,
    520,
    251,
    -425,
    520,
    251,
    -411,
    464,
    256,
    -515,
    507,
    227,
    520,
    468,
    226,
    -520,
    468,
    226,
    -516,
    506,
    227,
    -520,
    495,
    225,
    520,
    495,
    225,
    516,
    506,
    227,
    -470,
    479,
    273,
    470,
    479,
    273,
    -431,
    523,
    250,
    431,
    523,
    250,
    423,
    479,
    279,
    407,
    479,
    258,
    432,
    479,
    280,
    -423,
    479,
    279,
    -432,
    479,
    280,
    -407,
    479,
    258,
    -454,
    526,
    244,
    454,
    526,
    244,
    410,
    503,
    256,
    -410,
    503,
    256,
    460,
    526,
    242,
    -460,
    526,
    242
  ],
  "morphTargets": [],
  "morphColors": [],
  "normals": [
    -0.36636,
    0.20832,
    0.90685,
    0.13956,
    0.17101,
    0.97534,
    -0.037898,
    0.52449,
    0.85057,
    0.037898,
    0.52449,
    0.85057,
    -0.13956,
    0.17101,
    0.97534,
    0.36636,
    0.20832,
    0.90685,
    -0.50367,
    0.63391,
    0.58692,
    -0.78745,
    0.41753,
    0.45342,
    -0.57482,
    -0.73145,
    0.36683,
    0.57482,
    -0.73145,
    0.36683,
    0.78745,
    0.41753,
    0.45342,
    0.50367,
    0.63391,
    0.58691,
    -0.37293,
    0.64477,
    0.66723,
    -0.86856,
    0.30474,
    -0.39082,
    -0.62507,
    -0.52911,
    0.57387,
    0.62507,
    -0.52911,
    0.57387,
    0.86856,
    0.30474,
    -0.39082,
    0.37293,
    0.64477,
    0.66723,
    -0.16666,
    0.82587,
    0.53867,
    0.2738,
    0.73531,
    -0.61996,
    -0.16266,
    0.75477,
    -0.6355,
    0.56176,
    0.70472,
    0.43336,
    -0.56176,
    0.70471,
    0.43336,
    0.16266,
    0.75477,
    -0.6355,
    -0.2738,
    0.73531,
    -0.61996,
    0.16666,
    0.82587,
    0.53867,
    -0.26316,
    -0.012843,
    -0.96467,
    -0.26241,
    -0.014153,
    -0.96485,
    -0.26212,
    -0.012184,
    -0.96496,
    0.26212,
    -0.012184,
    -0.96496,
    0.26241,
    -0.014153,
    -0.96485,
    0.26316,
    -0.012843,
    -0.96467,
    -0.26326,
    -0.014398,
    -0.96462,
    0.26326,
    -0.014398,
    -0.96462,
    -0.80094,
    0.37795,
    0.46438,
    -0.78966,
    0.398,
    0.46694,
    0.78966,
    0.398,
    0.46694,
    0.80094,
    0.37795,
    0.46438,
    -0.28946,
    -0.027757,
    0.95679,
    0.28946,
    -0.027758,
    0.95679,
    0.30937,
    0.87176,
    0.3799,
    -0.30937,
    0.87176,
    0.3799,
    -0.39554,
    -0.53935,
    0.74341,
    -0.95179,
    -0.20639,
    0.22695,
    0.02399,
    -0.28302,
    0.95881,
    0.39554,
    -0.53935,
    0.74341,
    -0.02399,
    -0.28302,
    0.95881,
    0.95179,
    -0.20639,
    0.22695,
    0.10359,
    -0.98585,
    0.13182,
    -0.10359,
    -0.98585,
    0.13182,
    -0.25744,
    -0.015342,
    -0.96617,
    0.25744,
    -0.015342,
    -0.96617,
    -0.26137,
    0.0015219,
    -0.96524,
    0.26137,
    0.0015215,
    -0.96524
  ],
  "colors": [],
  "uvs": [
    []
  ],