{
  "metadata": {
    "formatVersion": 3.1,
    "sourceFile": "roof.obj",
    "generatedBy": "OBJConverter",
    "vertices": 39,
    "faces": 55,
    "normals": 39,
    "colors": 0,
    "uvs": 0,
    "materials": 1
  },
  "scale": 0.5,
  "materials": [
    {
      "DbgColor": 15658734,
      "DbgIndex": 0,
      "DbgName": "Standard_15",
      "colorAmbient": [
        0.5879999995,
        0.5879999995,
        0.5879999995
      ],
      "colorDiffuse": [
        0.5879999995,
        0.5879999995,
        0.5879999995
      ],
      "colorSpecular": [
        0,
        0,
        0
      ],
      "illumination": 2,
      "opacity": 1,
      "opticalDensity": 1.5,
      "specularCoef": 10,
      "transparent": true
    }
  ],
  "vertices": [
    0,
    710,
    -346,
    81,
    662,
    -673,
    -163,
    706,
    -344,
    -266,
    686,
    -456,
    -115,
    663,
    -671,
    -267,
    695,
    -275,
    -190,
    703,
    -333,
    -84,
    668,
    96,
    84,
    697,
    -56,
    -84,
    697,
    -57,
    -268,
    694,
    -174,
    -190,
    692,
    -68,
    287,
    656,
    67,
    267,
    695,
    -275,
    273,
    683,
    -58,
    84,
    668,
    96,
    -216,
    664,
    84,
    -273,
    683,
    -58,
    163,
    706,
    -344,
    266,
    686,
    -456,
    190,
    703,
    -333,
    190,
    692,
    -68,
    17,
    691,
    -57,
    13,
    687,
    -552,
    13,
    678,
    -601,
    0,
    699,
    -605,
    -13,
    678,
    -601,
    -13,
    687,
    -552,
    -287,
    656,
    67,
    -267,
    678,
    -493,
    267,
    678,
    -493,
    -184,
    697,
    -337,
    184,
    697,
    -337,
    0,
    702,
    -589,
    -183,
    685,
    -64,
    216,
    662,
    84,
    -271,
    648,
    -646,
    192,
    685,
    -75,
    271,
    648,
    -646
  ],
  "morphTargets": [],
  "morphColors": [],
  "normals": [
    -0.0028916,
    0.90973,
    0.41519,
    0.032971,
    0.98494,
    -0.16971,
    -0.017516,
    0.92342,
    0.3834,
    -0.65887,
    0.74692,
    -0.089454,
    -0.067497,
    0.25412,
    -0.96481,
    -0.15131,
    0.98846,
    -0.0076042,
    0.23844,
    0.96531,
    0.10643,
    -0.024518,
    0.98048,
    0.19506,
    -0.003814,
    0.95162,
    -0.30725,
    -0.0070891,
    0.87547,
    -0.48323,
    -0.56263,
    0.82637,
    0.023626,
    0.20874,
    0.97795,
    0.006889,
    0.17802,
    0.96558,
    0.18967,
    0.11865,
    0.99272,
    0.020762,
    0.53127,
    0.84387,
    0.075041,
    0.033252,
    0.9825,
    0.18327,
    -0.15997,
    0.17656,
    0.9712,
    -0.5145,
    0.85309,
    0.086757,
    0.019818,
    0.92312,
    0.38399,
    0.65636,
    0.74872,
    -0.09275,
    -0.24415,
    0.96229,
    0.11993,
    -0.080049,
    0.99084,
    -0.10872,
    0.0047171,
    0.15501,
    -0.9879,
    0.33165,
    0.91315,
    0.23698,
    0.70679,
    0.36773,
    -0.60434,
    -0.023952,
    0.70763,
    -0.70618,
    -0.72119,
    0.31525,
    -0.61685,
    -0.33413,
    0.90878,
    0.24995,
    -0.21586,
    0.9503,
    0.22436,
    -0.16062,
    0.96882,
    -0.18863,
    0.13571,
    0.97236,
    -0.18997,
    0.58303,
    0.16174,
    0.79619,
    -0.57726,
    0.151,
    0.80248,
    -0.0272,
    0.99691,
    -0.073722,
    0.46352,
    0.017821,
    -0.88591,
    0.083218,
    0.97979,
    0.18192,
    -0.13197,
    0.96304,
    -0.23481,
    -0.93456,
    0.05036,
    -0.35224,
    0.10057,
    0.97604,
    -0.19297
  ],
  "colors": [],
  "uvs": [
    []
  ],
  "faces": [
    34,
    0,
    1,
    2,
    0,
    0,
    1,
    2,
    34,
    3,
    2,
    4,
    0,
    3,
    2,
    4,
    34,
    3,
    5,
    6,
    0,
    3,
    5,
    6,
    34,
    7,
    8,
    9,
    0,
    7,
    8,
    9,
    34,
    10,
    11,
    6,
    0,
    10,
    11,
    6,
    34,
    12,
    13,
    14,
    0,
    12,
    13,
    14,
    34,
    8,
    7,
    15,
    0,
    8,
    7,
    15,
    34,
    16,
    9,
    17,
    0,
    16,
    9,
    17,
    34,
    1,
    18,
    19,
    0,
    1,
    18,
    19,
    34,
    20,
    14,
    13,
    0,
    20,
    14,
    13,
    34,
    20,
    13,
    19,
    0,
    20,
    13,
    19,
    34,
    20,
    21,
    14,
    0,
    20,
    21,
    14,
    34,
    22,
    8,
    21,
    0,
    22,
    8,
    21,
    34,
    23,
    24,
    25,
    0,
    23,
    24,
    25,
    34,
    25,
    26,
    27,
    0,
    25,
    26,
    27,
    34,
    10,
    5,
    28,
    0,
    10,
    5,
    28,
    34,
    5,
    10,
    6,
    0,
    5,
    10,
    6,
    34,
    4,
    29,
    3,
    0,
    4,
    29,
    3,
    34,
    3,
    29,
    5,
    0,
    3,
    29,
    5,
    34,
    13,
    30,
    19,
    0,
    13,
    30,
    19,
    34,
    19,
    30,
    1,
    0,
    19,
    30,
    1,
    34,
    16,
    17,
    28,
    0,
    16,
    17,
    28,
    34,
    0,
    31,
    32,
    0,
    0,
    31,
    32,
    34,
    18,
    20,
    19,
    0,
    18,
    20,
    19,
    34,
    33,
    27,
    23,
    0,
    33,
    27,
    23,
    34,
    34,
    31,
    6,
    0,
    34,
    31,
    6,
    34,
    0,
    2,
    31,
    0,
    0,
    2,
    31,
    34,
    14,
    8,
    15,
    0,
    14,
    8,
    15,
    34,
    8,
    14,
    21,
    0,
    8,
    14,
    21,
    34,
    6,
    11,
    34,
    0,
    6,
    11,
    34,
    34,
    22,
    9,
    8,
    0,
    22,
    9,
    8,
    34,
    12,
    14,
    35,
    0,
    12,
    14,
    35,
    34,
    24,
    26,
    25,
    0,
    24,
    26,
    25,
    34,
    1,
    4,
    2,
    0,
    1,
    4,
    2,
    34,
    1,
    36,
    4,
    0,
    1,
    36,
    4,
    34,
    27,
    33,
    25,
    0,
    27,
    33,
    25,
    34,
    25,
    33,
    23,
    0,
    25,
    33,
    23,
    34,
    32,
    20,
    18,
    0,
    32,
    20,
    18,
    34,
    20,
    32,
    37,
    0,
    20,
    32,
    37,
    34,
    3,
    6,
    2,
    0,
    3,
    6,
    2,
    34,
    2,
    6,
    31,
    0,
    2,
    6,
    31,
    34,
    9,
    16,
    7,
    0,
    9,
    16,
    7,
    34,
    28,
    7,
    16,
    0,
    28,
    7,
    16,
    34,
    11,
    17,
    9,
    0,
    11,
    17,
    9,
    34,
    11,
    9,
    34,
    0,
    11,
    9,
    34,
    34,
    22,
    34,
    9,
    0,
    22,
    34,
    9,
    34,
    21,
    37,
    22,
    0,
    21,
    37,
    22,
    34,
    37,
    21,
    20,
    0,
    37,
    21,
    20,
    34,
    18,
    1,
    0,
    0,
    18,
    1,
    0,
    34,
    32,
    18,
    0,
    0,
    32,
    18,
    0,
    34,
    29,
    4,
    36,
    0,
    29,
    4,
    36,
    34,
    38,
    1,
    30,
    0,
    38,
    1,
    30,
    34,
    14,
    15,
    35,
    0,
    14,
    15,
    35,
    34,
    28,
    17,
    10,
    0,
    28,
    17,
    10,
    34,
    17,
    11,
    10,
    0,
    17,
    11,
    10
  ]
}