{
  "metadata": {
    "formatVersion": 3.1,
    "sourceFile": "sideskirt.obj",
    "generatedBy": "OBJConverter",
    "vertices": 37,
    "faces": 50,
    "normals": 37,
    "colors": 0,
    "uvs": 0,
    "materials": 1
  },
  "scale": 0.5,
  "materials": [
    {
      "DbgColor": 15658734,
      "DbgIndex": 0,
      "DbgName": "Standard_15",
      "colorAmbient": [
        0.5879999995,
        0.5879999995,
        0.5879999995
      ],
      "colorDiffuse": [
        0.5879999995,
        0.5879999995,
        0.5879999995
      ],
      "colorSpecular": [
        0,
        0,
        0
      ],
      "illumination": 2,
      "opacity": 1,
      "opticalDensity": 1.5,
      "specularCoef": 10,
      "transparent": true
    }
  ],
  "vertices": [
    438,
    128,
    379,
    428,
    93,
    454,
    435,
    94,
    -233,
    -438,
    128,
    379,
    -435,
    94,
    -233,
    -428,
    93,
    454,
    -442,
    136,
    -159,
    442,
    136,
    -159,
    436,
    134,
    533,
    -436,
    134,
    533,
    -445,
    173,
    -511,
    -435,
    78,
    -531,
    -441,
    142,
    -503,
    441,
    142,
    -503,
    435,
    78,
    -531,
    445,
    173,
    -511,
    -444,
    173,
    -531,
    -433,
    79,
    -531,
    433,
    79,
    -531,
    444,
    173,
    -531,
    -442,
    136,
    -478,
    -434,
    78,
    -396,
    434,
    78,
    -396,
    442,
    136,
    -478,
    -423,
    78,
    -236,
    423,
    78,
    -236,
    -437,
    139,
    395,
    437,
    139,
    395,
    424,
    79,
    540,
    -422,
    78,
    517,
    -436,
    129,
    379,
    436,
    129,
    379,
    -434,
    134,
    534,
    -424,
    79,
    540,
    434,
    134,
    534,
    420,
    79,
    511,
    -420,
    79,
    511
  ],
  "morphTargets": [],
  "morphColors": [],
  "normals": [
    0.93339,
    0.33195,
    -0.13634,
    0.92933,
    -0.36913,
    0.0096794,
    0.92485,
    -0.37985,
    0.019266,
    -0.9334,
    0.33194,
    -0.13634,
    -0.92485,
    -0.37985,
    0.019266,
    -0.92937,
    -0.36896,
    0.011448,
    -0.33558,
    0.94199,
    0.0057725,
    0.33558,
    0.942,
    0.0057721,
    0.73003,
    0.50264,
    0.46305,
    -0.73346,
    0.49802,
    0.46262,
    -0.99304,
    -0.11219,
    -0.035813,
    -0.5406,
    -0.57523,
    -0.61389,
    -0.99702,
    -0.077054,
    0.0021354,
    0.99702,
    -0.077054,
    0.0021362,
    0.5406,
    -0.57523,
    -0.61389,
    0.99304,
    -0.11219,
    -0.035811,
    -0.99221,
    -0.11449,
    -0.049054,
    -0.12552,
    -0.63244,
    -0.76437,
    0.12552,
    -0.63244,
    -0.76437,
    0.99221,
    -0.11449,
    -0.049052,
    -0.99851,
    0.054428,
    -0.0038239,
    -0.62089,
    -0.7839,
    0.00093657,
    0.62089,
    -0.7839,
    0.00093665,
    0.99851,
    0.054431,
    -0.003824,
    -0.81403,
    -0.57998,
    0.031431,
    0.81403,
    -0.57998,
    0.031431,
    -0.99649,
    0.082516,
    -0.014187,
    0.99649,
    0.08252,
    -0.014188,
    0.94881,
    -0.31497,
    0.023681,
    -0.5193,
    -0.85459,
    0.0015466,
    -0.38849,
    0.88929,
    -0.24131,
    0.38847,
    0.8893,
    -0.24131,
    -0.26927,
    0.60266,
    0.75119,
    -0.95829,
    -0.28538,
    -0.015253,
    0.26928,
    0.60266,
    0.75119,
    0.69862,
    -0.71166,
    -0.074034,
    -0.30341,
    -0.93974,
    -0.15756
  ],
  "colors": [],
  "uvs": [
    []
  ],
  "faces": [
    34,
    0,
    1,
    2,
    0,
    0,
    1,
    2,
    34,
    3,
    4,
    5,
    0,
    3,
    4,
    5,
    34,
    3,
    6,
    4,
    0,
    3,
    6,
    4,
    34,
    2,
    7,
    0,
    0,
    2,
    7,
    0,
    34,
    1,
    0,
    8,
    0,
    1,
    0,
    8,
    34,
    9,
    3,
    5,
    0,
    9,
    3,
    5,
    34,
    10,
    11,
    12,
    0,
    10,
    11,
    12,
    34,
    13,
    14,
    15,
    0,
    13,
    14,
    15,
    34,
    10,
    16,
    17,
    0,
    10,
    16,
    17,
    34,
    18,
    19,
    15,
    0,
    18,
    19,
    15,
    34,
    20,
    11,
    21,
    0,
    20,
    11,
    21,
    34,
    22,
    14,
    23,
    0,
    22,
    14,
    23,
    34,
    17,
    24,
    21,
    0,
    17,
    24,
    21,
    34,
    6,
    21,
    4,
    0,
    6,
    21,
    4,
    34,
    2,
    22,
    7,
    0,
    2,
    22,
    7,
    34,
    22,
    25,
    18,
    0,
    22,
    25,
    18,
    34,
    26,
    3,
    9,
    0,
    26,
    3,
    9,
    34,
    8,
    0,
    27,
    0,
    8,
    0,
    27,
    34,
    8,
    28,
    1,
    0,
    8,
    28,
    1,
    34,
    5,
    29,
    9,
    0,
    5,
    29,
    9,
    34,
    24,
    4,
    21,
    0,
    24,
    4,
    21,
    34,
    5,
    4,
    24,
    0,
    5,
    4,
    24,
    34,
    22,
    2,
    25,
    0,
    22,
    2,
    25,
    34,
    25,
    2,
    1,
    0,
    25,
    2,
    1,
    34,
    21,
    6,
    20,
    0,
    21,
    6,
    20,
    34,
    20,
    6,
    30,
    0,
    20,
    6,
    30,
    34,
    31,
    7,
    23,
    0,
    31,
    7,
    23,
    34,
    23,
    7,
    22,
    0,
    23,
    7,
    22,
    34,
    32,
    26,
    9,
    0,
    32,
    26,
    9,
    34,
    33,
    32,
    9,
    0,
    33,
    32,
    9,
    34,
    8,
    34,
    28,
    0,
    8,
    34,
    28,
    34,
    8,
    27,
    34,
    0,
    8,
    27,
    34,
    34,
    17,
    11,
    10,
    0,
    17,
    11,
    10,
    34,
    21,
    11,
    17,
    0,
    21,
    11,
    17,
    34,
    15,
    14,
    18,
    0,
    15,
    14,
    18,
    34,
    18,
    14,
    22,
    0,
    18,
    14,
    22,
    34,
    12,
    11,
    20,
    0,
    12,
    11,
    20,
    34,
    30,
    12,
    20,
    0,
    30,
    12,
    20,
    34,
    35,
    1,
    28,
    0,
    35,
    1,
    28,
    34,
    1,
    35,
    25,
    0,
    1,
    35,
    25,
    34,
    23,
    14,
    13,
    0,
    23,
    14,
    13,
    34,
    23,
    13,
    31,
    0,
    23,
    13,
    31,
    34,
    24,
    36,
    5,
    0,
    24,
    36,
    5,
    34,
    29,
    5,
    36,
    0,
    29,
    5,
    36,
    34,
    0,
    7,
    31,
    0,
    0,
    7,
    31,
    34,
    0,
    31,
    27,
    0,
    0,
    31,
    27,
    34,
    30,
    6,
    3,
    0,
    30,
    6,
    3,
    34,
    26,
    30,
    3,
    0,
    26,
    30,
    3,
    34,
    33,
    29,
    36,
    0,
    33,
    29,
    36,
    34,
    33,
    9,
    29,
    0,
    33,
    9,
    29
  ]
}