{
  "metadata": {
    "formatVersion": 3.1,
    "sourceFile": "trunk.obj",
    "generatedBy": "OBJConverter",
    "vertices": 91,
    "faces": 145,
    "normals": 91,
    "colors": 0,
    "uvs": 0,
    "materials": 1
  },
  "scale": 0.5,
  "materials": [
    {
      "DbgColor": 15658734,
      "DbgIndex": 0,
      "DbgName": "Standard_15",
      "colorAmbient": [
        0.5879999995,
        0.5879999995,
        0.5879999995
      ],
      "colorDiffuse": [
        0.5879999995,
        0.5879999995,
        0.5879999995
      ],
      "colorSpecular": [
        0,
        0,
        0
      ],
      "illumination": 2,
      "opacity": 1,
      "opticalDensity": 1.5,
      "specularCoef": 10,
      "transparent": true
    }
  ],
  "vertices": [
    150,
    543,
    -993,
    90,
    520,
    -1185,
    0,
    522,
    -1189,
    -186,
    543,
    -986,
    -40,
    544,
    -1004,
    -130,
    518,
    -1179,
    -89,
    509,
    -1200,
    45,
    511,
    -1203,
    0,
    456,
    -1217,
    160,
    333,
    -1205,
    0,
    307,
    -1214,
    0,
    437,
    -1200,
    -205,
    508,
    -1167,
    -301,
    488,
    -1130,
    -303,
    508,
    -1050,
    -88,
    453,
    -1212,
    -187,
    446,
    -1196,
    217,
    543,
    -978,
    303,
    508,
    -1050,
    205,
    508,
    -1167,
    -170,
    307,
    -1207,
    -160,
    333,
    -1205,
    -189,
    396,
    -1205,
    -238,
    320,
    -1199,
    -253,
    337,
    -1195,
    301,
    488,
    -1130,
    169,
    504,
    -1185,
    263,
    491,
    -1155,
    237,
    452,
    -1180,
    79,
    544,
    -1002,
    253,
    337,
    -1195,
    238,
    320,
    -1199,
    189,
    396,
    -1205,
    89,
    509,
    -1200,
    88,
    453,
    -1212,
    -237,
    452,
    -1180,
    -263,
    491,
    -1155,
    -169,
    504,
    -1185,
    287,
    553,
    -916,
    313,
    520,
    -973,
    257,
    544,
    -961,
    -257,
    544,
    -961,
    -321,
    527,
    -933,
    -287,
    553,
    -916,
    62,
    435,
    -1199,
    288,
    457,
    -1157,
    -288,
    457,
    -1157,
    170,
    307,
    -1207,
    130,
    518,
    -1179,
    186,
    446,
    -1194,
    79,
    538,
    -1001,
    257,
    538,
    -960,
    -327,
    515,
    -942,
    -315,
    498,
    -1047,
    -320,
    526,
    -932,
    -286,
    548,
    -915,
    286,
    548,
    -915,
    320,
    526,
    -932,
    321,
    527,
    -933,
    315,
    498,
    -1047,
    327,
    515,
    -942,
    -62,
    435,
    -1199,
    -144,
    431,
    -1188,
    -79,
    538,
    -1001,
    144,
    431,
    -1188,
    -278,
    541,
    -939,
    -257,
    538,
    -960,
    299,
    483,
    -1137,
    -299,
    483,
    -1137,
    0,
    454,
    -1215,
    -186,
    446,
    -1194,
    278,
    541,
    -939,
    -298,
    482,
    -1135,
    298,
    482,
    -1135,
    144,
    431,
    -1186,
    -144,
    431,
    -1186,
    -272,
    386,
    -1185,
    -273,
    386,
    -1188,
    273,
    386,
    -1188,
    272,
    386,
    -1185,
    -325,
    513,
    -941,
    325,
    513,
    -941,
    189,
    396,
    -1203,
    -189,
    396,
    -1203,
    -201,
    308,
    -1201,
    -238,
    319,
    -1197,
    238,
    319,
    -1197,
    201,
    308,
    -1201,
    -287,
    456,
    -1155,
    287,
    456,
    -1155,
    0,
    307,
    -1211
  ],
  "morphTargets": [],
  "morphColors": [],
  "normals": [
    -0.031357,
    0.98173,
    0.18769,
    0.069865,
    0.92302,
    -0.37836,
    -0.01333,
    0.9108,
    -0.41264,
    -0.0062131,
    0.99203,
    0.12585,
    -0.014881,
    0.89018,
    0.45537,
    -0.12202,
    0.90656,
    -0.40406,
    -0.10244,
    0.56876,
    -0.8161,
    0.04796,
    0.5559,
    -0.82986,
    -0.0037926,
    -0.37695,
    -0.92623,
    0.03623,
    0.074183,
    -0.99659,
    5.1e-9,
    -0.62222,
    -0.78284,
    -2.073e-7,
    0.15245,
    -0.98831,
    -0.27272,
    0.82628,
    -0.49284,
    -0.83112,
    0.45208,
    -0.32383,
    -0.45146,
    0.86599,
    -0.21503,
    -0.082311,
    -0.43544,
    -0.89645,
    -0.22568,
    -0.47637,
    -0.84979,
    0.0111,
    0.99399,
    0.10894,
    0.4614,
    0.86119,
    -0.21322,
    0.26791,
    0.82817,
    -0.49231,
    -0.063946,
    -0.73187,
    -0.67843,
    -0.03623,
    0.074183,
    -0.99659,
    -0.14635,
    0.53681,
    -0.83092,
    -0.56182,
    -0.55081,
    -0.61722,
    -0.7838,
    -0.61917,
    0.047838,
    0.83112,
    0.45208,
    -0.32384,
    0.22869,
    0.52424,
    -0.82029,
    0.38356,
    0.61416,
    -0.6897,
    0.3571,
    -0.50243,
    -0.78743,
    -0.02681,
    0.79869,
    0.60114,
    0.7838,
    -0.61917,
    0.047844,
    0.56182,
    -0.55081,
    -0.61722,
    0.14635,
    0.53681,
    -0.83092,
    0.12528,
    0.52453,
    -0.84212,
    0.08968,
    -0.43283,
    -0.897,
    -0.36445,
    -0.50265,
    -0.78391,
    -0.38356,
    0.61416,
    -0.6897,
    -0.23119,
    0.53763,
    -0.81086,
    -0.10923,
    0.82516,
    0.55423,
    0.55096,
    0.8011,
    -0.23384,
    -0.23082,
    0.91419,
    0.33315,
    0.18914,
    0.91877,
    0.34654,
    -0.79242,
    0.50228,
    0.34609,
    0.097802,
    0.85087,
    0.5162,
    0.044445,
    0.80764,
    -0.58799,
    0.71533,
    -0.3004,
    -0.63092,
    -0.71533,
    -0.3004,
    -0.63093,
    0.063945,
    -0.73188,
    -0.67843,
    0.13837,
    0.90325,
    -0.40618,
    0.22026,
    0.14761,
    -0.96421,
    -0.060772,
    0.14141,
    0.98808,
    -0.53962,
    0.22726,
    0.81066,
    -0.97403,
    -0.12923,
    0.18594,
    -0.67554,
    0.71061,
    -0.19668,
    -0.60148,
    -0.029867,
    0.79833,
    0.28889,
    0.22907,
    0.92955,
    -0.28889,
    0.22907,
    0.92956,
    0.60148,
    -0.029863,
    0.79833,
    0.81766,
    0.4571,
    0.34997,
    0.67554,
    0.71061,
    -0.19668,
    0.97914,
    -0.11083,
    0.17031,
    -0.044445,
    0.80764,
    -0.58799,
    -0.34517,
    0.82826,
    -0.44141,
    0.11463,
    -0.25637,
    0.95976,
    0.34517,
    0.82826,
    -0.44141,
    0.67727,
    -0.49496,
    0.54435,
    0.51767,
    0.20774,
    0.82998,
    0.86808,
    0.19337,
    -0.45722,
    -0.86807,
    0.19338,
    -0.45722,
    8e-10,
    -0.87236,
    -0.48886,
    -0.088103,
    -0.93139,
    -0.3532,
    -0.67727,
    -0.49496,
    0.54435,
    -0.93846,
    -0.34248,
    -0.044802,
    0.93845,
    -0.34249,
    -0.044788,
    0.31477,
    0.93327,
    0.173,
    -0.31477,
    0.93327,
    0.173,
    -0.84339,
    0.49415,
    0.21096,
    -0.79227,
    0.46124,
    -0.39946,
    0.79227,
    0.46124,
    -0.39946,
    0.84339,
    0.49415,
    0.21096,
    -0.70153,
    -0.5438,
    0.46058,
    0.70153,
    -0.5438,
    0.46058,
    0.35665,
    0.92312,
    -0.1437,
    -0.35665,
    0.92312,
    -0.1437,
    -0.17588,
    -0.41664,
    -0.8919,
    -0.64149,
    -0.76664,
    -0.027452,
    0.64149,
    -0.76664,
    -0.027452,
    0.17587,
    -0.41664,
    -0.8919,
    -0.64655,
    -0.71819,
    -0.25726,
    0.64654,
    -0.7182,
    -0.25725,
    -6e-10,
    -0.9952,
    -0.097872
  ],
  "colors": [],
  "uvs": [
    []
  ],