{
  "metadata": {
    "formatVersion": 3.1,
    "sourceFile": "fbumper.obj",
    "generatedBy": "OBJConverter",
    "vertices": 57,
    "faces": 62,
    "normals": 56,
    "colors": 0,
    "uvs": 0,
    "materials": 1
  },
  "scale": 0.5,
  "materials": [
    {
      "DbgColor": 15658734,
      "DbgIndex": 0,
      "DbgName": "www"
    }
  ],
  "vertices": [
    -165,
    144,
    1107,
    -316,
    225,
    1058,
    -183,
    207,
    1043,
    -172,
    211,
    1115,
    358,
    283,
    1012,
    393,
    297,
    938,
    240,
    304,
    1071,
    252,
    96,
    1047,
    394,
    130,
    960,
    210,
    124,
    1123,
    151,
    144,
    1054,
    185,
    274,
    1096,
    389,
    213,
    986,
    183,
    207,
    1043,
    316,
    225,
    1058,
    165,
    144,
    1107,
    -386,
    212,
    945,
    -55,
    144,
    1121,
    163,
    135,
    1064,
    -389,
    213,
    986,
    -363,
    294,
    991,
    -185,
    274,
    1096,
    386,
    212,
    945,
    418,
    118,
    908,
    426,
    262,
    861,
    172,
    211,
    1115,
    -240,
    304,
    1071,
    -210,
    124,
    1123,
    -151,
    144,
    1054,
    -394,
    130,
    960,
    -252,
    96,
    1047,
    -426,
    262,
    861,
    -418,
    118,
    908,
    -393,
    297,
    938,
    -360,
    99,
    890,
    360,
    99,
    890,
    130,
    159,
    1108,
    -93,
    153,
    1111,
    174,
    339,
    1075,
    206,
    320,
    1085,
    -206,
    320,
    1085,
    -147,
    154,
    1111,
    -396,
    130,
    937,
    396,
    130,
    937,
    -174,
    339,
    1075,
    346,
    212,
    1022,
    337,
    124,
    995,
    351,
    220,
    986,
    333,
    132,
    959,
    -346,
    212,
    1022,
    -351,
    220,
    986,
    -337,
    124,
    995,
    -333,
    132,
    959,
    147,
    154,
    1111,
    -161,
    139,
    1071,
    -246,
    223,
    1053,
    -409,
    223,
    892
  ],
  "morphTargets": [],
  "morphColors": [],
  "normals": [
    -0.26516,
    -0.37714,
    0.88739,
    -0.51947,
    -0.38841,
    0.76111,
    -0.17064,
    -0.84953,
    -0.49919,
    -0.069227,
    0.11828,
    0.99056,
    0.60758,
    0.52775,
    0.59357,
    0.87413,
    0.29641,
    0.38475,
    0.39456,
    0.12289,
    0.91061,
    0.3027,
    -0.84563,
    0.43964,
    0.27332,
    -0.84077,
    0.46733,
    -0.14854,
    -0.93872,
    0.31104,
    0.12661,
    0.97655,
    0.17413,
    0.26157,
    0.25749,
    0.9302,
    0.60689,
    -0.56493,
    0.55904,
    0.17064,
    -0.84953,
    -0.49919,
    0.48521,
    -0.43813,
    0.75671,
    0.24054,
    -0.38518,
    0.89094,
    0.76358,
    -0.63508,
    0.1167,
    0.11081,
    0.20903,
    0.97161,
    -0.1593,
    -0.98717,
    0.010671,
    -0.59882,
    -0.54167,
    0.58992,
    -0.71334,
    0.25654,
    0.65218,
    -0.26936,
    0.25968,
    0.92737,
    -0.76358,
    -0.63508,
    0.1167,
    0.78378,
    -0.59757,
    -0.16909,
    0.99273,
    0.024692,
    0.11783,
    -0.065354,
    0.15201,
    0.98622,
    -0.45247,
    -0.099108,
    0.88625,
    -0.12661,
    0.97655,
    0.17413,
    -0.0459,
    -0.82789,
    0.55901,
    -0.27332,
    -0.84077,
    0.46733,
    -0.32994,
    -0.82454,
    0.45964,
    -0.99273,
    0.024692,
    0.11783,
    -0.78378,
    -0.59757,
    -0.16909,
    -0.90263,
    0.18089,
    0.39057,
    -0.407,
    -0.89931,
    -0.16,
    0.407,
    -0.89931,
    -0.16,
    0.0016047,
    0.035655,
    0.99936,
    -0.062464,
    0.44142,
    0.89512,
    -0.019629,
    0.7233,
    0.69026,
    0.22909,
    0.33564,
    0.91371,
    0.060847,
    0.97959,
    0.19158,
    0,
    0.15591,
    0.98777,
    0,
    0.15591,
    0.98777,
    0.99736,
    -0.052222,
    -0.050493,
    -0.99736,
    -0.052222,
    -0.050493,
    -0.22909,
    0.33564,
    0.91371,
    0.97043,
    -0.15036,
    0.18885,
    -0.97813,
    0.03099,
    0.20568,
    0.98536,
    -0.12843,
    0.11212,
    -0.98973,
    0.054482,
    0.13216,
    -0.97043,
    -0.15036,
    0.18885,
    -0.98536,
    -0.12843,
    0.11212,
    0.97813,
    0.03099,
    0.20568,
    0.98973,
    0.054482,
    0.13216,
    -0.089087,
    0.98715,
    0.13268,
    -0.61421,
    -0.48729,
    0.62072
  ],
  "colors": [],
  "uvs": [
    []
  ],