{
  "metadata": {
    "formatVersion": 3.1,
    "sourceFile": "glass.obj",
    "generatedBy": "OBJConverter",
    "vertices": 58,
    "faces": 48,
    "normals": 58,
    "colors": 0,
    "uvs": 0,
    "materials": 1
  },
  "scale": 0.5,
  "materials": [
    {
      "DbgColor": 15658734,
      "DbgIndex": 0,
      "DbgName": "www",
      "colorAmbient": [
        0.2431,
        0.2863,
        0.4353
      ],
      "colorDiffuse": [
        0.2431,
        0.2863,
        0.4353
      ],
      "colorSpecular": [
        0.792,
        0.792,
        0.792
      ],
      "illumination": 2,
      "opacity": 1,
      "opticalDensity": 1.5,
      "specularCoef": 39,
      "transparent": true
    }
  ],
  "vertices": [
    0,
    670,
    129,
    -308,
    616,
    206,
    -79,
    550,
    377,
    32,
    539,
    -958,
    0,
    672,
    -643,
    129,
    620,
    -761,
    142,
    668,
    122,
    118,
    551,
    373,
    285,
    551,
    340,
    -134,
    537,
    -947,
    -188,
    663,
    -628,
    -338,
    526,
    354,
    -285,
    551,
    340,
    -290,
    674,
    -216,
    -302,
    640,
    -517,
    -386,
    494,
    -187,
    386,
    494,
    -187,
    302,
    640,
    -517,
    290,
    674,
    -216,
    -291,
    673,
    -172,
    -335,
    602,
    -147,
    -313,
    637,
    85,
    313,
    637,
    85,
    335,
    602,
    -147,
    291,
    673,
    -172,
    -322,
    607,
    -535,
    -371,
    499,
    -589,
    371,
    499,
    -589,
    322,
    607,
    -535,
    348,
    520,
    -747,
    298,
    644,
    -530,
    371,
    498,
    -608,
    -371,
    498,
    -608,
    -298,
    644,
    -530,
    -348,
    520,
    -747,
    -388,
    490,
    -106,
    -387,
    476,
    250,
    -348,
    562,
    239,
    348,
    562,
    239,
    387,
    476,
    250,
    388,
    490,
    -106,
    -251,
    599,
    -764,
    188,
    663,
    -628,
    282,
    662,
    104,
    304,
    527,
    -890,
    281,
    472,
    472,
    127,
    466,
    513,
    352,
    471,
    434,
    -169,
    468,
    505,
    -352,
    471,
    434,
    0,
    463,
    523,
    357,
    503,
    -756,
    -357,
    503,
    -756,
    261,
    654,
    -617,
    -261,
    654,
    -617,
    -304,
    527,
    -890,
    -282,
    662,
    104,
    199,
    533,
    -932
  ],
  "morphTargets": [],
  "morphColors": [],
  "normals": [
    -0.011347,
    0.90579,
    0.42358,
    -0.086428,
    0.90198,
    0.42304,
    -0.033942,
    0.88029,
    0.47322,
    0.016263,
    0.91636,
    -0.40002,
    -0.012462,
    0.92857,
    -0.37095,
    0.10532,
    0.91937,
    -0.37904,
    0.06428,
    0.90281,
    0.42521,
    0.049957,
    0.8778,
    0.47642,
    0.25781,
    0.86099,
    0.43844,
    -0.093819,
    0.9132,
    -0.39656,
    -0.11603,
    0.92169,
    -0.37017,
    -0.25172,
    0.82765,
    0.50163,
    -0.17293,
    0.85893,
    0.48201,
    -0.88287,
    0.46924,
    -0.018589,
    -0.86667,
    0.49889,
    -0.0013101,
    -0.88599,
    0.46331,
    -0.01906,
    0.88599,
    0.46331,
    -0.01906,
    0.86667,
    0.49889,
    -0.0013101,
    0.88287,
    0.46924,
    -0.018589,
    -0.85507,
    0.51852,
    -0.00078597,
    -0.87603,
    0.48221,
    0.0066791,
    -0.89299,
    0.44992,
    0.011729,
    0.89299,
    0.44992,
    0.011729,
    0.87603,
    0.48221,
    0.0066791,
    0.85507,
    0.51852,
    -0.00078597,
    -0.88342,
    0.46842,
    -0.012532,
    -0.90278,
    0.42914,
    -0.028894,
    0.90278,
    0.42914,
    -0.028894,
    0.88342,
    0.46842,
    -0.012532,
    0.87195,
    0.48543,
    -0.063716,
    0.87873,
    0.47261,
    -0.066845,
    0.87805,
    0.47392,
    -0.066527,
    -0.87805,
    0.47392,
    -0.066527,
    -0.87873,
    0.47261,
    -0.066845,
    -0.87195,
    0.48543,
    -0.063716,
    -0.90012,
    0.43538,
    0.015494,
    -0.91048,
    0.41305,
    0.020188,
    -0.90624,
    0.42239,
    0.017751,
    0.90624,
    0.42239,
    0.017751,
    0.91048,
    0.41305,
    0.020188,
    0.90012,
    0.43538,
    0.015494,
    -0.23137,
    0.89809,
    -0.37402,
    0.14275,
    0.91809,
    -0.36978,
    0.13692,
    0.89744,
    0.41934,
    0.19696,
    0.90378,
    -0.37998,
    0.16955,
    0.84416,
    0.50858,
    0.054058,
    0.85711,
    0.51229,
    0.31398,
    0.82186,
    0.47536,
    -0.091301,
    0.84903,
    0.5204,
    -0.20854,
    0.81306,
    0.54355,
    0.0033514,
    0.85993,
    0.51041,
    0.86898,
    0.4909,
    -0.062367,
    -0.86898,
    0.4909,
    -0.062367,
    0.17212,
    0.90358,
    -0.39232,
    -0.19305,
    0.9148,
    -0.35479,
    -0.21172,
    0.88469,
    -0.41534,
    -0.061615,
    0.9147,
    0.39942,
    0.15445,
    0.90485,
    -0.39673
  ],
  "colors": [],
  "uvs": [
    []
  ],
  "faces": [
    34,
    0,
    1,
    2,
    0,
    0,
    1,
    2,
    34,
    3,
    4,
    5,
    0,
    3,
    4,
    5,
    34,
    6,
    7,
    8,
    0,
    6,
    7,
    8,
    34,
    4,
    9,
    10,
    0,
    4,
    9,
    10,
    34,
    1,
    11,
    12,
    0,
    1,
    11,
    12,
    34,
    13,
    14,
    15,
    0,
    13,
    14,
    15,
    34,
    16,
    17,
    18,
    0,
    16,
    17,
    18,
    34,
    19,
    20,
    21,
    0,
    19,
    20,
    21,
    34,
    22,
    23,
    24,
    0,
    22,
    23,
    24,
    34,
    25,
    26,
    15,
    0,
    25,
    26,
    15,
    34,
    16,
    27,
    28,
    0,
    16,
    27,
    28,
    34,
    29,
    30,
    31,
    0,
    29,
    30,
    31,
    34,
    32,
    33,
    34,
    0,
    32,
    33,
    34,
    34,
    35,
    36,
    37,
    0,
    35,
    36,
    37,
    34,
    38,
    39,
    40,
    0,
    38,
    39,
    40,
    34,
    9,
    41,
    10,
    0,
    9,
    41,
    10,
    34,
    12,
    2,
    1,
    0,
    12,
    2,
    1,
    34,
    42,
    5,
    4,
    0,
    42,
    5,
    4,
    34,
    37,
    21,
    35,
    0,
    37,
    21,
    35,
    34,
    40,
    22,
    38,
    0,
    40,
    22,
    38,
    34,
    8,
    43,
    6,
    0,
    8,
    43,
    6,
    34,
    5,
    42,
    44,
    0,
    5,
    42,
    44,
    34,
    45,
    8,
    46,
    0,
    45,
    8,
    46,
    34,
    8,
    47,
    43,
    0,
    8,
    47,
    43,
    34,
    2,
    12,
    48,
    0,
    2,
    12,
    48,
    34,
    49,
    48,
    12,
    0,
    49,
    48,
    12,
    34,
    46,
    8,
    7,
    0,
    46,
    8,
    7,
    34,
    50,
    46,
    2,
    0,
    50,
    46,
    2,
    34,
    9,
    4,
    3,
    0,
    9,
    4,
    3,
    34,
    29,
    31,
    51,
    0,
    29,
    31,
    51,
    34,
    52,
    32,
    34,
    0,
    52,
    32,
    34,
    34,
    50,
    2,
    48,
    0,
    50,
    2,
    48,
    34,
    44,
    42,
    53,
    0,
    44,
    42,
    53,
    34,
    54,
    10,
    41,
    0,
    54,
    10,
    41,
    34,
    9,
    55,
    41,
    0,
    9,
    55,
    41,
    34,
    41,
    55,
    54,
    0,
    41,
    55,
    54,
    34,
    47,
    8,
    45,
    0,
    47,
    8,
    45,
    34,
    1,
    0,
    56,
    0,
    1,
    0,
    56,
    34,
    7,
    0,
    2,
    0,
    7,
    0,
    2,
    34,
    2,
    46,
    7,
    0,
    2,
    46,
    7,
    34,
    57,
    5,
    44,
    0,
    57,
    5,
    44,
    34,
    5,
    57,
    3,
    0,
    5,
    57,
    3,
    34,
    0,
    7,
    6,
    0,
    0,
    7,
    6,
    34,
    21,
    20,
    35,
    0,
    21,
    20,
    35,
    34,
    40,
    23,
    22,
    0,
    40,
    23,
    22,
    34,
    49,
    12,
    11,
    0,
    49,
    12,
    11,
    34,
    16,
    28,
    17,
    0,
    16,
    28,
    17,
    34,
    14,
    25,
    15,
    0,
    14,
    25,
    15
  ]
}