{
  "metadata": {
    "formatVersion": 3.1,
    "sourceFile": "hood.obj",
    "generatedBy": "OBJConverter",
    "vertices": 16,
    "faces": 19,
    "normals": 16,
    "colors": 0,
    "uvs": 0,
    "materials": 1
  },
  "scale": 0.5,
  "materials": [
    {
      "DbgColor": 15658734,
      "DbgIndex": 0,
      "DbgName": "www",
      "colorAmbient": [
        0.987,
        0.987,
        0.987
      ],
      "colorDiffuse": [
        0.987,
        0.987,
        0.987
      ],
      "colorSpecular": [
        0.936,
        0.936,
        0.936
      ],
      "illumination": 2,
      "opacity": 1,
      "opticalDensity": 1.5,
      "specularCoef": 20,
      "transparent": true
    }
  ],
  "vertices": [
    -229,
    380,
    1033,
    264,
    411,
    942,
    85,
    456,
    787,
    -329,
    459,
    653,
    -393,
    428,
    685,
    -176,
    343,
    1081,
    176,
    343,
    1081,
    329,
    459,
    653,
    -373,
    365,
    946,
    393,
    428,
    685,
    373,
    365,
    946,
    360,
    478,
    434,
    98,
    485,
    529,
    -360,
    478,
    434,
    -197,
    483,
    512,
    390,
    451,
    493
  ],
  "morphTargets": [],
  "morphColors": [],
  "normals": [
    -0.28981,
    0.7415,
    0.60513,
    0.20015,
    0.9036,
    0.37874,
    0.006981,
    0.98157,
    0.19099,
    -0.21152,
    0.96204,
    0.17246,
    -0.33032,
    0.91672,
    0.22474,
    -0.041054,
    0.78405,
    0.61934,
    0.059312,
    0.87955,
    0.47209,
    0.22172,
    0.96343,
    0.15047,
    -0.2791,
    0.91228,
    0.29975,
    0.36915,
    0.90864,
    0.1952,
    0.3567,
    0.86129,
    0.36186,
    0.22791,
    0.96831,
    0.10209,
    0.01899,
    0.99351,
    0.11216,
    -0.14699,
    0.98357,
    0.10478,
    -0.03758,
    0.99085,
    0.12959,
    0.56345,
    0.82114,
    0.090825
  ],
  "colors": [],
  "uvs": [
    []
  ],
  "faces": [
    34,
    0,
    1,
    2,
    0,
    0,
    1,
    2,
    34,
    0,
    2,
    3,
    0,
    0,
    2,
    3,
    34,
    0,
    3,
    4,
    0,
    0,
    3,
    4,
    34,
    5,
    6,
    1,
    0,
    5,
    6,
    1,
    34,
    7,
    2,
    1,
    0,
    7,
    2,
    1,
    34,
    1,
    0,
    5,
    0,
    1,
    0,
    5,
    34,
    8,
    5,
    0,
    0,
    8,
    5,
    0,
    34,
    9,
    1,
    10,
    0,
    9,
    1,
    10,
    34,
    10,
    1,
    6,
    0,
    10,
    1,
    6,
    34,
    7,
    11,
    12,
    0,
    7,
    11,
    12,
    34,
    13,
    4,
    3,
    0,
    13,
    4,
    3,
    34,
    3,
    12,
    14,
    0,
    3,
    12,
    14,
    34,
    3,
    14,
    13,
    0,
    3,
    14,
    13,
    34,
    8,
    0,
    4,
    0,
    8,
    0,
    4,
    34,
    9,
    7,
    1,
    0,
    9,
    7,
    1,
    34,
    7,
    9,
    11,
    0,
    7,
    9,
    11,
    34,
    9,
    15,
    11,
    0,
    9,
    15,
    11,
    34,
    2,
    12,
    3,
    0,
    2,
    12,
    3,
    34,
    7,
    12,
    2,
    0,
    7,
    12,
    2
  ]
}