{
  "metadata": {
    "formatVersion": 3.1,
    "sourceFile": "lens.obj",
    "generatedBy": "OBJConverter",
    "vertices": 35,
    "faces": 31,
    "normals": 35,
    "colors": 0,
    "uvs": 0,
    "materials": 1
  },
  "scale": 0.5,
  "materials": [
    {
      "DbgColor": 15658734,
      "DbgIndex": 0,
      "DbgName": "www",
      "colorAmbient": [
        0.2431,
        0.2863,
        0.4353
      ],
      "colorDiffuse": [
        0.2431,
        0.2863,
        0.4353
      ],
      "colorSpecular": [
        0.792,
        0.792,
        0.792
      ],
      "illumination": 2,
      "opacity": 1,
      "opticalDensity": 1.5,
      "specularCoef": 39,
      "transparent": true
    }
  ],
  "vertices": [
    160,
    461,
    -1143,
    293,
    466,
    -1100,
    287,
    436,
    -1117,
    -287,
    436,
    -1117,
    -293,
    466,
    -1100,
    -160,
    461,
    -1143,
    -294,
    363,
    1016,
    -387,
    365,
    924,
    -326,
    299,
    1032,
    326,
    299,
    1032,
    387,
    365,
    924,
    294,
    363,
    1016,
    375,
    388,
    -1044,
    343,
    389,
    -1089,
    -343,
    389,
    -1089,
    -375,
    388,
    -1044,
    243,
    305,
    1077,
    -243,
    305,
    1077,
    378,
    440,
    -1007,
    -378,
    440,
    -1007,
    369,
    294,
    992,
    400,
    298,
    939,
    -400,
    298,
    939,
    -369,
    294,
    992,
    -216,
    433,
    -1144,
    216,
    433,
    -1144,
    190,
    350,
    1071,
    -190,
    350,
    1071,
    399,
    354,
    906,
    -399,
    354,
    906,
    -276,
    392,
    -1128,
    276,
    392,
    -1128,
    -164,
    434,
    -1154,
    164,
    434,
    -1154,
    382,
    397,
    -1022
  ],
  "morphTargets": [],
  "morphColors": [],
  "normals": [
    0.21994,
    0.44001,
    -0.87064,
    0.52632,
    0.38779,
    -0.75671,
    0.43658,
    0.28372,
    -0.85376,
    -0.43658,
    0.28372,
    -0.85376,
    -0.52632,
    0.38779,
    -0.75671,
    -0.21994,
    0.44001,
    -0.87064,
    -0.50846,
    0.47308,
    0.71949,
    -0.78401,
    0.33656,
    0.52159,
    -0.55771,
    0.45398,
    0.69488,
    0.55771,
    0.45398,
    0.69488,
    0.78401,
    0.33656,
    0.52159,
    0.50846,
    0.47308,
    0.71949,
    0.78395,
    0.35459,
    -0.50959,
    0.6946,
    0.34816,
    -0.62953,
    -0.6946,
    0.34816,
    -0.62953,
    -0.73892,
    0.39103,
    -0.54871,
    0.38602,
    0.49151,
    0.78064,
    -0.38602,
    0.49151,
    0.78064,
    0.7763,
    0.34658,
    -0.52654,
    -0.73509,
    0.37593,
    -0.5642,
    0.69241,
    0.40124,
    0.59965,
    0.82547,
    0.27387,
    0.49355,
    -0.82547,
    0.27387,
    0.49355,
    -0.69241,
    0.40124,
    0.59965,
    -0.25564,
    0.26096,
    -0.93089,
    0.25564,
    0.26096,
    -0.93089,
    0.35145,
    0.51977,
    0.77867,
    -0.35145,
    0.51977,
    0.77867,
    0.86019,
    0.26667,
    0.43469,
    -0.86019,
    0.26667,
    0.43469,
    -0.40871,
    0.11881,
    -0.9049,
    0.40871,
    0.11881,
    -0.9049,
    -0.19305,
    0.32301,
    -0.9265,
    0.19305,
    0.32301,
    -0.9265,
    0.90823,
    0.2174,
    -0.35757
  ],
  "colors": [],
  "uvs": [
    []
  ],
  "faces": [
    34,
    0,
    1,
    2,
    0,
    0,
    1,
    2,
    34,
    3,
    4,
    5,
    0,
    3,
    4,
    5,
    34,
    6,
    7,
    8,
    0,
    6,
    7,
    8,
    34,
    9,
    10,
    11,
    0,
    9,
    10,
    11,
    34,
    12,
    13,
    1,
    0,
    12,
    13,
    1,
    34,
    4,
    14,
    15,
    0,
    4,
    14,
    15,
    34,
    11,
    16,
    9,
    0,
    11,
    16,
    9,
    34,
    8,
    17,
    6,
    0,
    8,
    17,
    6,
    34,
    1,
    18,
    12,
    0,
    1,
    18,
    12,
    34,
    15,
    19,
    4,
    0,
    15,
    19,
    4,
    34,
    3,
    14,
    4,
    0,
    3,
    14,
    4,
    34,
    1,
    13,
    2,
    0,
    1,
    13,
    2,
    34,
    10,
    20,
    21,
    0,
    10,
    20,
    21,
    34,
    22,
    23,
    7,
    0,
    22,
    23,
    7,
    34,
    24,
    3,
    5,
    0,
    24,
    3,
    5,
    34,
    0,
    2,
    25,
    0,
    0,
    2,
    25,
    34,
    26,
    16,
    11,
    0,
    26,
    16,
    11,
    34,
    6,
    17,
    27,
    0,
    6,
    17,
    27,
    34,
    21,
    28,
    10,
    0,
    21,
    28,
    10,
    34,
    7,
    29,
    22,
    0,
    7,
    29,
    22,
    34,
    10,
    9,
    20,
    0,
    10,
    9,
    20,
    34,
    23,
    8,
    7,
    0,
    23,
    8,
    7,
    34,
    3,
    24,
    30,
    0,
    3,
    24,
    30,
    34,
    3,
    30,
    14,
    0,
    3,
    30,
    14,
    34,
    31,
    25,
    2,
    0,
    31,
    25,
    2,
    34,
    13,
    31,
    2,
    0,
    13,
    31,
    2,
    34,
    24,
    32,
    30,
    0,
    24,
    32,
    30,
    34,
    24,
    5,
    32,
    0,
    24,
    5,
    32,
    34,
    31,
    33,
    25,
    0,
    31,
    33,
    25,
    34,
    33,
    0,
    25,
    0,
    33,
    0,
    25,
    34,
    34,
    12,
    18,
    0,
    34,
    12,
    18
  ]
}