{
  "metadata": {
    "formatVersion": 3.1,
    "sourceFile": "reflector.obj",
    "generatedBy": "OBJConverter",
    "vertices": 36,
    "faces": 41,
    "normals": 33,
    "colors": 0,
    "uvs": 0,
    "materials": 1
  },
  "scale": 0.5,
  "materials": [
    {
      "DbgColor": 15658734,
      "DbgIndex": 0,
      "DbgName": "www",
      "colorAmbient": [
        0.3176470697,
        0.3176470697,
        0.3176470697
      ],
      "colorDiffuse": [
        0.3176470697,
        0.3176470697,
        0.3176470697
      ],
      "colorSpecular": [
        0,
        0,
        0
      ],
      "illumination": 2,
      "opacity": 1,
      "opticalDensity": 1.5,
      "specularCoef": 0,
      "transparent": true
    }
  ],
  "vertices": [
    -411,
    546,
    250,
    -404,
    501,
    252,
    -510,
    507,
    222,
    -420,
    500,
    288,
    -411,
    545,
    244,
    -502,
    536,
    223,
    -414,
    483,
    248,
    503,
    530,
    218,
    411,
    545,
    244,
    414,
    483,
    248,
    510,
    507,
    222,
    404,
    501,
    252,
    411,
    546,
    250,
    420,
    500,
    288,
    508,
    506,
    238,
    499,
    536,
    238,
    500,
    539,
    224,
    -500,
    539,
    224,
    -499,
    536,
    238,
    -508,
    506,
    238,
    -389,
    516,
    287,
    -384,
    515,
    268,
    384,
    515,
    268,
    389,
    516,
    287,
    505,
    499,
    217,
    -505,
    499,
    217,
    -410,
    490,
    243,
    -505,
    499,
    216,
    -411,
    545,
    243,
    411,
    545,
    243,
    505,
    499,
    216,
    410,
    490,
    243,
    414,
    484,
    243,
    402,
    519,
    246,
    -414,
    484,
    243,
    -503,
    530,
    218
  ],
  "morphTargets": [],
  "morphColors": [],
  "normals": [
    0.34537,
    0.88787,
    -0.30398,
    0.44376,
    -0.69278,
    -0.56845,
    -0.63678,
    -0.42079,
    -0.6461,
    -0.092718,
    -0.50704,
    0.85692,
    -0.17491,
    0.1142,
    0.97794,
    -0.60347,
    0.7731,
    0.1953,
    0.38334,
    -0.68955,
    0.61447,
    0.3076,
    0.029423,
    0.95106,
    0.23846,
    0.077055,
    0.96809,
    -0.28795,
    -0.73238,
    0.61701,
    0.63678,
    -0.42079,
    -0.6461,
    -0.44376,
    -0.69278,
    -0.56845,
    -0.34537,
    0.88787,
    -0.30398,
    0.092718,
    -0.50704,
    0.85692,
    0.73224,
    -0.5368,
    0.41914,
    0.58881,
    0.6327,
    0.503,
    0.44223,
    0.66617,
    -0.60054,
    -0.44223,
    0.66617,
    -0.60054,
    -0.58881,
    0.6327,
    0.503,
    -0.73224,
    -0.5368,
    0.41914,
    0.61753,
    0.019289,
    0.78631,
    0.98071,
    -0.1096,
    -0.16187,
    -0.98071,
    -0.1096,
    -0.16187,
    -0.61753,
    0.019289,
    0.78631,
    0.32512,
    -0.026791,
    0.94529,
    -0.41169,
    -0.14434,
    0.89982,
    0.27218,
    3.159e-7,
    -0.96225,
    -0.27218,
    3.159e-7,
    -0.96225,
    -0.27218,
    3.159e-7,
    -0.96225,
    -0.57519,
    -0.80687,
    -0.1346,
    0.019765,
    0.05296,
    0.9984,
    0.69198,
    -0.71623,
    -0.090502,
    -0.8774,
    0.34757,
    -0.33069
  ],
  "colors": [],
  "uvs": [
    []
  ],
  "faces": [
    34,
    0,
    1,
    2,
    0,
    0,
    1,
    2,
    34,
    3,
    2,
    1,
    0,
    3,
    2,
    1,
    34,
    4,
    5,
    6,
    0,
    4,
    5,
    6,
    34,
    7,
    8,
    9,
    0,
    7,
    8,
    9,
    34,
    10,
    11,
    12,
    0,
    10,
    11,
    12,
    34,
    11,
    10,
    13,
    0,
    11,
    10,
    13,
    34,
    13,
    14,
    15,
    0,
    13,
    14,
    15,
    34,
    12,
    16,
    10,
    0,
    12,
    16,
    10,
    34,
    2,
    17,
    0,
    0,
    2,
    17,
    0,
    34,
    18,
    19,
    3,
    0,
    18,
    19,
    3,
    34,
    18,
    20,
    0,
    0,
    18,
    20,
    0,
    34,
    0,
    20,
    21,
    0,
    0,
    20,
    21,
    34,
    22,
    23,
    12,
    0,
    22,
    23,
    12,
    34,
    12,
    23,
    15,
    0,
    12,
    23,
    15,
    34,
    7,
    9,
    24,
    0,
    7,
    9,
    24,
    34,
    5,
    25,
    6,
    0,
    5,
    25,
    6,
    34,
    26,
    27,
    28,
    0,
    26,
    26,
    26,
    34,
    29,
    30,
    31,
    0,
    27,
    28,
    28,
    34,
    3,
    20,
    18,
    0,
    3,
    20,
    18,
    34,
    3,
    1,
    20,
    0,
    3,
    1,
    20,
    34,
    23,
    11,
    13,
    0,
    23,
    11,
    13,
    34,
    15,
    23,
    13,
    0,
    15,
    23,
    13,
    34,
    9,
    32,
    24,
    0,
    9,
    29,
    24,
    34,
    33,
    9,
    8,
    0,
    30,
    9,
    8,
    34,
    34,
    4,
    6,
    0,
    31,
    4,
    6,
    34,
    25,
    34,
    6,
    0,
    25,
    31,
    6,
    34,
    21,
    1,
    0,
    0,
    21,
    1,
    0,
    34,
    1,
    21,
    20,
    0,
    1,
    21,
    20,
    34,
    23,
    22,
    11,
    0,
    23,
    22,
    11,
    34,
    22,
    12,
    11,
    0,
    22,
    12,
    11,
    34,
    17,
    18,
    0,
    0,
    17,
    18,
    0,
    34,
    19,
    18,
    17,
    0,
    19,
    18,
    17,
    34,
    12,
    15,
    16,
    0,
    12,
    15,
    16,
    34,
    16,
    15,
    14,
    0,
    16,
    15,
    14,
    34,
    14,
    13,
    10,
    0,
    14,
    13,
    10,
    34,
    16,
    14,
    10,
    0,
    16,
    14,
    10,
    34,
    2,
    19,
    17,
    0,
    2,
    19,
    17,
    34,
    2,
    3,
    19,
    0,
    2,
    3,
    19,
    34,
    9,
    33,
    32,
    0,
    9,
    30,
    29,
    34,
    5,
    4,
    35,
    0,
    5,
    4,
    32,
    34,
    35,
    25,
    5,
    0,
    32,
    25,
    5
  ]
}