{
  "metadata": {
    "formatVersion": 3.1,
    "sourceFile": "roof.obj",
    "generatedBy": "OBJConverter",
    "vertices": 6,
    "faces": 4,
    "normals": 6,
    "colors": 0,
    "uvs": 0,
    "materials": 1
  },
  "scale": 0.5,
  "materials": [
    {
      "DbgColor": 15658734,
      "DbgIndex": 0,
      "DbgName": "www",
      "colorAmbient": [
        0.3176470697,
        0.3176470697,
        0.3176470697
      ],
      "colorDiffuse": [
        0.3176470697,
        0.3176470697,
        0.3176470697
      ],
      "colorSpecular": [
        0,
        0,
        0
      ],
      "illumination": 2,
      "opacity": 1,
      "opticalDensity": 1.5,
      "specularCoef": 0,
      "transparent": true
    }
  ],
  "vertices": [
    0,
    670,
    -643,
    -256,
    700,
    -225,
    250,
    656,
    -613,
    -284,
    660,
    102,
    284,
    660,
    102,
    -250,
    656,
    -613
  ],
  "morphTargets": [],
  "morphColors": [],
  "normals": [
    0.019838,
    0.99808,
    -0.058687,
    0.13022,
    0.98874,
    0.073678,
    0.057017,
    0.99836,
    0.0043306,
    0.071149,
    0.99634,
    0.047307,
    0,
    0.99998,
    -0.0058973,
    -0.069022,
    0.99123,
    -0.11265
  ],
  "colors": [],
  "uvs": [
    []
  ],
  "faces": [
    34,
    0,
    1,
    2,
    0,
    0,
    1,
    2,
    34,
    3,
    4,
    2,
    0,
    3,
    4,
    2,
    34,
    2,
    1,
    3,
    0,
    2,
    1,
    3,
    34,
    0,
    5,
    1,
    0,
    0,
    5,
    1
  ]
}