{
  "metadata": {
    "formatVersion": 3.1,
    "sourceFile": "trunk.obj",
    "generatedBy": "OBJConverter",
    "vertices": 29,
    "faces": 37,
    "normals": 29,
    "colors": 0,
    "uvs": 0,
    "materials": 1
  },
  "scale": 0.5,
  "materials": [
    {
      "DbgColor": 15658734,
      "DbgIndex": 0,
      "DbgName": "www",
      "colorAmbient": [
        0.3176470697,
        0.3176470697,
        0.3176470697
      ],
      "colorDiffuse": [
        0.3176470697,
        0.3176470697,
        0.3176470697
      ],
      "colorSpecular": [
        0,
        0,
        0
      ],
      "illumination": 2,
      "opacity": 1,
      "opticalDensity": 1.5,
      "specularCoef": 0,
      "transparent": true
    }
  ],
  "vertices": [
    -164,
    433,
    -1149,
    164,
    434,
    -1155,
    -25,
    320,
    -1166,
    -164,
    463,
    -1133,
    -295,
    497,
    -1097,
    -25,
    491,
    -1144,
    101,
    517,
    -1141,
    0,
    540,
    -957,
    157,
    536,
    -942,
    -243,
    333,
    -1140,
    -76,
    435,
    -1166,
    295,
    497,
    -1097,
    164,
    464,
    -1142,
    228,
    507,
    -1121,
    -228,
    507,
    -1121,
    -25,
    519,
    -1146,
    305,
    528,
    -889,
    243,
    333,
    -1140,
    166,
    434,
    -1143,
    278,
    390,
    -1127,
    -278,
    390,
    -1127,
    -157,
    536,
    -942,
    -293,
    466,
    -1097,
    293,
    466,
    -1097,
    162,
    330,
    -1158,
    221,
    324,
    -1145,
    -221,
    324,
    -1145,
    -166,
    434,
    -1143,
    -305,
    528,
    -889
  ],
  "morphTargets": [],
  "morphColors": [],
  "normals": [
    -0.35485,
    0.34501,
    -0.86894,
    0.66377,
    -0.23593,
    -0.70975,
    -0.013286,
    0.081712,
    -0.99657,
    -0.1921,
    0.39743,
    -0.8973,
    -0.28833,
    0.65351,
    -0.69985,
    -0.052873,
    0.14089,
    -0.98861,
    0.077367,
    0.69051,
    -0.71918,
    -0.0091383,
    0.99341,
    -0.11421,
    0.075618,
    0.99063,
    -0.11373,
    -0.16602,
    0.081691,
    -0.98273,
    -0.097231,
    -0.45976,
    -0.88271,
    0.33673,
    0.66087,
    -0.67072,
    0.23893,
    0.19511,
    -0.95123,
    0.28083,
    0.63952,
    -0.71564,
    -0.20806,
    0.14282,
    -0.96763,
    -0.075798,
    0.62244,
    -0.77899,
    0.12387,
    0.9843,
    -0.12575,
    0.15426,
    0.1152,
    -0.98129,
    0.60608,
    -0.16545,
    -0.77801,
    0.18396,
    0.10427,
    -0.97739,
    -0.22685,
    0.10952,
    -0.96775,
    -0.066432,
    0.98912,
    -0.13127,
    -0.26514,
    -0.0067131,
    -0.96419,
    0.32312,
    0.00034777,
    -0.94636,
    0.035093,
    0.35889,
    -0.93272,
    0.21921,
    -0.038482,
    -0.97492,
    -0.10032,
    0.27799,
    -0.95533,
    -0.73801,
    0.59375,
    -0.32064,
    -0.12387,
    0.9843,
    -0.12575
  ],
  "colors": [],
  "uvs": [
    []
  ],
  "faces": [
    34,
    0,
    1,
    2,
    0,
    0,
    1,
    2,
    34,
    3,
    4,
    5,
    0,
    3,
    4,
    5,
    34,
    6,
    7,
    8,
    0,
    6,
    7,
    8,
    34,
    2,
    9,
    0,
    0,
    2,
    9,
    0,
    34,
    1,
    10,
    5,
    0,
    1,
    10,
    5,
    34,
    11,
    12,
    13,
    0,
    11,
    12,
    13,
    34,
    14,
    7,
    15,
    0,
    14,
    7,
    15,
    34,
    13,
    16,
    11,
    0,
    13,
    16,
    11,
    34,
    17,
    18,
    19,
    0,
    17,
    18,
    19,
    34,
    20,
    0,
    9,
    0,
    20,
    0,
    9,
    34,
    18,
    17,
    2,
    0,
    18,
    17,
    2,
    34,
    7,
    6,
    15,
    0,
    7,
    6,
    15,
    34,
    6,
    12,
    15,
    0,
    6,
    12,
    15,
    34,
    7,
    14,
    21,
    0,
    7,
    14,
    21,
    34,
    2,
    1,
    18,
    0,
    2,
    1,
    18,
    34,
    5,
    12,
    1,
    0,
    5,
    12,
    1,
    34,
    1,
    0,
    10,
    0,
    1,
    0,
    10,
    34,
    3,
    5,
    10,
    0,
    3,
    5,
    10,
    34,
    4,
    3,
    22,
    0,
    4,
    3,
    22,
    34,
    10,
    0,
    3,
    0,
    10,
    0,
    3,
    34,
    18,
    12,
    23,
    0,
    18,
    12,
    23,
    34,
    1,
    12,
    18,
    0,
    1,
    12,
    18,
    34,
    12,
    11,
    23,
    0,
    12,
    11,
    23,
    34,
    24,
    2,
    17,
    0,
    24,
    2,
    17,
    34,
    25,
    2,
    24,
    0,
    25,
    2,
    24,
    34,
    5,
    15,
    12,
    0,
    5,
    15,
    12,
    34,
    15,
    5,
    4,
    0,
    15,
    5,
    4,
    34,
    9,
    2,
    26,
    0,
    9,
    2,
    26,
    34,
    0,
    27,
    3,
    0,
    0,
    27,
    3,
    34,
    20,
    27,
    0,
    0,
    20,
    27,
    0,
    34,
    14,
    28,
    21,
    0,
    14,
    28,
    21,
    34,
    24,
    17,
    25,
    0,
    24,
    17,
    25,
    34,
    4,
    28,
    14,
    0,
    4,
    28,
    14,
    34,
    4,
    14,
    15,
    0,
    4,
    14,
    15,
    34,
    8,
    13,
    6,
    0,
    8,
    13,
    6,
    34,
    6,
    13,
    12,
    0,
    6,
    13,
    12,
    34,
    8,
    16,
    13,
    0,
    8,
    16,
    13
  ]
}