{
  "metadata": {
    "formatVersion": 3.1,
    "sourceFile": "reflector.obj",
    "generatedBy": "OBJConverter",
    "vertices": 76,
    "faces": 114,
    "normals": 76,
    "colors": 0,
    "uvs": 0,
    "materials": 1
  },
  "scale": 0.5,
  "materials": [
    {
      "DbgColor": 15658734,
      "DbgIndex": 0,
      "DbgName": "Standard_22",
      "colorAmbient": [
        0.5879999995,
        0.5879999995,
        0.5879999995
      ],
      "colorDiffuse": [
        0.5879999995,
        0.5879999995,
        0.5879999995
      ],
      "colorSpecular": [
        0,
        0,
        0
      ],
      "illumination": 2,
      "opacity": 1,
      "opticalDensity": 1.5,
      "specularCoef": 10,
      "transparent": true
    }
  ],
  "vertices": [
    381,
    554,
    264,
    375,
    546,
    283,
    387,
    547,
    275,
    -387,
    547,
    275,
    -375,
    546,
    283,
    -381,
    554,
    264,
    388,
    499,
    286,
    429,
    503,
    255,
    398,
    526,
    282,
    377,
    553,
    267,
    377,
    555,
    250,
    368,
    526,
    257,
    -368,
    526,
    257,
    -377,
    555,
    250,
    -377,
    553,
    267,
    -398,
    526,
    282,
    -429,
    503,
    255,
    -388,
    499,
    286,
    429,
    528,
    259,
    -429,
    528,
    259,
    376,
    498,
    291,
    368,
    520,
    294,
    -368,
    520,
    294,
    -376,
    498,
    291,
    -437,
    545,
    233,
    -457,
    534,
    219,
    -459,
    533,
    208,
    -455,
    510,
    212,
    455,
    510,
    212,
    459,
    533,
    208,
    457,
    534,
    219,
    437,
    545,
    233,
    370,
    528,
    252,
    380,
    555,
    245,
    458,
    535,
    205,
    -458,
    535,
    205,
    -380,
    555,
    245,
    -370,
    528,
    252,
    379,
    492,
    251,
    434,
    494,
    221,
    -434,
    494,
    221,
    -379,
    492,
    251,
    -448,
    506,
    236,
    -449,
    512,
    216,
    -426,
    505,
    253,
    426,
    505,
    253,
    449,
    512,
    216,
    448,
    506,
    236,
    451,
    542,
    211,
    427,
    552,
    223,
    434,
    545,
    221,
    380,
    550,
    249,
    -451,
    542,
    211,
    -380,
    550,
    249,
    -434,
    545,
    221,
    -427,
    552,
    223,
    -379,
    507,
    254,
    -374,
    529,
    255,
    -374,
    504,
    256,
    374,
    504,
    256,
    374,
    529,
    255,
    379,
    507,
    254,
    371,
    537,
    287,
    -371,
    537,
    287,
    -449,
    531,
    236,
    449,
    531,
    236,
    -380,
    501,
    284,
    380,
    501,
    284,
    -452,
    534,
    213,
    452,
    534,
    213,
    -370,
    520,
    298,
    370,
    520,
    298,
    -441,
    546,
    212,
    441,
    546,
    212,
    -447,
    502,
    213,
    447,
    502,
    213
  ],
  "morphTargets": [],
  "morphColors": [],
  "normals": [
    0.051975,
    0.96798,
    0.24559,
    -0.29218,
    0.7264,
    0.62207,
    0.38172,
    0.70972,
    0.5921,
    -0.38172,
    0.70972,
    0.5921,
    0.29218,
    0.7264,
    0.62207,
    -0.051975,
    0.96798,
    0.24559,
    0.28452,
    -0.85852,
    0.42661,
    0.34865,
    -0.90176,
    0.25548,
    0.52819,
    0.19437,
    0.82658,
    -0.59962,
    0.77233,
    0.20965,
    -0.58681,
    0.64847,
    -0.48491,
    -0.8593,
    -0.028164,
    -0.51069,
    0.8593,
    -0.028164,
    -0.51069,
    0.58681,
    0.64847,
    -0.48491,
    0.59962,
    0.77233,
    0.20965,
    -0.52819,
    0.19437,
    0.82658,
    -0.34865,
    -0.90176,
    0.25548,
    -0.28452,
    -0.85852,
    0.42661,
    0.6441,
    0.28684,
    0.70913,
    -0.6441,
    0.28684,
    0.70913,
    -0.27192,
    -0.7938,
    0.54401,
    -0.96831,
    -0.032324,
    0.24763,
    0.96831,
    -0.032324,
    0.24763,
    0.27192,
    -0.7938,
    0.54401,
    -0.48087,
    0.78488,
    0.39081,
    -0.89637,
    0.33414,
    0.29134,
    -0.58892,
    0.14443,
    -0.79518,
    -0.37971,
    -0.65504,
    -0.65325,
    0.37971,
    -0.65504,
    -0.65325,
    0.58892,
    0.14443,
    -0.79518,
    0.89637,
    0.33414,
    0.29134,
    0.48087,
    0.78488,
    0.39081,
    -0.46838,
    -0.080079,
    -0.87989,
    -0.46867,
    -0.080323,
    -0.87971,
    -0.47006,
    -0.080833,
    -0.87893,
    0.47006,
    -0.080833,
    -0.87893,
    0.46867,
    -0.080323,
    -0.87971,
    0.46838,
    -0.080079,
    -0.87989,
    -0.46941,
    -0.078363,
    -0.8795,
    -0.4716,
    -0.071234,
    -0.87893,
    0.4716,
    -0.071234,
    -0.87893,
    0.46941,
    -0.078363,
    -0.8795,
    -0.55365,
    -0.79878,
    0.23543,
    0.52241,
    -0.64972,
    -0.55222,
    0.33218,
    -0.80348,
    -0.49403,
    -0.33218,
    -0.80348,
    -0.49403,
    -0.52241,
    -0.64972,
    -0.55222,
    0.55365,
    -0.79878,
    0.23543,
    0.16751,
    0.69012,
    -0.70404,
    -0.12574,
    0.75544,
    -0.64304,
    -0.50071,
    -0.26387,
    -0.82441,
    -0.45127,
    -0.1396,
    -0.8814,
    -0.16751,
    0.69012,
    -0.70404,
    0.45127,
    -0.1396,
    -0.8814,
    0.50071,
    -0.26387,
    -0.82441,
    0.12574,
    0.75544,
    -0.64304,
    -0.0091014,
    -0.52082,
    -0.85362,
    0.31395,
    -0.11708,
    -0.94219,
    0.41858,
    -0.71638,
    -0.5582,
    -0.41858,
    -0.71638,
    -0.5582,
    -0.31395,
    -0.11708,
    -0.94219,
    0.0091014,
    -0.52082,
    -0.85362,
    -0.70536,
    0.47147,
    0.52932,
    0.70536,
    0.47147,
    0.52932,
    -0.77244,
    0.29348,
    0.56321,
    0.77244,
    0.29347,
    0.56321,
    -0.090999,
    -0.93165,
    -0.35178,
    0.090999,
    -0.93165,
    -0.35178,
    0.54382,
    -0.14449,
    -0.82667,
    -0.54382,
    -0.14449,
    -0.82667,
    0.33403,
    0.030223,
    0.94208,
    -0.33403,
    0.030223,
    0.94208,
    0.47207,
    -0.10198,
    -0.87564,
    -0.47207,
    -0.10198,
    -0.87564,
    0.46461,
    -0.076651,
    -0.88219,
    -0.46461,
    -0.076651,
    -0.88219
  ],
  "colors": [],
  "uvs": [
    []
  ],