{
  "metadata": {
    "formatVersion": 3.1,
    "sourceFile": "roof.obj",
    "generatedBy": "OBJConverter",
    "vertices": 62,
    "faces": 112,
    "normals": 124,
    "colors": 0,
    "uvs": 0,
    "materials": 1
  },
  "scale": 0.5,
  "materials": [
    {
      "DbgColor": 15658734,
      "DbgIndex": 0,
      "DbgName": "_roofMaterial__296",
      "colorAmbient": [
        0.2745098174,
        0.2745098174,
        0.2745098174
      ],
      "colorDiffuse": [
        0.2745098174,
        0.2745098174,
        0.2745098174
      ],
      "colorSpecular": [
        0.3239999712,
        0.3239999712,
        0.3239999712
      ],
      "illumination": 2,
      "opacity": 1,
      "opticalDensity": 1.5,
      "specularCoef": 19,
      "transparent": true
    }
  ],
  "vertices": [
    240,
    708,
    -302,
    98,
    701,
    -470,
    183,
    715,
    -126,
    -243,
    692,
    -467,
    -182,
    714,
    -302,
    255,
    683,
    64,
    249,
    695,
    5,
    -50,
    714,
    -47,
    -98,
    675,
    -614,
    -249,
    695,
    5,
    -255,
    683,
    64,
    -242,
    708,
    -100,
    240,
    711,
    -196,
    239,
    710,
    -247,
    49,
    675,
    -616,
    245,
    661,
    -589,
    -49,
    670,
    -606,
    0,
    675,
    -616,
    -100,
    679,
    125,
    -50,
    679,
    127,
    50,
    679,
    127,
    100,
    679,
    125,
    191,
    676,
    117,
    260,
    667,
    93,
    -191,
    676,
    117,
    -260,
    667,
    93,
    183,
    672,
    -608,
    143,
    673,
    -612,
    243,
    692,
    -467,
    242,
    699,
    -412,
    240,
    702,
    -127,
    242,
    708,
    -100,
    244,
    703,
    -48,
    -240,
    702,
    -127,
    -244,
    703,
    -48,
    -143,
    673,
    -612,
    -183,
    672,
    -608,
    -242,
    699,
    -412,
    -245,
    661,
    -589,
    -239,
    710,
    -247,
    -240,
    711,
    -196,
    -240,
    698,
    -356,
    240,
    698,
    -356,
    -240,
    708,
    -302,
    98,
    675,
    -614,
    -148,
    678,
    121,
    148,
    678,
    121,
    246,
    673,
    -565,
    215,
    669,
    -604,
    244,
    682,
    -520,
    -244,
    682,
    -520,
    -215,
    669,
    -604,
    -246,
    673,
    -565,
    240,
    711,
    -156,
    -240,
    711,
    -156,
    0,
    675,
    118,
    261,
    672,
    103,
    226,
    674,
    111,
    -261,
    672,
    103,
    -226,
    674,
    111,
    246,
    666,
    -598,
    -246,
    666,
    -598
  ],
  "morphTargets": [],
  "morphColors": [],
  "normals": [
    0.14517,
    0.98828,
    -0.047221,
    0.026243,
    0.98819,
    -0.15098,
    0.064973,
    0.99704,
    0.041156,
    -0.14502,
    0.97784,
    -0.15099,
    -0.065664,
    0.99677,
    -0.046171,
    0.13742,
    0.96827,
    0.20872,
    0.14391,
    0.97741,
    0.15482,
    -0.014508,
    0.99444,
    0.10429,
    -0.024583,
    0.98044,
    -0.1953,
    -0.14391,
    0.97741,
    0.15482,
    -0.13742,
    0.96827,
    0.20872,
    -0.14386,
    0.98686,
    0.073523,
    0.14347,
    0.98965,
    -0.0017477,
    0.14404,
    0.98935,
    -0.020811,
    0.0032966,
    -0.86463,
    -0.5024,
    0.02305,
    -0.89372,
    -0.44803,
    -0.0022943,
    -0.89198,
    -0.45207,
    -1e-10,
    0.98004,
    -0.19881,
    -0.0094099,
    0.98028,
    -0.19737,
    -0.031912,
    0.96282,
    0.26827,
    -0.0164,
    0.9625,
    0.27079,
    0.0164,
    0.9625,
    0.27079,
    0.031912,
    0.96282,
    0.26827,
    0.077126,
    0.96156,
    0.26355,
    0.052919,
    -0.91143,
    0.40804,
    0.01468,
    -0.88608,
    0.4633,
    0.008359,
    -0.88637,
    0.46291,
    -0.077126,
    0.96156,
    0.26355,
    -0.008359,
    -0.88637,
    0.46291,
    -0.01468,
    -0.88608,
    0.4633,
    -0.052919,
    -0.91143,
    0.40804,
    0.07886,
    0.9775,
    -0.19562,
    0.047633,
    0.9797,
    -0.19472,
    0.98097,
    -0.19407,
    -0.0065179,
    0.99964,
    -0.011991,
    0.02416,
    0.99964,
    -0.016304,
    0.021135,
    0.99473,
    0.00040351,
    -0.10251,
    0.99732,
    -0.020621,
    -0.070212,
    0.99412,
    -0.10506,
    -0.026082,
    0.14386,
    0.98686,
    0.073523,
    0.14601,
    0.98301,
    0.1112,
    -0.99412,
    -0.10506,
    -0.026082,
    -0.99732,
    -0.020621,
    -0.070212,
    -0.99473,
    0.0004035,
    -0.10251,
    -0.14601,
    0.98301,
    0.1112,
    -0.047633,
    0.9797,
    -0.19472,
    -0.07886,
    0.9775,
    -0.19562,
    -0.99964,
    -0.016304,
    0.021135,
    -0.99964,
    -0.011991,
    0.02416,
    -0.98097,
    -0.19407,
    -0.0065179,
    -0.14404,
    0.98935,
    -0.020811,
    -0.14347,
    0.98965,
    -0.0017477,
    -0.14633,
    0.98591,
    -0.081047,
    0.14633,
    0.98591,
    -0.081046,
    0.99385,
    -0.10751,
    0.026576,
    0.99989,
    -0.014932,
    -0.0010673,
    0.99983,
    -0.014335,
    -0.011227,
    -0.14517,
    0.98828,
    -0.047221,
    -0.99983,
    -0.014335,
    -0.011227,
    -0.99989,
    -0.014933,
    -0.0010673,
    -0.99385,
    -0.10751,
    0.026576,
    0.0054779,
    -0.86435,
    -0.50286,
    0.024583,
    0.98044,
    -0.1953,
    0.0094099,
    0.98028,
    -0.19737,
    -0.02305,
    -0.89372,
    -0.44803,
    -0.0054779,
    -0.86435,
    -0.50286,
    -0.050484,
    0.96282,
    0.26539,
    -0.019959,
    -0.8856,
    0.46401,
    -0.026155,
    -0.8841,
    0.46656,
    0.050484,
    0.96282,
    0.26539,
    0.026155,
    -0.8841,
    0.46656,
    0.019959,
    -0.8856,
    0.46401,
    0.006095,
    -0.86416,
    -0.50317,
    0.004837,
    -0.86304,
    -0.50511,
    0.14909,
    0.96996,
    -0.19224,
    0.11096,
    0.97387,
    -0.19814,
    0.14553,
    0.97334,
    -0.17727,
    -0.004837,
    -0.86304,
    -0.50511,
    -0.006095,
    -0.86416,
    -0.50317,
    -0.14553,
    0.97334,
    -0.17727,
    -0.11096,
    0.97387,
    -0.19814,
    -0.14909,
    0.96996,
    -0.19224,
    0.99975,
    -0.013734,
    -0.017819,
    0.14312,
    0.98884,
    0.041482,
    0.14308,
    0.98957,
    0.016742,
    -0.14308,
    0.98957,
    0.016742,
    -0.14312,
    0.98884,
    0.041482,
    -0.99975,
    -0.013734,
    -0.017819,
    -3e-10,
    -0.91163,
    0.41101,
    -1e-9,
    0.96232,
    0.27192,
    0.99961,
    0.0068479,
    0.027197,
    -0.14624,
    0.98225,
    -0.1175,
    0.14624,
    0.98225,
    -0.1175,
    0.068246,
    -0.87653,
    0.47649,
    0.032707,
    -0.88133,
    0.47136,
    0.10436,
    0.95891,
    0.26382,
    0.1196,
    0.95671,
    0.26532,
    -0.1196,
    0.95671,
    0.26532,
    -0.10436,
    0.95891,
    0.26382,
    -0.032707,
    -0.88133,
    0.47136,
    -0.068246,
    -0.87653,
    0.47649,
    0.99782,
    -0.0099959,
    -0.065287,
    -0.99782,
    -0.0099956,
    -0.065287,
    0.99982,
    -0.015507,
    0.011309,
    -0.99961,
    0.0068477,
    0.027197,
    -0.99982,
    -0.015507,
    0.011309,
    0,
    -0.86486,
    -0.50202,
    0.1282,
    0.97116,
    -0.201,
    0.0032874,
    -0.86053,
    -0.50939,
    0.036697,
    -0.85722,
    -0.51364,
    -0.1282,
    0.97116,
    -0.201,
    -0.036697,
    -0.85722,
    -0.51364,
    -0.0032874,
    -0.86053,
    -0.50939,
    0.9911,
    0.071151,
    -0.11251,
    0.97982,
    0.18339,
    -0.079484,
    -0.97982,
    0.18339,
    -0.079484,
    -0.9911,
    0.071152,
    -0.11251,
    0.99938,
    -0.013228,
    -0.032524,
    -0.99938,
    -0.013228,
    -0.032524,
    0.14502,
    0.97784,
    -0.15099,
    0.99896,
    0.037625,
    0.025765,
    0.99885,
    0.044238,
    0.018692,
    -0.99896,
    0.037625,
    0.025765,
    -0.99885,
    0.044238,
    0.018692
  ],
  "colors": [],
  "uvs": [
    []
  ],