{
  "metadata": {
    "formatVersion": 3.1,
    "sourceFile": "sideskirt.obj",
    "generatedBy": "OBJConverter",
    "vertices": 86,
    "faces": 88,
    "normals": 84,
    "colors": 0,
    "uvs": 57,
    "materials": 1
  },
  "scale": 0.5,
  "materials": [
    {
      "DbgColor": 15658734,
      "DbgIndex": 0,
      "DbgName": "Material__296",
      "colorAmbient": [
        0.2745098174,
        0.2745098174,
        0.2745098174
      ],
      "colorDiffuse": [
        0.2745098174,
        0.2745098174,
        0.2745098174
      ],
      "colorSpecular": [
        0.3239999712,
        0.3239999712,
        0.3239999712
      ],
      "illumination": 2,
      "opacity": 1,
      "opticalDensity": 1.5,
      "specularCoef": 19,
      "transparent": true,
      "shading": "phong"
    }
  ],
  "vertices": [
    358,
    84,
    511,
    358,
    84,
    302,
    374,
    84,
    302,
    374,
    84,
    511,
    389,
    84,
    302,
    386,
    84,
    511,
    405,
    93,
    302,
    405,
    112,
    511,
    358,
    84,
    -391,
    374,
    84,
    -391,
    389,
    84,
    -391,
    405,
    93,
    -391,
    358,
    84,
    -514,
    374,
    84,
    -514,
    389,
    84,
    -514,
    405,
    112,
    -514,
    358,
    97,
    511,
    374,
    97,
    511,
    374,
    97,
    302,
    358,
    97,
    302,
    389,
    97,
    511,
    389,
    97,
    302,
    405,
    117,
    511,
    405,
    97,
    302,
    405,
    97,
    302,
    389,
    101,
    511,
    374,
    97,
    -391,
    358,
    97,
    -391,
    389,
    97,
    -391,
    405,
    97,
    -391,
    374,
    103,
    -514,
    358,
    97,
    -514,
    389,
    103,
    -514,
    405,
    117,
    -514,
    405,
    113,
    511,
    405,
    115,
    511,
    405,
    93,
    302,
    405,
    96,
    302,
    405,
    97,
    302,
    405,
    93,
    -391,
    405,
    96,
    -391,
    405,
    113,
    -514,
    405,
    116,
    -514,
    -358,
    84,
    511,
    -374,
    84,
    511,
    -374,
    84,
    302,
    -358,
    84,
    302,
    -386,
    84,
    511,
    -389,
    84,
    302,
    -405,
    112,
    511,
    -405,
    93,
    302,
    -374,
    84,
    -391,
    -358,
    84,
    -391,
    -389,
    84,
    -391,
    -405,
    93,
    -391,
    -374,
    84,
    -514,
    -358,
    84,
    -514,
    -389,
    84,
    -514,
    -405,
    112,
    -514,
    -358,
    97,
    511,
    -358,
    97,
    302,
    -374,
    97,
    302,
    -374,
    97,
    511,
    -389,
    97,
    302,
    -389,
    97,
    511,
    -389,
    101,
    511,
    -405,
    97,
    302,
    -405,
    117,
    511,
    -405,
    97,
    302,
    -358,
    97,
    -391,
    -374,
    97,
    -391,
    -389,
    97,
    -391,
    -405,
    97,
    -391,
    -358,
    97,
    -514,
    -374,
    103,
    -514,
    -389,
    103,
    -514,
    -405,
    117,
    -514,
    -405,
    115,
    511,
    -405,
    113,
    511,
    -405,
    97,
    302,
    -405,
    93,
    302,
    -405,
    96,
    302,
    -405,
    96,
    -391,
    -405,
    93,
    -391,
    -405,
    116,
    -514,
    -405,
    113,
    -514
  ],
  "morphTargets": [],
  "morphColors": [],
  "normals": [
    0,
    -1,
    0,
    0.079932,
    -0.9968,
    0.00067158,
    0.19083,
    -0.98155,
    0.011687,
    0.16583,
    -0.98615,
    0.0019987,
    0.38878,
    -0.92101,
    0.024161,
    0.086688,
    -0.99618,
    -0.010481,
    0.15848,
    -0.9871,
    -0.022864,
    0.24201,
    -0.97027,
    0,
    0.44643,
    -0.89481,
    -0.0036806,
    0,
    1,
    0,
    0,
    1,
    -2e-10,
    0,
    1,
    -0.0014713,
    -0.28564,
    0.95797,
    -0.026587,
    -0.01075,
    0.99955,
    -0.027968,
    -0.0077652,
    0.99993,
    -0.0083558,
    -0.27301,
    0.96167,
    -0.025672,
    0,
    0.99997,
    0.0078006,
    -0.0049403,
    0.99996,
    0.0071797,
    -0.0048655,
    0.99988,
    0.014875,
    0,
    0.99973,
    0.02316,
    -0.056783,
    0.99835,
    0.0084401,
    -0.12319,
    0.99238,
    0,
    -0.12103,
    0.99253,
    0.015486,
    -0.22151,
    0.975,
    0.017646,
    0,
    0,
    1,
    0.9374,
    -0.34822,
    0.0047289,
    1,
    0,
    -1.1e-9,
    1,
    0,
    0,
    0.99312,
    -0.11711,
    0.0028917,
    0.9367,
    -0.35004,
    -0.0081552,
    1,
    0,
    -1.4e-9,
    0.96559,
    -0.25978,
    -0.012126,
    0,
    0,
    -1,
    -1,
    0,
    0,
    -1,
    0,
    -1.4e-9,
    0.57088,
    0.56919,
    -0.59171,
    0.56974,
    0.56974,
    -0.59228,
    0.85597,
    0.35843,
    -0.37262,
    0.76121,
    -0.64845,
    0.0086897,
    0.97169,
    -0.23621,
    0.0058314,
    0.76101,
    -0.64857,
    -0.014776,
    0.85686,
    -0.51499,
    -0.024039,
    0.70711,
    0.70711,
    -2.2e-9,
    0.70701,
    0.70701,
    0.016322,
    0.70696,
    0.70705,
    0.016669,
    0.61613,
    0.7868,
    0.036498,
    0.61602,
    0.78688,
    0.036502,
    -0.19083,
    -0.98155,
    0.011687,
    -0.079932,
    -0.9968,
    0.00067158,
    -0.38878,
    -0.92101,
    0.024161,
    -0.16582,
    -0.98615,
    0.0019987,
    -0.086688,
    -0.99618,
    -0.010481,
    -0.15848,
    -0.9871,
    -0.022864,
    -0.24201,
    -0.97027,
    0,
    -0.44643,
    -0.89481,
    -0.0036806,
    0,
    1,
    -0.0014713,
    0.27301,
    0.96167,
    -0.025672,
    0.0077647,
    0.99993,
    -0.0083564,
    0.28564,
    0.95797,
    -0.026587,
    0.010747,
    0.99955,
    -0.027968,
    0.0049403,
    0.99996,
    0.0071797,
    0,
    0.99997,
    0.0078006,
    0.0048655,
    0.99988,
    0.014875,
    0,
    0.99973,
    0.02316,
    0.12319,
    0.99238,
    0,
    0.056783,
    0.99835,
    0.0084401,
    0.12103,
    0.99253,
    0.015486,
    0.22151,
    0.975,
    0.017646,
    -0.99312,
    -0.11708,
    0.002891,
    -0.9374,
    -0.34822,
    0.004729,
    -0.9367,
    -0.35004,
    -0.0081552,
    -0.96559,
    -0.25978,
    -0.012126,
    -0.57082,
    0.56922,
    -0.59174,
    -0.85591,
    0.3585,
    -0.37268,
    -0.56963,
    0.56979,
    -0.59234,
    -0.76121,
    -0.64845,
    0.0086897,
    -0.9717,
    -0.23616,
    0.0058303,
    -0.76101,
    -0.64857,
    -0.014776,
    -0.85686,
    -0.51499,
    -0.024039,
    -0.70701,
    0.7072,
    0,
    -0.70687,
    0.70715,
    0.016672,
    -0.70691,
    0.70711,
    0.016324,
    -0.61603,
    0.78688,
    0.036502,
    -0.61614,
    0.78679,
    0.036498
  ],
  "colors": [],