{
  "metadata": {
    "formatVersion": 3.1,
    "sourceFile": "sideskirt.obj",
    "generatedBy": "OBJConverter",
    "vertices": 17,
    "faces": 26,
    "normals": 30,
    "colors": 0,
    "uvs": 0,
    "materials": 1
  },
  "scale": 0.5,
  "materials": [
    {
      "DbgColor": 15658734,
      "DbgIndex": 0,
      "DbgName": "_sideskirtMaterial__296",
      "colorAmbient": [
        0.2745098174,
        0.2745098174,
        0.2745098174
      ],
      "colorDiffuse": [
        0.2745098174,
        0.2745098174,
        0.2745098174
      ],
      "colorSpecular": [
        0.3239999712,
        0.3239999712,
        0.3239999712
      ],
      "illumination": 2,
      "opacity": 1,
      "opticalDensity": 1.5,
      "specularCoef": 19,
      "transparent": true
    }
  ],
  "vertices": [
    405,
    96,
    -391,
    405,
    97,
    302,
    386,
    84,
    511,
    358,
    97,
    302,
    -405,
    96,
    -391,
    -405,
    97,
    302,
    -358,
    97,
    302,
    -386,
    84,
    511,
    389,
    84,
    -514,
    405,
    116,
    -514,
    -358,
    84,
    -514,
    -405,
    116,
    -514,
    -358,
    84,
    -391,
    358,
    97,
    -391,
    -405,
    113,
    511,
    405,
    113,
    511,
    358,
    84,
    -514
  ],
  "morphTargets": [],
  "morphColors": [],
  "normals": [
    0.15848,
    -0.9871,
    -0.022864,
    0.16583,
    -0.98615,
    0.0019987,
    0.19083,
    -0.98155,
    0.011687,
    0,
    1,
    -2e-10,
    -0.01075,
    0.99955,
    -0.027968,
    0,
    0.99973,
    0.02316,
    0,
    0.99973,
    0.02316,
    0.010747,
    0.99955,
    -0.027968,
    0,
    1,
    0,
    -0.19083,
    -0.98155,
    0.011687,
    -0.16582,
    -0.98615,
    0.0019987,
    -0.15848,
    -0.9871,
    -0.022864,
    0,
    -1,
    0,
    0.24201,
    -0.97027,
    0,
    0.44643,
    -0.89481,
    -0.0036806,
    -0.22151,
    0.975,
    0.017646,
    -0.12103,
    0.99253,
    0.015486,
    0.12319,
    0.99238,
    0,
    0.22151,
    0.975,
    0.017646,
    -0.44643,
    -0.89481,
    -0.0036806,
    -0.24201,
    -0.97027,
    0,
    0.0049403,
    0.99996,
    0.0071797,
    -0.0049403,
    0.99996,
    0.0071797,
    -0.38878,
    -0.92101,
    0.024161,
    0.28564,
    0.95797,
    -0.026587,
    0.27301,
    0.96167,
    -0.025672,
    0.38878,
    -0.92101,
    0.024161,
    -0.27301,
    0.96167,
    -0.025672,
    -0.28564,
    0.95797,
    -0.026587,
    -0.12319,
    0.99238,
    0
  ],
  "colors": [],
  "uvs": [
    []
  ],
  "faces": [
    34,
    0,
    1,
    2,
    0,
    0,
    1,
    2,
    34,
    3,
    1,
    0,
    0,
    3,
    4,
    5,
    34,
    4,
    5,
    6,
    0,
    6,
    7,
    8,
    34,
    7,
    5,
    4,
    0,
    9,
    10,
    11,
    34,
    6,
    7,
    4,
    0,
    12,
    12,
    11,
    34,
    7,
    6,
    5,
    0,
    8,
    8,
    7,
    34,
    0,
    2,
    3,
    0,
    0,
    2,
    12,
    34,
    1,
    3,
    2,
    0,
    4,
    3,
    8,
    34,
    0,
    8,
    9,
    0,
    0,
    13,
    14,
    34,
    9,
    8,
    0,
    0,
    15,
    16,
    5,
    34,
    4,
    10,
    11,
    0,
    6,
    17,
    18,
    34,
    11,
    10,
    4,
    0,
    19,
    20,
    11,
    34,
    4,
    12,
    6,
    0,
    11,
    12,
    12,
    34,
    10,
    4,
    12,
    0,
    17,
    6,
    21,
    34,
    6,
    12,
    4,
    0,
    8,
    21,
    6,
    34,
    12,
    4,
    10,
    0,
    12,
    11,
    12,
    34,
    8,
    0,
    13,
    0,
    12,
    0,
    12,
    34,
    13,
    0,
    8,
    0,
    22,
    5,
    16,
    34,
    0,
    13,
    3,
    0,
    5,
    22,
    3,
    34,
    3,
    13,
    0,
    0,
    12,
    12,
    0,
    34,
    7,
    14,
    5,
    0,
    9,
    23,
    10,
    34,
    5,
    14,
    7,
    0,
    7,
    24,
    25,
    34,
    1,
    15,
    2,
    0,
    1,
    26,
    2,
    34,
    1,
    2,
    15,
    0,
    4,
    27,
    28,
    34,
    8,
    16,
    13,
    0,
    16,
    29,
    22,
    34,
    13,
    16,
    8,
    0,
    12,
    12,
    12
  ]
}