{
  "metadata": {
    "formatVersion": 3.1,
    "sourceFile": "spoiler.obj",
    "generatedBy": "OBJConverter",
    "vertices": 36,
    "faces": 68,
    "normals": 88,
    "colors": 0,
    "uvs": 0,
    "materials": 1
  },
  "scale": 0.5,
  "materials": [
    {
      "DbgColor": 15658734,
      "DbgIndex": 0,
      "DbgName": "_spoilerMaterial__296",
      "colorAmbient": [
        0.987,
        0.987,
        0.987
      ],
      "colorDiffuse": [
        0.987,
        0.987,
        0.987
      ],
      "colorSpecular": [
        0.936,
        0.936,
        0.936
      ],
      "illumination": 2,
      "opacity": 1,
      "opticalDensity": 1.5,
      "specularCoef": 20,
      "transparent": true
    }
  ],
  "vertices": [
    -236,
    530,
    -1171,
    -236,
    538,
    -1201,
    -287,
    530,
    -1182,
    -236,
    531,
    -1193,
    -183,
    541,
    -1211,
    -183,
    534,
    -1180,
    -82,
    538,
    -1192,
    -183,
    535,
    -1202,
    82,
    538,
    -1192,
    183,
    534,
    -1180,
    183,
    541,
    -1211,
    183,
    535,
    -1202,
    287,
    530,
    -1182,
    236,
    537,
    -1201,
    236,
    530,
    -1171,
    236,
    531,
    -1191,
    0,
    546,
    -1226,
    0,
    538,
    -1195,
    34,
    536,
    -1195,
    -34,
    536,
    -1195,
    -82,
    541,
    -1214,
    -87,
    539,
    -1213,
    -34,
    539,
    -1213,
    -87,
    546,
    -1221,
    -34,
    546,
    -1225,
    87,
    539,
    -1213,
    87,
    546,
    -1221,
    0,
    539,
    -1213,
    34,
    546,
    -1225,
    34,
    539,
    -1213,
    -296,
    528,
    -1161,
    296,
    528,
    -1161,
    -81,
    532,
    -1173,
    -87,
    532,
    -1194,
    87,
    532,
    -1194,
    81,
    532,
    -1173
  ],
  "morphTargets": [],
  "morphColors": [],
  "normals": [
    -0.03571,
    0.99203,
    0.12082,
    -0.014409,
    0.95774,
    0.28728,
    -0.01128,
    0.97831,
    0.20684,
    -0.37934,
    -0.80142,
    -0.46241,
    0.035656,
    -0.96109,
    -0.27392,
    0.053825,
    -0.97567,
    -0.21255,
    -0.023756,
    0.95765,
    0.28695,
    -0.046043,
    0.99209,
    0.11681,
    -0.011624,
    0.99532,
    0.095919,
    0.022828,
    -0.97724,
    -0.2109,
    0.034723,
    -0.97691,
    -0.21083,
    0.026354,
    -0.96222,
    -0.27101,
    0.011627,
    0.99532,
    0.095919,
    0.046043,
    0.99209,
    0.11681,
    0.023757,
    0.95765,
    0.28695,
    -0.026355,
    -0.96222,
    -0.271,
    -0.034723,
    -0.97691,
    -0.21083,
    -0.022827,
    -0.97724,
    -0.2109,
    0.01128,
    0.97831,
    0.20684,
    0.014403,
    0.95773,
    0.28732,
    0.03571,
    0.99203,
    0.12082,
    -0.053826,
    -0.97567,
    -0.21255,
    -0.052901,
    -0.97638,
    -0.20949,
    0.37934,
    -0.80142,
    -0.46241,
    -3.47e-8,
    0.95793,
    0.28702,
    -2.845e-7,
    0.99314,
    0.11693,
    -0.0025622,
    0.99314,
    0.11693,
    0.0025619,
    0.99314,
    0.11693,
    0.0048168,
    0.95791,
    0.28704,
    0.23836,
    -0.84184,
    -0.48425,
    0.015649,
    -0.9799,
    -0.19889,
    -0.0056209,
    -0.96671,
    -0.2558,
    0.0056211,
    -0.96671,
    -0.2558,
    -0.2335,
    -0.87275,
    -0.42869,
    -0.011096,
    -0.96667,
    -0.25579,
    0.038257,
    0.67067,
    0.74077,
    0.035402,
    0.67073,
    0.74085,
    0.015902,
    0.67108,
    0.74122,
    0.041572,
    0.67056,
    0.74069,
    -0.23837,
    -0.84183,
    -0.48426,
    0.011096,
    -0.96667,
    -0.25579,
    -0.0048127,
    0.95791,
    0.28701,
    0.23353,
    -0.87273,
    -0.42873,
    0.0061299,
    0.9579,
    0.28704,
    -7.7e-9,
    -0.51765,
    -0.85559,
    1.77e-7,
    -0.94084,
    -0.33884,
    -0.0061295,
    0.95791,
    0.287,
    -0.0031509,
    -0.8105,
    -0.58572,
    -0.0094158,
    -0.85572,
    -0.51735,
    0.029829,
    -0.072355,
    -0.99693,
    0.020442,
    -0.79551,
    -0.6056,
    0.079711,
    -0.077418,
    -0.99381,
    -0.07971,
    -0.077448,
    -0.9938,
    0.0031508,
    -0.81051,
    -0.58572,
    -0.020441,
    -0.79551,
    -0.60559,
    -0.029829,
    -0.072335,
    -0.99693,
    -0.022472,
    0.98657,
    0.16178,
    -0.41312,
    -0.79369,
    -0.44653,
    0.022472,
    0.98657,
    0.16178,
    0.41313,
    -0.79369,
    -0.44653,
    -0.99946,
    -0.030612,
    0.011986,
    -0.92049,
    -0.38391,
    -0.072884,
    -0.99672,
    -0.079378,
    -0.01598,
    0.99971,
    0.016846,
    -0.01734,
    0.9996,
    0.022663,
    -0.016832,
    0.99665,
    0.081029,
    0.010896,
    -0.015649,
    -0.9799,
    -0.19888,
    -0.019941,
    -0.98373,
    -0.17857,
    -0.99971,
    0.016846,
    -0.01734,
    -0.99665,
    0.081029,
    0.010896,
    -0.9996,
    0.022663,
    -0.016832,
    0.99673,
    -0.079261,
    -0.015923,
    0.92048,
    -0.38393,
    -0.07289,
    0.99946,
    -0.030616,
    0.011985,
    0,
    -0.96673,
    -0.25581,
    0.0094161,
    -0.85572,
    -0.51735,
    -0.99903,
    -0.043928,
    -0.000051005,
    0.99678,
    0.077574,
    0.020527,
    0.99903,
    -0.043928,
    -0.000050804,
    -0.99678,
    0.077549,
    0.02052,
    0.10668,
    -0.59812,
    -0.79427,
    0.049147,
    -0.79141,
    -0.60931,
    0.17882,
    -0.084711,
    -0.98023,
    0.1032,
    -0.077438,
    -0.99164,
    -0.17883,
    -0.084689,
    -0.98023,
    -0.049147,
    -0.79141,
    -0.60931,
    -0.10668,
    -0.59813,
    -0.79427,
    -0.1032,
    -0.07744,
    -0.99164
  ],
  "colors": [],
  "uvs": [
    []
  ],