{
  "metadata": {
    "formatVersion": 3.1,
    "sourceFile": "hood.obj",
    "generatedBy": "OBJConverter",
    "vertices": 47,
    "faces": 75,
    "normals": 47,
    "colors": 0,
    "uvs": 0,
    "materials": 1
  },
  "scale": 0.5,
  "materials": [
    {
      "DbgColor": 15658734,
      "DbgIndex": 0,
      "DbgName": "Standard_15",
      "colorAmbient": [
        0.987,
        0.987,
        0.987
      ],
      "colorDiffuse": [
        0.987,
        0.987,
        0.987
      ],
      "colorSpecular": [
        0.936,
        0.936,
        0.936
      ],
      "illumination": 2,
      "opacity": 1,
      "opticalDensity": 1.5,
      "specularCoef": 20,
      "transparent": true
    }
  ],
  "vertices": [
    -21,
    437,
    863,
    -239,
    440,
    821,
    -223,
    402,
    927,
    -19,
    375,
    1004,
    223,
    402,
    927,
    62,
    416,
    919,
    239,
    440,
    821,
    342,
    417,
    807,
    -342,
    417,
    807,
    -333,
    391,
    890,
    -90,
    337,
    1059,
    -197,
    344,
    1016,
    -18,
    334,
    1054,
    0,
    334,
    1069,
    197,
    344,
    1016,
    90,
    337,
    1059,
    333,
    391,
    890,
    345,
    437,
    746,
    258,
    474,
    672,
    0,
    474,
    709,
    -69,
    474,
    705,
    67,
    458,
    785,
    -215,
    383,
    968,
    -321,
    362,
    956,
    -197,
    344,
    1031,
    215,
    383,
    968,
    197,
    344,
    1031,
    321,
    362,
    956,
    -204,
    472,
    679,
    -337,
    478,
    595,
    -258,
    474,
    672,
    -278,
    472,
    650,
    162,
    474,
    690,
    337,
    478,
    595,
    -345,
    437,
    746,
    -249,
    459,
    746,
    278,
    475,
    650,
    296,
    472,
    637,
    204,
    472,
    679,
    320,
    360,
    949,
    -320,
    360,
    949,
    343,
    473,
    605,
    -337,
    475,
    595,
    -343,
    473,
    605,
    -343,
    471,
    605,
    345,
    466,
    621,
    337,
    475,
    595
  ],
  "morphTargets": [],
  "morphColors": [],
  "normals": [
    -0.017376,
    0.9483,
    0.31691,
    -0.14105,
    0.94153,
    0.30598,
    -0.1419,
    0.90671,
    0.39716,
    -0.011756,
    0.87805,
    0.47842,
    0.14574,
    0.90507,
    0.39951,
    0.02756,
    0.92061,
    0.38951,
    0.1451,
    0.9428,
    0.30012,
    0.28554,
    0.9022,
    0.32326,
    -0.28546,
    0.90221,
    0.32331,
    -0.87979,
    0.39482,
    0.26476,
    -0.19168,
    -0.28911,
    0.93791,
    -0.12067,
    -0.99253,
    0.017866,
    -0.034703,
    -0.99834,
    0.045926,
    -0.0015415,
    0.74035,
    0.67221,
    0.12096,
    -0.99252,
    0.016559,
    0.15682,
    -0.31727,
    0.93528,
    0.87979,
    0.39482,
    0.26476,
    0.90847,
    0.39691,
    0.13094,
    0.070096,
    0.98744,
    0.14159,
    -0.0019865,
    0.97941,
    0.20188,
    -0.012201,
    0.99795,
    0.062841,
    0.023025,
    0.9692,
    0.24518,
    -0.14481,
    0.85919,
    0.49074,
    -0.74877,
    -0.076827,
    0.65837,
    -0.35882,
    -0.26115,
    0.89613,
    0.14172,
    0.86017,
    0.48993,
    0.35882,
    -0.26115,
    0.89613,
    0.74877,
    -0.076827,
    0.65837,
    0.11452,
    0.76341,
    -0.63568,
    -0.16688,
    0.6633,
    -0.72951,
    -0.036694,
    0.99746,
    0.06104,
    0.49829,
    0.71264,
    -0.49382,
    0.000062425,
    0.9974,
    -0.072058,
    0.14846,
    0.66537,
    -0.7316,
    -0.94081,
    0.32109,
    0.10856,
    -0.12111,
    0.96288,
    0.24124,
    -0.13556,
    0.96587,
    -0.2207,
    -0.57318,
    -0.47792,
    -0.66563,
    -0.10703,
    0.83174,
    -0.54476,
    0.76956,
    -0.63388,
    0.077224,
    -0.76956,
    -0.63388,
    0.077224,
    0.94954,
    0.21106,
    -0.23201,
    -0.23325,
    -0.0048497,
    -0.97241,
    -0.83138,
    0.5497,
    -0.081469,
    -0.97677,
    0.018841,
    -0.21347,
    0.92085,
    0.38381,
    0.068747,
    0.19719,
    -0.10186,
    -0.97506
  ],
  "colors": [],
  "uvs": [
    []
  ],