{
  "metadata": {
    "formatVersion": 3.1,
    "sourceFile": "lens.obj",
    "generatedBy": "OBJConverter",
    "vertices": 39,
    "faces": 41,
    "normals": 39,
    "colors": 0,
    "uvs": 0,
    "materials": 1
  },
  "scale": 0.5,
  "materials": [
    {
      "DbgColor": 15658734,
      "DbgIndex": 0,
      "DbgName": "Standard_15",
      "colorAmbient": [
        0.2431,
        0.2863,
        0.4353
      ],
      "colorDiffuse": [
        0.2431,
        0.2863,
        0.4353
      ],
      "colorSpecular": [
        0.792,
        0.792,
        0.792
      ],
      "illumination": 2,
      "opacity": 1,
      "opticalDensity": 1.5,
      "specularCoef": 39,
      "transparent": true
    }
  ],
  "vertices": [
    405,
    333,
    873,
    375,
    352,
    922,
    335,
    304,
    973,
    289,
    483,
    -1061,
    376,
    455,
    -933,
    361,
    441,
    -1044,
    -359,
    441,
    -1044,
    -374,
    455,
    -933,
    -287,
    483,
    -1061,
    -375,
    352,
    922,
    -259,
    287,
    1040,
    -245,
    350,
    996,
    -152,
    360,
    -1116,
    -337,
    369,
    -1065,
    -274,
    435,
    -1083,
    276,
    435,
    -1083,
    338,
    369,
    -1065,
    154,
    360,
    -1116,
    -217,
    290,
    1042,
    245,
    350,
    996,
    259,
    287,
    1040,
    -335,
    304,
    973,
    -405,
    333,
    873,
    -406,
    364,
    852,
    217,
    290,
    1042,
    410,
    373,
    809,
    369,
    377,
    -1017,
    381,
    446,
    -923,
    -379,
    446,
    -923,
    -368,
    377,
    -1017,
    -372,
    370,
    887,
    200,
    432,
    -1100,
    -198,
    432,
    -1100,
    332,
    362,
    938,
    408,
    368,
    809,
    403,
    376,
    811,
    -403,
    376,
    811,
    -245,
    351,
    989,
    245,
    351,
    989
  ],
  "morphTargets": [],
  "morphColors": [],
  "normals": [
    0.86237,
    0.32669,
    0.38677,
    0.67705,
    0.50189,
    0.53824,
    0.63985,
    0.21714,
    0.73718,
    0.50927,
    0.48363,
    -0.71186,
    0.85829,
    0.48247,
    -0.1748,
    0.73601,
    0.38936,
    -0.55379,
    -0.73601,
    0.38936,
    -0.55379,
    -0.85829,
    0.48248,
    -0.1748,
    -0.50927,
    0.48363,
    -0.71186,
    -0.65203,
    0.47904,
    0.58769,
    -0.29017,
    -0.55988,
    0.7761,
    0.27993,
    0.82214,
    0.49571,
    -0.24263,
    0.039921,
    -0.9693,
    -0.54091,
    0.035338,
    -0.84034,
    -0.3737,
    0.12321,
    -0.91933,
    0.3737,
    0.12321,
    -0.91933,
    0.54091,
    0.035337,
    -0.84034,
    0.24263,
    0.039921,
    -0.9693,
    0.0070419,
    0.29972,
    0.954,
    -0.28205,
    0.82062,
    0.49702,
    0.29017,
    -0.55988,
    0.7761,
    -0.63985,
    0.21714,
    0.73718,
    -0.90536,
    0.1444,
    0.39933,
    -0.87325,
    0.46018,
    0.16021,
    -0.007042,
    0.29972,
    0.954,
    0.69523,
    0.45578,
    -0.55581,
    0.93629,
    -0.02577,
    -0.35029,
    0.95389,
    0.24722,
    -0.17024,
    -0.95389,
    0.24723,
    -0.17024,
    -0.93629,
    -0.025769,
    -0.35029,
    -0.42088,
    0.83004,
    0.36592,
    0.21273,
    0.09002,
    -0.97296,
    -0.21273,
    0.09002,
    -0.97296,
    0.38667,
    0.67659,
    0.62667,
    0.78516,
    -0.28686,
    -0.54885,
    0.38546,
    0.92153,
    0.047071,
    -0.77746,
    0.61656,
    0.12416,
    0.31228,
    0.9415,
    0.12674,
    -0.32777,
    0.93614,
    0.12735
  ],
  "colors": [],
  "uvs": [
    []
  ],
  "faces": [
    34,
    0,
    1,
    2,
    0,
    0,
    1,
    2,
    34,
    3,
    4,
    5,
    0,
    3,
    4,
    5,
    34,
    6,
    7,
    8,
    0,
    6,
    7,
    8,
    34,
    9,
    10,
    11,
    0,
    9,
    10,
    11,
    34,
    12,
    13,
    14,
    0,
    12,
    13,
    14,
    34,
    15,
    16,
    17,
    0,
    15,
    16,
    17,
    34,
    10,
    18,
    11,
    0,
    10,
    18,
    11,
    34,
    19,
    20,
    1,
    0,
    19,
    20,
    1,
    34,
    21,
    9,
    22,
    0,
    21,
    9,
    22,
    34,
    9,
    23,
    22,
    0,
    9,
    23,
    22,
    34,
    19,
    24,
    20,
    0,
    19,
    24,
    20,
    34,
    0,
    25,
    1,
    0,
    0,
    25,
    1,
    34,
    13,
    8,
    14,
    0,
    13,
    8,
    14,
    34,
    15,
    3,
    16,
    0,
    15,
    3,
    16,
    34,
    3,
    5,
    16,
    0,
    3,
    5,
    16,
    34,
    26,
    5,
    27,
    0,
    26,
    5,
    27,
    34,
    13,
    6,
    8,
    0,
    13,
    6,
    8,
    34,
    28,
    6,
    29,
    0,
    28,
    6,
    29,
    34,
    23,
    9,
    30,
    0,
    23,
    9,
    30,
    34,
    11,
    30,
    9,
    0,
    11,
    30,
    9,
    34,
    17,
    31,
    15,
    0,
    17,
    31,
    15,
    34,
    14,
    32,
    12,
    0,
    14,
    32,
    12,
    34,
    1,
    33,
    19,
    0,
    1,
    33,
    19,
    34,
    33,
    1,
    25,
    0,
    33,
    1,
    25,
    34,
    21,
    18,
    10,
    0,
    21,
    18,
    10,
    34,
    10,
    9,
    21,
    0,
    10,
    9,
    21,
    34,
    20,
    24,
    2,
    0,
    20,
    24,
    2,
    34,
    2,
    1,
    20,
    0,
    2,
    1,
    20,
    34,
    0,
    34,
    25,
    0,
    0,
    34,
    25,
    34,
    25,
    34,
    35,
    0,
    25,
    34,
    35,
    34,
    35,
    33,
    25,
    0,
    35,
    33,
    25,
    34,
    30,
    36,
    23,
    0,
    30,
    36,
    23,
    34,
    22,
    23,
    36,
    0,
    22,
    23,
    36,
    34,
    26,
    16,
    5,
    0,
    26,
    16,
    5,
    34,
    6,
    13,
    29,
    0,
    6,
    13,
    29,
    34,
    28,
    7,
    6,
    0,
    28,
    7,
    6,
    34,
    5,
    4,
    27,
    0,
    5,
    4,
    27,
    34,
    37,
    11,
    18,
    0,
    37,
    11,
    18,
    34,
    30,
    11,
    37,
    0,
    30,
    11,
    37,
    34,
    24,
    19,
    38,
    0,
    24,
    19,
    38,
    34,
    38,
    19,
    33,
    0,
    38,
    19,
    33
  ]
}