{
  "metadata": {
    "formatVersion": 3.1,
    "sourceFile": "reflector.obj",
    "generatedBy": "OBJConverter",
    "vertices": 108,
    "faces": 167,
    "normals": 108,
    "colors": 0,
    "uvs": 0,
    "materials": 1
  },
  "scale": 0.5,
  "materials": [
    {
      "DbgColor": 15658734,
      "DbgIndex": 0,
      "DbgName": "Standard_15",
      "colorAmbient": [
        0.5879999995,
        0.5879999995,
        0.5879999995
      ],
      "colorDiffuse": [
        0.5879999995,
        0.5879999995,
        0.5879999995
      ],
      "colorSpecular": [
        0,
        0,
        0
      ],
      "illumination": 2,
      "opacity": 1,
      "opticalDensity": 1.5,
      "specularCoef": 10,
      "transparent": true
    }
  ],
  "vertices": [
    -454,
    526,
    270,
    -466,
    515,
    283,
    -423,
    511,
    307,
    446,
    523,
    282,
    426,
    526,
    282,
    431,
    511,
    305,
    458,
    482,
    301,
    457,
    514,
    289,
    412,
    413,
    312,
    410,
    417,
    294,
    424,
    451,
    284,
    423,
    451,
    316,
    403,
    452,
    325,
    401,
    434,
    341,
    -424,
    451,
    284,
    -410,
    417,
    294,
    -412,
    413,
    312,
    -401,
    434,
    341,
    -403,
    452,
    325,
    -423,
    451,
    316,
    -396,
    439,
    336,
    -394,
    443,
    299,
    -390,
    449,
    308,
    390,
    449,
    308,
    394,
    443,
    299,
    396,
    439,
    336,
    -458,
    482,
    301,
    -449,
    513,
    295,
    -403,
    487,
    302,
    -412,
    512,
    305,
    -413,
    480,
    322,
    -482,
    483,
    274,
    421,
    480,
    321,
    407,
    524,
    277,
    403,
    493,
    293,
    410,
    514,
    299,
    -426,
    526,
    282,
    -412,
    519,
    296,
    -406,
    522,
    278,
    -417,
    526,
    273,
    -452,
    526,
    260,
    -452,
    528,
    259,
    -398,
    453,
    294,
    398,
    453,
    294,
    472,
    516,
    276,
    487,
    484,
    256,
    482,
    518,
    248,
    -477,
    516,
    270,
    -481,
    517,
    256,
    476,
    483,
    284,
    -411,
    525,
    274,
    -409,
    467,
    274,
    -481,
    471,
    246,
    -421,
    480,
    321,
    -410,
    415,
    340,
    410,
    415,
    340,
    427,
    451,
    310,
    400,
    453,
    302,
    420,
    452,
    289,
    -427,
    451,
    310,
    -420,
    452,
    289,
    -400,
    453,
    302,
    -403,
    498,
    290,
    413,
    480,
    322,
    405,
    483,
    310,
    -484,
    487,
    250,
    -474,
    484,
    284,
    -487,
    486,
    248,
    452,
    528,
    259,
    452,
    526,
    260,
    410,
    523,
    277,
    481,
    471,
    246,
    401,
    480,
    277,
    411,
    525,
    274,
    401,
    453,
    318,
    395,
    453,
    300,
    396,
    440,
    338,
    398,
    453,
    322,
    -395,
    453,
    300,
    -401,
    453,
    318,
    -398,
    453,
    322,
    -396,
    440,
    338,
    393,
    446,
    297,
    -393,
    446,
    297,
    412,
    512,
    305,
    -415,
    481,
    319,
    -457,
    483,
    300,
    -415,
    528,
    273,
    415,
    528,
    273,
    -424,
    451,
    307,
    424,
    451,
    307,
    474,
    484,
    284,
    -406,
    490,
    297,
    -409,
    520,
    278,
    -482,
    518,
    248,
    -480,
    516,
    250,
    415,
    481,
    319,
    410,
    416,
    337,
    409,
    418,
    297,
    -409,
    418,
    297,
    -410,
    416,
    337,
    480,
    516,
    250,
    487,
    486,
    248,
    -472,
    522,
    250,
    484,
    487,
    250,
    405,
    494,
    292,
    481,
    514,
    247,
    -402,
    476,
    277
  ],
  "morphTargets": [],
  "morphColors": [],
  "normals": [
    -0.24369,
    0.92357,
    0.29603,
    -0.52686,
    0.57334,
    0.62746,
    -0.13817,
    0.61753,
    0.77431,
    0.20869,
    0.89441,
    0.39557,
    0.024707,
    0.95218,
    0.30454,
    0.20959,
    0.61636,
    0.75906,
    0.48037,
    -0.61493,
    0.62538,
    0.45577,
    0.55903,
    0.69264,
    0.054233,
    -0.99739,
    -0.047761,
    -0.026776,
    -0.80159,
    -0.59728,
    0.53087,
    0.39074,
    -0.75199,
    0.53004,
    0.71352,
    0.4582,
    0.099694,
    0.86846,
    0.48563,
    -0.27866,
    -0.035385,
    0.95974,
    -0.53087,
    0.39074,
    -0.75199,
    0.026776,
    -0.80159,
    -0.59728,
    -0.054233,
    -0.99739,
    -0.047761,
    0.27866,
    -0.035385,
    0.95974,
    -0.099694,
    0.86846,
    0.48563,
    -0.53004,
    0.71352,
    0.4582,
    0.87763,
    -0.46687,
    0.10858,
    0.86152,
    -0.49975,
    -0.089655,
    0.98532,
    0.16608,
    0.039435,
    -0.98532,
    0.16608,
    0.039435,
    -0.86152,
    -0.49975,
    -0.089655,
    -0.87763,
    -0.46687,
    0.10858,
    -0.4221,
    -0.75155,
    0.50696,
    -0.29226,
    0.7485,
    0.59525,
    0.76446,
    -0.64225,
    -0.055787,
    0.52748,
    0.55725,
    0.64127,
    0.36997,
    -0.59278,
    0.71536,
    -0.63504,
    -0.70146,
    0.32355,
    0.17307,
    -0.64425,
    0.74498,
    -0.76449,
    0.47584,
    -0.43488,
    -0.83092,
    -0.41587,
    -0.36963,
    -0.61231,
    0.65301,
    0.4457,
    -0.032905,
    0.93653,
    0.34903,
    0.43047,
    0.77431,
    0.46383,
    0.80093,
    0.40787,
    -0.43835,
    0.29455,
    -0.41972,
    -0.85853,
    0.37011,
    -0.42076,
    -0.82824,
    0.15932,
    0.66861,
    -0.72635,
    0.35299,
    0.6767,
    -0.64612,
    -0.35299,
    0.6767,
    -0.64612,
    0.65638,
    0.59991,
    0.45745,
    0.63913,
    -0.76748,
    0.049903,
    0.49571,
    0.52188,
    -0.6942,
    -0.69448,
    0.57721,
    0.42956,
    -0.77394,
    0.60734,
    0.17932,
    0.54566,
    -0.74369,
    0.38623,
    0.3605,
    0.0081924,
    -0.93272,
    0.36041,
    0.0082608,
    -0.93276,
    0.36054,
    0.0081536,
    -0.93271,
    -0.20191,
    -0.65992,
    0.72369,
    -0.055303,
    -0.7179,
    0.69395,
    0.055304,
    -0.7179,
    0.69395,
    0.86376,
    0.48953,
    0.11952,
    0.076471,
    0.99707,
    -0.0022785,
    0.06139,
    0.99801,
    -0.014607,
    -0.86376,
    0.48953,
    0.11952,
    -0.06139,
    0.99801,
    -0.014607,
    -0.076471,
    0.99707,
    -0.0022785,
    0.70478,
    -0.34691,
    -0.61882,
    -0.31005,
    -0.58132,
    0.75229,
    -0.74118,
    -0.66604,
    0.083922,
    0.55501,
    -0.63564,
    -0.53659,
    0.75516,
    -0.067157,
    -0.65209,
    -0.46884,
    -0.56497,
    -0.67897,
    -0.12603,
    0.70205,
    -0.70089,
    -0.35819,
    -0.42562,
    -0.83099,
    -0.27718,
    -0.38846,
    -0.87879,
    -0.36056,
    0.0081185,
    -0.9327,
    -0.36044,
    0.0082975,
    -0.93274,
    -0.3605,
    0.0082173,
    -0.93272,
    0.052739,
    0.998,
    0.034815,
    -0.52862,
    0.82294,
    -0.20816,
    -0.60701,
    0.20349,
    0.7682,
    -0.38696,
    0.87839,
    0.28052,
    0.52862,
    0.82294,
    -0.20816,
    -0.052739,
    0.998,
    0.034815,
    0.38696,
    0.87839,
    0.28052,
    0.60701,
    0.20349,
    0.7682,
    -0.8059,
    -0.1112,
    -0.58152,
    0.8059,
    -0.1112,
    -0.58152,
    -0.41418,
    0.65498,
    0.63202,
    0.003471,
    -0.92854,
    -0.37121,
    0.28229,
    -0.85323,
    -0.43853,
    0.52308,
    0.66105,
    -0.53797,
    -0.4579,
    0.70045,
    -0.54745,
    -0.1047,
    0.99442,
    0.013079,
    0.1047,
    0.99442,
    0.013079,
    -0.37333,
    -0.87222,
    -0.31599,
    0.19315,
    -0.75655,
    -0.62476,
    0.2531,
    -0.37847,
    -0.89034,
    -0.43418,
    0.49093,
    -0.75529,
    0.50074,
    -0.24618,
    -0.82985,
    0.014395,
    -0.92671,
    -0.37549,
    -0.91245,
    -0.40838,
    -0.025569,
    -0.86132,
    -0.50695,
    -0.033788,
    0.86132,
    -0.50695,
    -0.033788,
    0.91245,
    -0.40838,
    -0.025569,
    -0.50169,
    -0.24533,
    -0.82953,
    0.40368,
    -0.53286,
    -0.74371,
