{
  "metadata": {
    "formatVersion": 3.1,
    "sourceFile": "roof.obj",
    "generatedBy": "OBJConverter",
    "vertices": 55,
    "faces": 89,
    "normals": 55,
    "colors": 0,
    "uvs": 0,
    "materials": 1
  },
  "scale": 0.5,
  "materials": [
    {
      "DbgColor": 15658734,
      "DbgIndex": 0,
      "DbgName": "Standard_15",
      "colorAmbient": [
        0.5879999995,
        0.5879999995,
        0.5879999995
      ],
      "colorDiffuse": [
        0.5879999995,
        0.5879999995,
        0.5879999995
      ],
      "colorSpecular": [
        0,
        0,
        0
      ],
      "illumination": 2,
      "opacity": 1,
      "opticalDensity": 1.5,
      "specularCoef": 10,
      "transparent": true
    }
  ],
  "vertices": [
    0,
    706,
    -184,
    147,
    701,
    -181,
    0,
    702,
    -349,
    -257,
    687,
    -348,
    179,
    684,
    29,
    0,
    689,
    45,
    0,
    669,
    148,
    286,
    657,
    125,
    153,
    666,
    141,
    -270,
    684,
    -51,
    -279,
    670,
    58,
    -191,
    686,
    3,
    191,
    686,
    3,
    279,
    670,
    58,
    270,
    684,
    -51,
    -153,
    666,
    141,
    -179,
    684,
    29,
    -286,
    657,
    125,
    -103,
    656,
    146,
    103,
    656,
    146,
    91,
    648,
    -595,
    -157,
    646,
    -592,
    -46,
    660,
    -595,
    257,
    687,
    -348,
    254,
    666,
    -508,
    -188,
    697,
    -143,
    -264,
    690,
    -144,
    -184,
    698,
    -252,
    188,
    697,
    -143,
    181,
    697,
    -299,
    -254,
    639,
    -582,
    -258,
    684,
    -298,
    -197,
    653,
    -588,
    -255,
    675,
    -456,
    0,
    689,
    -459,
    258,
    684,
    -298,
    254,
    639,
    -582,
    176,
    699,
    -170,
    264,
    690,
    -144,
    148,
    678,
    40,
    -148,
    678,
    40,
    254,
    649,
    -581,
    286,
    648,
    124,
    266,
    683,
    -125,
    -104,
    696,
    -181,
    -147,
    701,
    -181,
    -286,
    648,
    124,
    -266,
    683,
    -125,
    -254,
    649,
    -581,
    163,
    693,
    -177,
    189,
    690,
    -125,
    -189,
    690,
    -125,
    -186,
    679,
    17,
    186,
    679,
    17,
    -175,
    692,
    -170
  ],
  "morphTargets": [],
  "morphColors": [],
  "normals": [
    -0.0068438,
    0.83523,
    0.54986,
    0.0043907,
    0.87234,
    0.48888,
    -0.0033493,
    0.99725,
    -0.074041,
    -0.68101,
    0.72874,
    -0.07189,
    -0.14926,
    0.97398,
    -0.17056,
    0,
    0.91039,
    -0.41375,
    8.1e-9,
    0.57612,
    0.81736,
    0.63689,
    0.50809,
    0.57984,
    0.10824,
    0.59511,
    0.79632,
    -0.62488,
    0.78032,
    0.025132,
    -0.67832,
    0.7316,
    0.068057,
    0.41277,
    0.90912,
    0.055777,
    -0.41277,
    0.90912,
    0.055777,
    0.67832,
    0.7316,
    0.068056,
    0.62488,
    0.78032,
    0.025132,
    -0.10824,
    0.59511,
    0.79632,
    0.14926,
    0.97398,
    -0.17056,
    -0.63689,
    0.50809,
    0.57984,
    -0.049538,
    0.15098,
    0.98729,
    0.049538,
    0.15098,
    0.98729,
    0.05756,
    0.65907,
    -0.74987,
    -0.056617,
    0.18973,
    -0.9802,
    -0.01765,
    0.59561,
    -0.80308,
    0.68358,
    0.72527,
    -0.081827,
    0.6819,
    0.71794,
    -0.13992,
    0.39239,
    0.90338,
    0.17303,
    -0.67323,
    0.73939,
    -0.0079063,
    -0.055374,
    0.99695,
    -0.054921,
    -0.25315,
    0.95099,
    0.17758,
    0.072158,
    0.99592,
    -0.054193,
    -0.70161,
    0.046845,
    -0.71102,
    -0.99847,
    0.041974,
    -0.036072,
    -0.10616,
    0.6322,
    -0.7675,
    -0.68558,
    0.71813,
    -0.1195,
    0.0064296,
    0.98736,
    -0.15836,
    0.99847,
    0.041974,
    -0.036072,
    0.68565,
    0.061292,
    -0.72535,
    -0.15141,
    0.97407,
    0.16813,
    0.67343,
    0.7392,
    -0.0084863,
    -0.10942,
    -0.67151,
    -0.73287,
    0.10942,
    -0.67151,
    -0.73287,
    0.63928,
    0.51185,
    -0.57388,
    0.78082,
    0.040658,
    0.62343,
    0.99199,
    0.11075,
    -0.060744,
    0.019873,
    0.15329,
    0.98798,
    0.021779,
    0.93037,
    0.36597,
    -0.78082,
    0.040658,
    0.62343,
    -0.99199,
    0.11075,
    -0.060744,
    -0.65461,
    0.50673,
    -0.56099,
    -0.39914,
    0.097125,
    0.91173,
    -0.99787,
    -0.019103,
    0.062302,
    0.99655,
    -0.071201,
    0.042752,
    0.8943,
    0.053829,
    -0.44423,
    -0.8943,
    0.053829,
    -0.44423,
    0.48586,
    -0.75088,
    0.44734
  ],
  "colors": [],
  "uvs": [
    []
  ],