{
  "metadata": {
    "formatVersion": 3.1,
    "sourceFile": "spoiler.obj",
    "generatedBy": "OBJConverter",
    "vertices": 30,
    "faces": 52,
    "normals": 36,
    "colors": 0,
    "uvs": 0,
    "materials": 1
  },
  "scale": 0.5,
  "materials": [
    {
      "DbgColor": 15658734,
      "DbgIndex": 0,
      "DbgName": "Standard_15",
      "colorAmbient": [
        0.987,
        0.987,
        0.987
      ],
      "colorDiffuse": [
        0.987,
        0.987,
        0.987
      ],
      "colorSpecular": [
        0.936,
        0.936,
        0.936
      ],
      "illumination": 2,
      "opacity": 1,
      "opticalDensity": 1.5,
      "specularCoef": 20,
      "transparent": true
    }
  ],
  "vertices": [
    61,
    563,
    -1091,
    -118,
    563,
    -1084,
    67,
    559,
    -1131,
    199,
    555,
    -1104,
    257,
    544,
    -1087,
    202,
    559,
    -1061,
    220,
    560,
    -1109,
    152,
    567,
    -1130,
    169,
    570,
    -1073,
    -169,
    570,
    -1073,
    -23,
    570,
    -1094,
    -67,
    567,
    -1143,
    -124,
    559,
    -1124,
    -227,
    561,
    -1047,
    -257,
    544,
    -1087,
    -287,
    505,
    -1055,
    -251,
    537,
    -1075,
    -269,
    516,
    -1001,
    -165,
    567,
    -1127,
    0,
    567,
    -1146,
    158,
    562,
    -1075,
    287,
    505,
    -1055,
    227,
    561,
    -1047,
    269,
    516,
    -1001,
    -220,
    560,
    -1109,
    -202,
    559,
    -1061,
    -286,
    516,
    -985,
    -269,
    507,
    -1045,
    269,
    507,
    -1045,
    286,
    516,
    -985
  ],
  "morphTargets": [],
  "morphColors": [],
  "normals": [
    -0.043658,
    -0.8973,
    0.43925,
    0.037911,
    -0.92353,
    0.38164,
    0.035087,
    -0.93372,
    -0.35628,
    -0.028409,
    -0.96659,
    -0.25473,
    -0.16132,
    -0.97908,
    -0.12403,
    -0.35268,
    -0.70791,
    0.61195,
    0.22405,
    -0.10332,
    -0.96909,
    0.20502,
    0.26743,
    -0.94151,
    -0.12026,
    0.79315,
    0.59704,
    0.08418,
    0.84279,
    0.53162,
    0.030134,
    0.9748,
    0.22105,
    -0.062112,
    0.20361,
    -0.97708,
    -0.054902,
    -0.95377,
    -0.29547,
    -0.064985,
    0.385,
    0.92062,
    -0.70915,
    0.046372,
    -0.70353,
    -0.69988,
    0.38711,
    -0.60026,
    0.42331,
    -0.86161,
    -0.28006,
    0.81184,
    -0.12338,
    0.5707,
    -0.38356,
    0.12372,
    -0.91519,
    -0.025394,
    0.1835,
    -0.98269,
    -0.16401,
    -0.68733,
    0.70759,
    0.69988,
    0.38711,
    -0.60026,
    -0.61744,
    0.62115,
    0.48264,
    0.1386,
    -0.043247,
    -0.9894,
    -0.82936,
    -0.11622,
    0.5465,
    -0.44904,
    0.30274,
    -0.84066,
    0.37204,
    -0.72807,
    0.57576,
    -0.37592,
    0.8852,
    0.27404,
    0.74023,
    -0.64071,
    -0.20383,
    -0.83276,
    -0.51542,
    -0.20212,
    0.37592,
    0.8852,
    0.27404,
    0.088267,
    0.9856,
    0.1442,
    0.44063,
    0.89586,
    -0.057342,
    0.44063,
    0.89586,
    -0.057342,
    -0.115,
    -0.9405,
    0.31973,
    -0.115,
    -0.9405,
    0.31973
  ],
  "colors": [],
  "uvs": [
    []
  ],
  "faces": [
    34,
    0,
    1,
    2,
    0,
    0,
    1,
    2,
    34,
    3,
    4,
    5,
    0,
    3,
    4,
    5,
    34,
    6,
    7,
    8,
    0,
    6,
    7,
    8,
    34,
    9,
    10,
    11,
    0,
    9,
    10,
    11,
    34,
    1,
    12,
    2,
    0,
    1,
    12,
    2,
    34,
    13,
    14,
    15,
    0,
    13,
    14,
    15,
    34,
    16,
    13,
    17,
    0,
    16,
    13,
    17,
    34,
    9,
    11,
    18,
    0,
    9,
    11,
    18,
    34,
    19,
    10,
    8,
    0,
    19,
    10,
    8,
    34,
    5,
    20,
    3,
    0,
    5,
    20,
    3,
    34,
    21,
    4,
    22,
    0,
    21,
    22,
    23,
    34,
    23,
    22,
    4,
    0,
    24,
    23,
    22,
    34,
    9,
    18,
    24,
    0,
    9,
    18,
    25,
    34,
    25,
    16,
    18,
    0,
    26,
    16,
    18,
    34,
    15,
    26,
    13,
    0,
    15,
    27,
    13,
    34,
    17,
    27,
    16,
    0,
    17,
    28,
    16,
    34,
    4,
    28,
    23,
    0,
    22,
    29,
    24,
    34,
    22,
    29,
    21,
    0,
    23,
    30,
    21,
    34,
    7,
    19,
    8,
    0,
    7,
    19,
    8,
    34,
    2,
    3,
    20,
    0,
    2,
    3,
    20,
    34,
    12,
    1,
    25,
    0,
    12,
    1,
    26,
    34,
    24,
    13,
    9,
    0,
    25,
    13,
    9,
    34,
    8,
    22,
    6,
    0,
    8,
    31,
    6,
    34,
    20,
    5,
    8,
    0,
    20,
    5,
    8,
    34,
    2,
    19,
    7,
    0,
    2,
    19,
    7,
    34,
    2,
    12,
    11,
    0,
    2,
    12,
    11,
    34,
    0,
    10,
    9,
    0,
    0,
    10,
    9,
    34,
    8,
    10,
    0,
    0,
    8,
    10,
    0,
    34,
    13,
    24,
    14,
    0,
    13,
    25,
    14,
    34,
    24,
    18,
    16,
    0,
    25,
    18,
    16,
    34,
    4,
    3,
    6,
    0,
    4,
    3,
    6,
    34,
    4,
    6,
    22,
    0,
    32,
    33,
    33,
    34,
    9,
    25,
    1,
    0,
    9,
    26,
    1,
    34,
    9,
    1,
    0,
    0,
    9,
    1,
    0,
    34,
    18,
    11,
    12,
    0,
    18,
    11,
    12,
    34,
    25,
    18,
    12,
    0,
    26,
    18,
    12,
    34,
    0,
    20,
    8,
    0,
    0,
    20,
    8,
    34,
    20,
    0,
    2,
    0,
    20,
    0,
    2,
    34,
    16,
    25,
    13,
    0,
    16,
    26,
    13,
    34,
    25,
    9,
    13,
    0,
    26,
    9,
    13,
    34,
    22,
    8,
    5,
    0,
    31,
    8,
    5,
    34,
    22,
    5,
    4,
    0,
    34,
    34,
    35,
    34,
    22,
    23,
    29,
    0,
    23,
    24,
    30,
    34,
    26,
    17,
    13,
    0,
    27,
    17,
    13,
    34,
    2,
    11,
    19,
    0,
    2,
    11,
    19,
    34,
    19,
    11,
    10,
    0,
    19,
    11,
    10,
    34,
    27,
    15,
    14,
    0,
    28,
    15,
    14,
    34,
    4,
    21,
    28,
    0,
    22,
    21,
    29,
    34,
    7,
    6,
    3,
    0,
    7,
    6,
    3,
    34,
    7,
    3,
    2,
    0,
    7,
    3,
    2,
    34,
    14,
    16,
    27,
    0,
    14,
    16,
    28,
    34,
    16,
    14,
    24,
    0,
    16,
    14,
    25
  ]
}