{
  "metadata": {
    "formatVersion": 3.1,
    "sourceFile": "trunk.obj",
    "generatedBy": "OBJConverter",
    "vertices": 76,
    "faces": 125,
    "normals": 76,
    "colors": 0,
    "uvs": 0,
    "materials": 1
  },
  "scale": 0.5,
  "materials": [
    {
      "DbgColor": 15658734,
      "DbgIndex": 0,
      "DbgName": "Standard_15",
      "colorAmbient": [
        0.5879999995,
        0.5879999995,
        0.5879999995
      ],
      "colorDiffuse": [
        0.5879999995,
        0.5879999995,
        0.5879999995
      ],
      "colorSpecular": [
        0,
        0,
        0
      ],
      "illumination": 2,
      "opacity": 1,
      "opticalDensity": 1.5,
      "specularCoef": 10,
      "transparent": true
    }
  ],
  "vertices": [
    177,
    515,
    -1094,
    75,
    520,
    -1111,
    75,
    530,
    -1012,
    197,
    539,
    -904,
    -50,
    542,
    -922,
    -75,
    520,
    -1111,
    -177,
    515,
    -1094,
    145,
    449,
    -1100,
    -98,
    449,
    -1107,
    -25,
    450,
    -1129,
    35,
    442,
    -1107,
    23,
    336,
    -1113,
    -102,
    442,
    -1101,
    290,
    499,
    -1042,
    290,
    504,
    -1057,
    282,
    534,
    -883,
    100,
    493,
    -1108,
    145,
    449,
    -1116,
    50,
    450,
    -1128,
    -173,
    491,
    -1095,
    -98,
    450,
    -1123,
    -189,
    449,
    -1105,
    -282,
    534,
    -883,
    -290,
    504,
    -1057,
    -290,
    499,
    -1042,
    -144,
    352,
    -1121,
    -234,
    358,
    -1105,
    -153,
    365,
    -1103,
    109,
    334,
    -1124,
    196,
    312,
    -1110,
    126,
    303,
    -1121,
    -25,
    493,
    -1113,
    -100,
    493,
    -1108,
    -197,
    539,
    -904,
    -126,
    303,
    -1121,
    -109,
    334,
    -1124,
    -21,
    301,
    -1130,
    22,
    331,
    -1130,
    200,
    442,
    -1088,
    133,
    350,
    -1103,
    109,
    339,
    -1107,
    278,
    449,
    -1060,
    278,
    449,
    -1077,
    285,
    484,
    -1062,
    -196,
    312,
    -1110,
    -109,
    339,
    -1107,
    173,
    491,
    -1095,
    189,
    449,
    -1105,
    -285,
    484,
    -1062,
    153,
    365,
    -1103,
    234,
    358,
    -1105,
    144,
    352,
    -1121,
    -278,
    449,
    -1077,
    -278,
    449,
    -1060,
    125,
    541,
    -915,
    -50,
    535,
    -921,
    150,
    533,
    -911,
    -150,
    533,
    -911,
    -133,
    350,
    -1103,
    -282,
    527,
    -882,
    282,
    527,
    -882,
    236,
    362,
    -1096,
    203,
    315,
    -1105,
    -236,
    362,
    -1096,
    -188,
    309,
    -1107,
    -21,
    301,
    -1125,
    64,
    301,
    -1127,
    -25,
    510,
    -1118,
    25,
    510,
    -1118,
    -175,
    505,
    -1099,
    175,
    505,
    -1099,
    288,
    495,
    -1063,
    -288,
    495,
    -1063,
    0,
    521,
    -1115,
    64,
    301,
    -1123,
    -200,
    442,
    -1088
  ],
  "morphTargets": [],
  "morphColors": [],
  "normals": [
    0.19443,
    0.78138,
    -0.593,
    0.1075,
    0.70504,
    -0.70097,
    0.031077,
    0.99324,
    -0.11181,
    -0.05933,
    0.87464,
    0.48113,
    0.0076828,
    0.81325,
    0.58186,
    -0.10883,
    0.70067,
    -0.70514,
    -0.19558,
    0.78093,
    -0.59321,
    0.002689,
    -0.99955,
    -0.029716,
    -0.0012556,
    -0.99948,
    -0.032341,
    -0.022703,
    -0.55467,
    -0.83176,
    0.032433,
    0.068412,
    -0.99713,
    0.0041693,
    0.62683,
    -0.77915,
    -0.087682,
    0.0655,
    -0.99399,
    0.99938,
    -0.034448,
    -0.0075723,
    0.77083,
    0.52926,
    -0.35456,
    0.50063,
    0.62345,
    0.60056,
    0.11975,
    0.13194,
    -0.984,
    0.14745,
    -0.55592,
    -0.81805,
    0.047111,
    -0.54476,
    -0.83727,
    -0.22662,
    0.029499,
    -0.97354,
    -0.10362,
    -0.55179,
    -0.82752,
    -0.21692,
    -0.56872,
    -0.79341,
    -0.50064,
    0.62345,
    0.60056,
    -0.77083,
    0.52926,
    -0.35456,
    -0.99938,
    -0.034448,
    -0.0075723,
    0.15352,
    0.53583,
    -0.83025,
    -0.80965,
    0.13575,
    -0.571,
    0.22092,
    0.6119,
    -0.75946,
    -0.024528,
    0.51407,
    -0.8574,
    0.29312,
    -0.83147,
    -0.47195,
    0.14952,
    -0.88285,
    -0.44521,
    -0.027501,
    0.032864,
    -0.99908,
    -0.12555,
    0.13852,
    -0.98237,
    0.05989,
    0.87485,
    0.48067,
    -0.12093,
    -0.83482,
    -0.53708,
    0.028537,
    0.50938,
    -0.86007,
    -0.028473,
    -0.64609,
    -0.76273,
    0.014176,
    0.5595,
    -0.82871,
    0.083829,
    0.10899,
    -0.9905,
    -0.25812,
    0.60785,
    -0.75093,
    -0.078494,
    0.66292,
    -0.74457,
    0.74307,
    -0.66897,
    -0.01829,
    0.59604,
    -0.53419,
    -0.59949,
    0.82261,
    -0.13232,
    -0.55299,
    -0.65231,
    -0.6976,
    -0.29638,
    0.088556,
    0.66121,
    -0.74496,
    0.23091,
    0.036166,
    -0.9723,
    0.22993,
    -0.5675,
    -0.79062,
    -0.82261,
    -0.13232,
    -0.55299,
    -0.22092,
    0.6119,
    -0.75946,
    0.78362,
    0.19069,
    -0.59125,
    -0.15352,
    0.53583,
    -0.83025,
    -0.59604,
    -0.53419,
    -0.59949,
    -0.73651,
    -0.6762,
    -0.017561,
    -0.0073609,
    0.8744,
    0.48516,
    0.029003,
    0.16082,
    0.98656,
    -0.14672,
    0.11713,
    0.98222,
    0.12568,
    -0.15944,
    0.97917,
    0.25202,
    0.60192,
    -0.75774,
    -0.65293,
    0.075468,
    0.75365,
    0.65294,
    0.075467,
    0.75364,
    0.75709,
    0.54177,
    -0.36509,
    0.64588,
    -0.66516,
    -0.37469,
    -0.77832,
    0.51598,
    -0.35775,
    -0.28049,
    -0.9459,
    -0.16309,
    -0.0096299,
    -0.99337,
    -0.11458,
    0.05598,
    -0.69002,
    -0.72162,
    -0.047712,
    0.066983,
    -0.99661,
    0.050052,
    0.022868,
    -0.99848,
    -0.23135,
    0.073585,
    -0.97008,
    0.23135,
    0.073585,
    -0.97008,
    0.72539,
    0.034781,
    -0.68746,
    -0.72539,
    0.034781,
    -0.68746,
    0.0025653,
    0.77461,
    -0.63243,
    0.018715,
    -0.99899,
    -0.0408,
    -0.10485,
    0.093985,
    -0.99004
  ],
  "colors": [],
  "uvs": [
    []
  ],