{
  "metadata": {
    "formatVersion": 3.1,
    "sourceFile": "reflector.obj",
    "generatedBy": "OBJConverter",
    "vertices": 65,
    "faces": 90,
    "normals": 65,
    "colors": 0,
    "uvs": 0,
    "materials": 1
  },
  "scale": 0.5,
  "materials": [
    {
      "DbgColor": 15658734,
      "DbgIndex": 0,
      "DbgName": "Merc_C_Rim",
      "colorAmbient": [
        0.5879999995,
        0.5879999995,
        0.5879999995
      ],
      "colorDiffuse": [
        0.5879999995,
        0.5879999995,
        0.5879999995
      ],
      "colorSpecular": [
        0.8459999561,
        0.8459999561,
        0.8459999561
      ],
      "illumination": 2,
      "opacity": 1,
      "opticalDensity": 1.5,
      "specularCoef": 42,
      "transparent": true
    }
  ],
  "vertices": [
    -436,
    510,
    246,
    -436,
    514,
    255,
    -477,
    523,
    235,
    477,
    523,
    235,
    436,
    514,
    255,
    437,
    510,
    246,
    -414,
    577,
    225,
    -492,
    557,
    217,
    -412,
    563,
    254,
    413,
    563,
    254,
    492,
    557,
    217,
    414,
    577,
    225,
    493,
    567,
    173,
    473,
    540,
    240,
    433,
    523,
    264,
    480,
    534,
    235,
    -480,
    534,
    235,
    -433,
    523,
    264,
    -473,
    540,
    240,
    411,
    524,
    213,
    410,
    524,
    272,
    411,
    569,
    213,
    -492,
    567,
    173,
    -410,
    524,
    272,
    -409,
    524,
    213,
    -411,
    572,
    212,
    506,
    526,
    167,
    496,
    526,
    215,
    -496,
    526,
    215,
    -506,
    526,
    167,
    439,
    534,
    261,
    410,
    536,
    273,
    410,
    571,
    230,
    -410,
    536,
    273,
    -439,
    534,
    261,
    506,
    540,
    165,
    415,
    515,
    209,
    484,
    568,
    176,
    508,
    554,
    190,
    507,
    554,
    166,
    505,
    537,
    201,
    -505,
    537,
    201,
    440,
    533,
    258,
    500,
    550,
    212,
    -500,
    550,
    212,
    -439,
    533,
    258,
    -494,
    563,
    171,
    -415,
    573,
    209,
    -416,
    513,
    209,
    -436,
    511,
    203,
    -510,
    537,
    164,
    511,
    537,
    164,
    436,
    511,
    203,
    512,
    536,
    164,
    -507,
    554,
    166,
    -507,
    554,
    190,
    -427,
    579,
    205,
    -413,
    578,
    211,
    -505,
    536,
    165,
    414,
    577,
    211,
    468,
    576,
    185,
    417,
    575,
    208,
    -411,
    524,
    213,
    411,
    524,
    270,
    -411,
    524,
    270
  ],
  "morphTargets": [],
  "morphColors": [],
  "normals": [
    0.47301,
    -0.85405,
    0.21647,
    -0.30133,
    -0.69493,
    0.65289,
    -0.57676,
    -0.59279,
    0.56209,
    0.57676,
    -0.59279,
    0.56209,
    0.30133,
    -0.69493,
    0.65289,
    -0.47301,
    -0.85405,
    0.21647,
    0.41729,
    0.85876,
    0.29732,
    -0.53627,
    0.66794,
    0.51601,
    0.45581,
    0.65019,
    0.60786,
    -0.39179,
    0.65935,
    0.64169,
    0.53627,
    0.66794,
    0.51601,
    -0.29397,
    0.92858,
    0.22656,
    0.50088,
    0.85648,
    0.12471,
    0.59966,
    -0.52061,
    0.60776,
    0.38808,
    -0.33574,
    0.85829,
    0.57289,
    0.53469,
    0.62121,
    -0.57289,
    0.53469,
    0.62121,
    -0.38808,
    -0.33574,
    0.85829,
    -0.59966,
    -0.52061,
    0.60776,
    -0.99974,
    -0.015197,
    -0.017039,
    -0.53441,
    -0.50402,
    0.6785,
    -0.98007,
    0.18889,
    -0.061429,
    -0.50018,
    0.85386,
    0.14404,
    0.53631,
    -0.49823,
    0.68128,
    0.70085,
    -0.55715,
    -0.44542,
    0.96422,
    0.22372,
    -0.14224,
    0.31774,
    -0.66742,
    -0.67349,
    0.73213,
    -0.46153,
    0.50098,
    -0.73213,
    -0.46153,
    0.50098,
    -0.35816,
    -0.63631,
    -0.68325,
    0.45674,
    0.26775,
    0.84835,
    -0.46532,
    0.24305,
    0.85112,
    -0.90343,
    0.40764,
    0.13282,
    0.48049,
    0.24781,
    0.84126,
    -0.45675,
    0.26775,
    0.84835,
    -0.44141,
    0.0028472,
    -0.8973,
    -0.43786,
    -0.0026543,
    -0.89904,
    -0.43989,
    0.00048563,
    -0.89805,
    0.98872,
    -0.034619,
    0.14569,
    0.79073,
    0.61187,
    -0.018903,
    0.9059,
    -0.3152,
    0.28282,
    -0.90691,
    -0.31582,
    0.27887,
    0.8461,
    0.53162,
    0.038525,
    0.78538,
    0.37927,
    0.48921,
    -0.78538,
    0.37927,
    0.48921,
    -0.8461,
    0.53163,
    0.038523,
    0.44063,
    -0.00095424,
    -0.89769,
    0.43745,
    -0.0067477,
    -0.89922,
    0.43852,
    -0.0047964,
    -0.89871,
    -0.15066,
    -0.9866,
    -0.062573,
    -0.75622,
    -0.42372,
    -0.49859,
    -0.005318,
    0.66032,
    -0.75096,
    0.15066,
    -0.9866,
    -0.062573,
    0.68576,
    0.20937,
    -0.69707,
    -0.79073,
    0.61187,
    -0.018903,
    -0.98872,
    -0.034619,
    0.14569,
    -0.22146,
    0.95959,
    0.17361,
    0.60554,
    0.6774,
    -0.41768,
    0.44208,
    0.0016928,
    -0.89697,
    -0.41854,
    0.90583,
    -0.065565,
    0.1626,
    0.93117,
    -0.32633,
    -0.4364,
    -0.0049107,
    -0.89974,
    0.33465,
    -0.6196,
    -0.71,
    -0.27656,
    -0.95797,
    -0.076259,
    0.27656,
    -0.95797,
    -0.076259
  ],
  "colors": [],
  "uvs": [
    []
  ],