{
  "metadata": {
    "formatVersion": 3.1,
    "sourceFile": "roof.obj",
    "generatedBy": "OBJConverter",
    "vertices": 37,
    "faces": 61,
    "normals": 37,
    "colors": 0,
    "uvs": 0,
    "materials": 1
  },
  "scale": 0.5,
  "materials": [
    {
      "DbgColor": 15658734,
      "DbgIndex": 0,
      "DbgName": "Merc_C_Rim",
      "colorAmbient": [
        0.5879999995,
        0.5879999995,
        0.5879999995
      ],
      "colorDiffuse": [
        0.5879999995,
        0.5879999995,
        0.5879999995
      ],
      "colorSpecular": [
        0.8459999561,
        0.8459999561,
        0.8459999561
      ],
      "illumination": 2,
      "opacity": 1,
      "opticalDensity": 1.5,
      "specularCoef": 42,
      "transparent": true
    }
  ],
  "vertices": [
    -111,
    733,
    -430,
    -38,
    721,
    -572,
    -234,
    722,
    -470,
    111,
    718,
    -572,
    38,
    732,
    -472,
    -43,
    702,
    55,
    -39,
    729,
    -112,
    -118,
    716,
    -32,
    -241,
    716,
    -116,
    -38,
    737,
    -356,
    -234,
    726,
    -355,
    235,
    684,
    -674,
    -235,
    684,
    -674,
    38,
    699,
    -675,
    -235,
    707,
    -567,
    262,
    689,
    31,
    40,
    724,
    -71,
    124,
    699,
    49,
    -233,
    724,
    -391,
    -235,
    722,
    -191,
    241,
    716,
    -116,
    111,
    733,
    -228,
    235,
    722,
    -191,
    111,
    733,
    -430,
    233,
    724,
    -391,
    235,
    722,
    -470,
    -111,
    696,
    -674,
    -235,
    686,
    -675,
    235,
    686,
    -675,
    -262,
    689,
    31,
    -124,
    699,
    49,
    -262,
    687,
    30,
    0,
    700,
    55,
    262,
    687,
    30,
    -234,
    720,
    -191,
    235,
    707,
    -567,
    235,
    720,
    -191
  ],
  "morphTargets": [],
  "morphColors": [],
  "normals": [
    -0.049008,
    0.99693,
    -0.061085,
    -0.026697,
    0.98549,
    -0.16761,
    -0.75727,
    0.65037,
    -0.059671,
    0.056213,
    0.98332,
    -0.17296,
    0.012753,
    0.99609,
    -0.087365,
    -0.046677,
    0.32992,
    0.94285,
    -0.024456,
    0.99565,
    0.089906,
    -0.059375,
    0.98533,
    0.15998,
    -0.5742,
    0.81774,
    0.039972,
    -0.017928,
    0.99984,
    0.00066393,
    -0.7276,
    0.68599,
    -0.0040679,
    0.68022,
    -0.33093,
    -0.65405,
    -0.67721,
    -0.32768,
    -0.6588,
    0.013799,
    0.62628,
    -0.77948,
    -0.098627,
    0.97952,
    -0.17555,
    0.71018,
    0.36926,
    0.59941,
    0.027185,
    0.99036,
    0.13585,
    0.10848,
    0.30213,
    0.94707,
    -0.87205,
    -0.48865,
    0.027451,
    -0.77648,
    0.63013,
    -0.0015794,
    0.56963,
    0.82062,
    0.045899,
    0.048322,
    0.99817,
    0.036441,
    0.78109,
    0.62441,
    0.002087,
    0.053273,
    0.99747,
    -0.047137,
    0.10801,
    0.99413,
    -0.0069057,
    0.75867,
    0.64949,
    -0.050848,
    -0.042904,
    0.6524,
    -0.75666,
    -0.6238,
    0.33841,
    -0.70453,
    0.62657,
    0.335,
    -0.70369,
    -0.71397,
    0.36094,
    0.59998,
    -0.10481,
    0.2553,
    0.96117,
    -0.78076,
    -0.2972,
    0.54963,
    0.029844,
    0.86897,
    0.49396,
    0.78077,
    -0.2972,
    0.54961,
    -0.98223,
    -0.18113,
    -0.049227,
    0.12275,
    0.97692,
    -0.17482,
    0.98223,
    -0.18113,
    -0.049227
  ],
  "colors": [],
  "uvs": [
    []
  ],
  "faces": [
    34,
    0,
    1,
    2,
    0,
    0,
    1,
    2,
    34,
    3,
    1,
    4,
    0,
    3,
    1,
    4,
    34,
    5,
    6,
    7,
    0,
    5,
    6,
    7,
    34,
    7,
    6,
    8,
    0,
    7,
    6,
    8,
    34,
    6,
    9,
    10,
    0,
    6,
    9,
    10,
    34,
    11,
    12,
    13,
    0,
    11,
    12,
    13,
    34,
    14,
    2,
    1,
    0,
    14,
    2,
    1,
    34,
    15,
    16,
    17,
    0,
    15,
    16,
    17,
    34,
    14,
    18,
    2,
    0,
    14,
    18,
    2,
    34,
    10,
    19,
    6,
    0,
    10,
    19,
    6,
    34,
    20,
    16,
    15,
    0,
    20,
    16,
    15,
    34,
    21,
    22,
    23,
    0,
    21,
    22,
    23,
    34,
    24,
    23,
    22,
    0,
    24,
    23,
    22,
    34,
    25,
    3,
    23,
    0,
    25,
    3,
    23,
    34,
    1,
    3,
    13,
    0,
    1,
    3,
    13,
    34,
    1,
    26,
    27,
    0,
    1,
    26,
    27,
    34,
    28,
    13,
    3,
    0,
    28,
    13,
    3,
    34,
    29,
    7,
    8,
    0,
    29,
    7,
    8,
    34,
    5,
    30,
    31,
    0,
    5,
    30,
    31,
    34,
    16,
    5,
    17,
    0,
    16,
    5,
    17,
    34,
    17,
    32,
    33,
    0,
    17,
    32,
    33,
    34,
    1,
    0,
    4,
    0,
    1,
    0,
    4,
    34,
    23,
    9,
    21,
    0,
    23,
    9,
    21,
    34,
    27,
    14,
    1,
    0,
    27,
    14,
    1,
    34,
    19,
    10,
    18,
    0,
    19,
    10,
    18,
    34,
    34,
    31,
    8,
    0,
    34,
    31,
    8,
    34,
    12,
    26,
    13,
    0,
    12,
    26,
    13,
    34,
    13,
    26,
    1,
    0,
    13,
    26,
    1,
    34,
    6,
    5,
    16,
    0,
    6,
    5,
    16,
    34,
    6,
    21,
    9,
    0,
    6,
    21,
    9,
    34,
    23,
    24,
    25,
    0,
    23,
    24,
    25,
    34,
    25,
    24,
    35,
    0,
    25,
    24,
    35,
    34,
    2,
    10,
    0,
    0,
    2,
    10,
    0,
    34,
    10,
    2,
    18,
    0,
    10,
    2,
    18,
    34,
    22,
    36,
    24,
    0,
    22,
    36,
    24,
    34,
    20,
    33,
    36,
    0,
    20,
    33,
    36,
    34,
    29,
    8,
    31,
    0,
    29,
    8,
    31,
    34,
    30,
    29,
    31,
    0,
    30,
    29,
    31,
    34,
    33,
    20,
    15,
    0,
    33,
    20,
    15,
    34,
    33,
    15,
    17,
    0,
    33,
    15,
    17,
    34,
    21,
    6,
    16,
    0,
    21,
    6,
    16,
    34,
    22,
    21,
    16,
    0,
    22,
    21,
    16,
    34,
    3,
    25,
    35,
    0,
    3,
    25,
    35,
    34,
    3,
    35,
    28,
    0,
    3,
    35,
    28,
    34,
    12,
    27,
    26,
    0,
    12,
    27,
    26,
    34,
    14,
    27,
    12,
    0,
    14,
    27,
    12,
    34,
    19,
    8,
    6,
    0,
    19,
    8,
    6,
    34,
    8,
    19,
    34,
    0,
    8,
    19,
    34,
    34,
    0,
    10,
    9,
    0,
    0,
    10,
    9,
    34,
    9,
    4,
    0,
    0,
    9,
    4,
    0,
    34,
    36,
    22,
    20,
    0,
    36,
    22,
    20,
    34,
    16,
    20,
    22,
    0,
    16,
    20,
    22,
    34,
    13,
    28,
    11,
    0,
    13,
    28,
    11,
    34,
    11,
    28,
    35,
    0,
    11,
    28,
    35,
    34,
    31,
    32,
    5,
    0,
    31,
    32,
    5,
    34,
    17,
    5,
    32,
    0,
    17,
    5,
    32,
    34,
    18,
    34,
    19,
    0,
    18,
    34,
    19,
    34,
    30,
    7,
    29,
    0,
    30,
    7,
    29,
    34,
    7,
    30,
    5,
    0,
    7,
    30,
    5,
    34,
    23,
    4,
    9,
    0,
    23,
    4,
    9,
    34,
    4,
    23,
    3,
    0,
    4,
    23,
    3
  ]
}