{
  "metadata": {
    "formatVersion": 3.1,
    "sourceFile": "sideskirt.obj",
    "generatedBy": "OBJConverter",
    "vertices": 53,
    "faces": 84,
    "normals": 53,
    "colors": 0,
    "uvs": 0,
    "materials": 1
  },
  "scale": 0.5,
  "materials": [
    {
      "DbgColor": 15658734,
      "DbgIndex": 0,
      "DbgName": "Merc_C_Rim",
      "colorAmbient": [
        0.5879999995,
        0.5879999995,
        0.5879999995
      ],
      "colorDiffuse": [
        0.5879999995,
        0.5879999995,
        0.5879999995
      ],
      "colorSpecular": [
        0.8459999561,
        0.8459999561,
        0.8459999561
      ],
      "illumination": 2,
      "opacity": 1,
      "opticalDensity": 1.5,
      "specularCoef": 42,
      "transparent": true
    }
  ],
  "vertices": [
    -441,
    115,
    -484,
    -422,
    105,
    514,
    -450,
    130,
    -468,
    417,
    104,
    -511,
    442,
    115,
    -484,
    422,
    105,
    514,
    431,
    116,
    451,
    -431,
    116,
    451,
    437,
    141,
    -511,
    431,
    122,
    410,
    441,
    137,
    -428,
    -441,
    137,
    -428,
    -431,
    122,
    410,
    -437,
    141,
    -511,
    428,
    135,
    514,
    431,
    118,
    453,
    431,
    116,
    514,
    -428,
    135,
    514,
    -431,
    116,
    514,
    -431,
    118,
    453,
    444,
    135,
    -459,
    449,
    132,
    -511,
    440,
    142,
    -511,
    442,
    119,
    -511,
    -440,
    142,
    -511,
    -449,
    132,
    -511,
    -444,
    135,
    -459,
    -451,
    133,
    -511,
    409,
    99,
    514,
    429,
    116,
    515,
    408,
    101,
    515,
    -430,
    109,
    -511,
    -409,
    99,
    514,
    -408,
    101,
    515,
    -428,
    116,
    515,
    450,
    129,
    -467,
    451,
    133,
    -511,
    -436,
    158,
    -511,
    436,
    158,
    -511,
    -429,
    117,
    453,
    -449,
    131,
    -469,
    449,
    131,
    -469,
    429,
    117,
    453,
    439,
    137,
    -437,
    -442,
    119,
    -511,
    -415,
    106,
    -511,
    -417,
    104,
    -511,
    416,
    106,
    -511,
    -425,
    135,
    515,
    -434,
    157,
    -511,
    434,
    157,
    -511,
    426,
    135,
    515,
    -439,
    137,
    -437
  ],
  "morphTargets": [],
  "morphColors": [],
  "normals": [
    -0.70908,
    -0.70485,
    -0.019611,
    -0.48968,
    -0.58415,
    0.64729,
    -0.99362,
    0.10458,
    0.042311,
    -0.12463,
    -0.82089,
    -0.55733,
    0.67923,
    -0.73336,
    -0.028924,
    0.48959,
    -0.5844,
    0.64713,
    0.99599,
    0.032715,
    -0.083288,
    -0.996,
    0.030004,
    -0.08417,
    0.62815,
    0.69264,
    -0.35451,
    0.99784,
    -0.06537,
    0.006255,
    0.96803,
    -0.25035,
    0.015587,
    -0.97088,
    -0.23937,
    0.0096728,
    -0.99847,
    -0.054772,
    0.0075584,
    -0.62815,
    0.69264,
    -0.35451,
    0.5274,
    0.64337,
    0.5549,
    0.97439,
    -0.11678,
    -0.19214,
    0.77106,
    -0.18912,
    0.60803,
    -0.5274,
    0.64337,
    0.5549,
    -0.77106,
    -0.18912,
    0.60803,
    -0.97439,
    -0.11678,
    -0.19214,
    0.77742,
    0.61974,
    0.10747,
    0.22192,
    0.64589,
    -0.73047,
    0.292,
    0.79537,
    -0.53115,
    0.70662,
    -0.69253,
    -0.1452,
    -0.292,
    0.79537,
    -0.53115,
    -0.22191,
    0.64589,
    -0.73047,
    -0.77691,
    0.62015,
    0.10874,
    -0.65082,
    0.49358,
    -0.5769,
    -0.28676,
    -0.78698,
    0.54629,
    0.098068,
    -0.055836,
    0.99361,
    -0.55659,
    -0.30648,
    0.77219,
    -0.35661,
    -0.63322,
    -0.68692,
    0.28694,
    -0.78674,
    0.54654,
    0.55659,
    -0.30648,
    0.77219,
    -0.098068,
    -0.055836,
    0.99361,
    0.99697,
    0.072726,
    0.027708,
    0.65133,
    0.49386,
    -0.57608,
    -0.55654,
    0.62402,
    -0.54851,
    0.55654,
    0.62402,
    -0.54851,
    -0.5999,
    0.006626,
    -0.80005,
    0.50075,
    -0.80226,
    0.325,
    -0.6058,
    -0.79555,
    -0.010785,
    0.59982,
    0.0066354,
    -0.80011,
    -0.080746,
    -0.99598,
    0.038779,
    -0.75532,
    -0.62741,
    -0.18932,
    0.50603,
    -0.54839,
    -0.66574,
    0.17625,
    -0.80916,
    -0.56054,
    -0.50605,
    -0.54839,
    -0.66572,
    -0.0094252,
    0.69352,
    0.72038,
    0.011045,
    0.7484,
    -0.66315,
    -0.011045,
    0.7484,
    -0.66316,
    0.0094244,
    0.69352,
    0.72037,
    0.080767,
    -0.99599,
    0.038438
  ],
  "colors": [],
  "uvs": [
    []
  ],