{
  "metadata": {
    "formatVersion": 3.1,
    "sourceFile": "trunk.obj",
    "generatedBy": "OBJConverter",
    "vertices": 95,
    "faces": 157,
    "normals": 95,
    "colors": 0,
    "uvs": 0,
    "materials": 1
  },
  "scale": 0.5,
  "materials": [
    {
      "DbgColor": 15658734,
      "DbgIndex": 0,
      "DbgName": "Merc_C_Rim",
      "colorAmbient": [
        0.5879999995,
        0.5879999995,
        0.5879999995
      ],
      "colorDiffuse": [
        0.5879999995,
        0.5879999995,
        0.5879999995
      ],
      "colorSpecular": [
        0.8459999561,
        0.8459999561,
        0.8459999561
      ],
      "illumination": 2,
      "opacity": 1,
      "opticalDensity": 1.5,
      "specularCoef": 42,
      "transparent": true
    }
  ],
  "vertices": [
    -87,
    569,
    -983,
    87,
    569,
    -983,
    43,
    551,
    -1164,
    -210,
    567,
    -959,
    -168,
    540,
    -1162,
    -233,
    533,
    -1142,
    37,
    345,
    -1233,
    117,
    348,
    -1226,
    75,
    346,
    -1215,
    170,
    477,
    -1177,
    -65,
    479,
    -1180,
    -170,
    477,
    -1162,
    233,
    533,
    -1142,
    168,
    540,
    -1162,
    210,
    567,
    -959,
    0,
    547,
    -1185,
    40,
    477,
    -1209,
    -80,
    477,
    -1206,
    209,
    363,
    -1209,
    145,
    384,
    -1218,
    198,
    433,
    -1196,
    -198,
    433,
    -1196,
    -145,
    384,
    -1218,
    -209,
    363,
    -1209,
    106,
    393,
    -1205,
    273,
    439,
    -1168,
    226,
    373,
    -1202,
    211,
    478,
    -1166,
    211,
    478,
    -1180,
    -225,
    373,
    -1202,
    -273,
    439,
    -1168,
    -211,
    478,
    -1180,
    185,
    479,
    -1188,
    80,
    477,
    -1206,
    86,
    546,
    -1178,
    -43,
    547,
    -1183,
    306,
    563,
    -926,
    -292,
    470,
    -1149,
    -106,
    393,
    -1205,
    117,
    376,
    -1224,
    238,
    386,
    -1180,
    209,
    363,
    -1194,
    -306,
    563,
    -926,
    -117,
    348,
    -1226,
    -83,
    373,
    -1229,
    -172,
    353,
    -1217,
    -209,
    363,
    -1194,
    -238,
    386,
    -1180,
    -211,
    477,
    -1181,
    -291,
    468,
    -1149,
    -292,
    470,
    -1137,
    292,
    470,
    -1137,
    291,
    468,
    -1149,
    211,
    477,
    -1181,
    0,
    369,
    -1233,
    292,
    470,
    -1149,
    210,
    477,
    -1177,
    80,
    477,
    -1202,
    306,
    521,
    -1107,
    336,
    549,
    -937,
    335,
    533,
    -1012,
    287,
    526,
    -1114,
    -286,
    526,
    -1114,
    -335,
    533,
    -1012,
    -336,
    549,
    -937,
    -306,
    521,
    -1107,
    -75,
    346,
    -1215,
    -79,
    477,
    -1202,
    -86,
    546,
    -1178,
    -185,
    479,
    -1188,
    -211,
    478,
    -1166,
    172,
    353,
    -1217,
    126,
    399,
    -1202,
    43,
    565,
    -985,
    -126,
    399,
    -1202,
    322,
    514,
    -1097,
    325,
    517,
    -1097,
    -325,
    517,
    -1097,
    -322,
    514,
    -1097,
    -170,
    477,
    -1177,
    335,
    546,
    -936,
    -334,
    546,
    -936,
    -37,
    345,
    -1233,
    -172,
    565,
    -968,
    -87,
    565,
    -982,
    290,
    468,
    -1146,
    -210,
    477,
    -1177,
    -290,
    468,
    -1146,
    326,
    560,
    -909,
    326,
    563,
    -910,
    172,
    565,
    -968,
    305,
    559,
    -925,
    -305,
    559,
    -925,
    -326,
    563,
    -910,
    -326,
    560,
    -909
  ],
  "morphTargets": [],
  "morphColors": [],
  "normals": [
    0.040608,
    0.82504,
    0.56361,
    -0.030107,
    0.93311,
    0.35833,
    0.037183,
    0.98532,
    -0.16663,
    0.059686,
    0.95493,
    0.29076,
    -0.20941,
    0.78278,
    -0.58601,
    -0.29984,
    0.7699,
    -0.56334,
    0.045259,
    -0.68904,
    -0.72331,
    0.17828,
    -0.74146,
    -0.64688,
    0.043244,
    -0.99906,
    0.0024347,
    -0.030051,
    0.81007,
    -0.58557,
    -0.0040322,
    0.82637,
    -0.56311,
    -0.0047333,
    0.99989,
    -0.013779,
    0.29984,
    0.7699,
    -0.56334,
    0.20081,
    0.79023,
    -0.57897,
    -0.062729,
    0.95567,
    0.28769,
    -0.00039455,
    0.75796,
    -0.6523,
    0.028366,
    -0.54492,
    -0.83801,
    -0.10028,
    -0.47434,
    -0.87461,
    0.45276,
    -0.55499,
    -0.69785,
    0.053567,
    0.33968,
    -0.93901,
    0.12757,
    0.28349,
    -0.95045,
    -0.12757,
    0.28349,
    -0.95045,
    -0.045956,
    0.34003,
    -0.93929,
    -0.45276,
    -0.55499,
    -0.69785,
    -0.025121,
    0.54142,
    -0.84038,
    0.79744,
    -0.17662,
    -0.57698,
    0.66981,
    -0.42184,
    -0.61107,
    0.052612,
    0.99854,
    -0.012338,
    0.26988,
    -0.37232,
    -0.888,
    -0.66981,
    -0.42184,
    -0.61107,
    -0.79744,
    -0.17662,
    -0.57698,
    -0.26988,
    -0.37232,
    -0.888,
    0.21207,
    -0.39757,
    -0.89273,
    0.11276,
    -0.47076,
    -0.87503,
    0.12896,
    0.78122,
    -0.61079,
    -0.062049,
    0.77266,
    -0.63178,
    -0.098556,
    0.925,
    0.36696,
    -0.66162,
    -0.42344,
    -0.61884,
    0.014363,
    0.54314,
    -0.83952,
    0.064537,
    0.37855,
    -0.92333,
    0.82185,
    -0.5566,
    -0.12149,
    0.43454,
    -0.89896,
    0.055169,
    0.098556,
    0.925,
    0.36696,
    -0.18641,
    -0.738,
    -0.64854,
    -0.05281,
    0.40026,
    -0.91488,
    -0.19564,
    -0.73095,
    -0.65379,
    -0.43454,
    -0.89896,
    0.055169,
    -0.82185,
    -0.5566,
    -0.12149,
    -0.13152,
    0.75892,
    -0.63776,
    -0.84537,
    0.3766,
    -0.37886,
    -0.86292,
    0.49643,
    -0.09447,
    0.86292,
    0.49643,
    -0.09447,
    0.84537,
    0.3766,
    -0.37886,
    0.13152,
    0.75892,
    -0.63776,
    0.002133,
    0.4275,
    -0.90401,
    0.66162,
    -0.42344,
    -0.61884,
    0.037177,
    -0.95199,
    -0.30387,
    0.03459,
    -0.97785,
    -0.20642,
    0.44368,
    0.69455,
    -0.56635,
    0.93286,
    0.36022,
    -0.0043163,
    0.98866,
    -0.14903,
    0.018269,
    0.34847,
    0.82945,
    -0.43654,
    -0.34847,
    0.82945,
    -0.43654,
    -0.98866,
    -0.14903,
    0.018269,
    -0.93286,
    0.36023,
    -0.0043165,
    -0.44368,
    0.69455,
    -0.56635,
    -0.043244,
    -0.99906,
    0.0024347,
    -0.027625,
    -0.9769,
    -0.2119,
    -0.12664,
    0.77726,
    -0.6163,
    -0.21207,
    -0.39757,
    -0.89273,
    -0.050718,
    0.99865,
    -0.010947,
    0.19564,
    -0.73095,
    -0.65379,
    -0.063366,
    0.47873,
    -0.87567,
    -0.0033188,
    -0.5391,
    0.84224,
    0.068758,
    0.45841,
    -0.88608,
    0.79252,
    -0.60711,
    0.057672,
    0.91423,
    0.25364,
    -0.316,
    -0.91423,
    0.25364,
    -0.316,
    -0.79252,
    -0.60711,
    0.057672,
    0.022064,
    0.81461,
    -0.57959,
    0.92735,
    -0.31197,
    0.20665,
    -0.92735,
    -0.31197,
    0.20665,
    -0.036267,
    -0.69924,
    -0.71397,
    0.1763,
    -0.47527,
    0.86199,
    0.08752,
    0.19504,
    0.97688,
    0.39987,
    -0.90831,
    -0.12279,
    -0.037177,
    -0.95199,
    -0.30387,
    -0.39987,
    -0.90831,
    -0.12279,
    0.39021,
    0.14713,
    0.90889,
    0.31995,
    0.73071,
    0.60307,
    -0.1766,
    -0.46778,
    0.86602,
    -0.4496,
    0.31036,
    0.83758,
    0.4496,
    0.31036,
    0.83758,
    -0.31995,
    0.73071,
    0.60308,
    -0.39021,
    0.14713,
    0.90889
  ],
  "colors": [],
  "uvs": [
    []
  ],