{
  "metadata": {
    "formatVersion": 3.1,
    "sourceFile": "hood.obj",
    "generatedBy": "OBJConverter",
    "vertices": 19,
    "faces": 23,
    "normals": 19,
    "colors": 0,
    "uvs": 0,
    "materials": 1
  },
  "scale": 0.5,
  "materials": [
    {
      "DbgColor": 15658734,
      "DbgIndex": 0,
      "DbgName": "07___Default",
      "colorAmbient": [
        0.987,
        0.987,
        0.987
      ],
      "colorDiffuse": [
        0.987,
        0.987,
        0.987
      ],
      "colorSpecular": [
        0.936,
        0.936,
        0.936
      ],
      "illumination": 2,
      "opacity": 1,
      "opticalDensity": 1.5,
      "specularCoef": 20,
      "transparent": true
    }
  ],
  "vertices": [
    -333,
    460,
    730,
    -34,
    399,
    989,
    -41,
    463,
    782,
    -46,
    491,
    569,
    269,
    398,
    952,
    333,
    460,
    730,
    -269,
    398,
    952,
    359,
    391,
    884,
    277,
    489,
    540,
    392,
    449,
    583,
    -377,
    487,
    507,
    -392,
    449,
    583,
    -358,
    391,
    884,
    9,
    360,
    1038,
    -29,
    349,
    1050,
    377,
    487,
    507,
    232,
    350,
    1018,
    29,
    349,
    1050,
    -231,
    350,
    1018
  ],
  "morphTargets": [],
  "morphColors": [],
  "normals": [
    -0.3534,
    0.90875,
    0.22199,
    -0.020616,
    0.87914,
    0.47611,
    -0.0071038,
    0.97465,
    0.22364,
    -0.0090039,
    0.99125,
    0.13169,
    0.30264,
    0.78834,
    0.53566,
    0.35122,
    0.90868,
    0.22572,
    -0.30723,
    0.78567,
    0.53697,
    0.40731,
    0.83351,
    0.37331,
    0.042691,
    0.98972,
    0.13649,
    0.67772,
    0.7025,
    0.21723,
    -0.23992,
    0.9569,
    0.16363,
    -0.67772,
    0.7025,
    0.21723,
    -0.40731,
    0.83351,
    0.37331,
    0.044721,
    0.79795,
    0.60106,
    -0.060998,
    0.77044,
    0.63458,
    0.27427,
    0.94667,
    0.16909,
    0.17425,
    0.74181,
    0.64757,
    0.077767,
    0.80149,
    0.59293,
    -0.17425,
    0.74181,
    0.64757
  ],
  "colors": [],
  "uvs": [
    []
  ],
  "faces": [
    34,
    0,
    1,
    2,
    0,
    0,
    1,
    2,
    34,
    0,
    2,
    3,
    0,
    0,
    2,
    3,
    34,
    4,
    5,
    1,
    0,
    4,
    5,
    1,
    34,
    0,
    6,
    1,
    0,
    0,
    6,
    1,
    34,
    7,
    5,
    4,
    0,
    7,
    5,
    4,
    34,
    2,
    8,
    3,
    0,
    2,
    8,
    3,
    34,
    5,
    7,
    9,
    0,
    5,
    7,
    9,
    34,
    10,
    0,
    3,
    0,
    10,
    0,
    3,
    34,
    11,
    12,
    0,
    0,
    11,
    12,
    0,
    34,
    6,
    0,
    12,
    0,
    6,
    0,
    12,
    34,
    4,
    1,
    13,
    0,
    4,
    1,
    13,
    34,
    6,
    14,
    1,
    0,
    6,
    14,
    1,
    34,
    14,
    13,
    1,
    0,
    14,
    13,
    1,
    34,
    5,
    9,
    15,
    0,
    5,
    9,
    15,
    34,
    16,
    4,
    17,
    0,
    16,
    4,
    17,
    34,
    16,
    7,
    4,
    0,
    16,
    7,
    4,
    34,
    2,
    1,
    5,
    0,
    2,
    1,
    5,
    34,
    8,
    2,
    5,
    0,
    8,
    2,
    5,
    34,
    6,
    12,
    18,
    0,
    6,
    12,
    18,
    34,
    14,
    6,
    18,
    0,
    14,
    6,
    18,
    34,
    10,
    11,
    0,
    0,
    10,
    11,
    0,
    34,
    8,
    5,
    15,
    0,
    8,
    5,
    15,
    34,
    13,
    17,
    4,
    0,
    13,
    17,
    4
  ]
}