{
  "metadata": {
    "formatVersion": 3.1,
    "sourceFile": "reflector.obj",
    "generatedBy": "OBJConverter",
    "vertices": 44,
    "faces": 59,
    "normals": 42,
    "colors": 0,
    "uvs": 0,
    "materials": 1
  },
  "scale": 0.5,
  "materials": [
    {
      "DbgColor": 15658734,
      "DbgIndex": 0,
      "DbgName": "07___Default",
      "colorAmbient": [
        0.5879999995,
        0.5879999995,
        0.5879999995
      ],
      "colorDiffuse": [
        0.5879999995,
        0.5879999995,
        0.5879999995
      ],
      "colorSpecular": [
        0,
        0,
        0
      ],
      "illumination": 2,
      "opacity": 1,
      "opticalDensity": 1.5,
      "specularCoef": 10,
      "transparent": true
    }
  ],
  "vertices": [
    -423,
    506,
    355,
    -445,
    529,
    305,
    -495,
    519,
    277,
    496,
    519,
    277,
    445,
    529,
    305,
    424,
    506,
    355,
    -419,
    529,
    313,
    -416,
    505,
    351,
    -411,
    514,
    276,
    411,
    514,
    276,
    416,
    505,
    351,
    419,
    529,
    313,
    -499,
    504,
    299,
    499,
    504,
    299,
    -509,
    503,
    271,
    510,
    503,
    271,
    -415,
    488,
    351,
    -412,
    489,
    276,
    -444,
    492,
    352,
    -424,
    487,
    359,
    424,
    487,
    359,
    444,
    492,
    352,
    412,
    489,
    276,
    415,
    488,
    351,
    -500,
    487,
    252,
    -422,
    537,
    273,
    -423,
    469,
    273,
    -420,
    538,
    273,
    -475,
    531,
    259,
    -416,
    535,
    275,
    416,
    535,
    275,
    476,
    531,
    259,
    420,
    538,
    273,
    498,
    496,
    303,
    508,
    496,
    273,
    -508,
    496,
    273,
    -498,
    496,
    303,
    -492,
    523,
    254,
    492,
    523,
    254,
    -507,
    503,
    250,
    -507,
    496,
    250,
    505,
    513,
    251,
    507,
    496,
    250,
    508,
    503,
    250
  ],
  "morphTargets": [],
  "morphColors": [],
  "normals": [
    0.0188,
    0.57504,
    0.81791,
    -0.25828,
    0.89474,
    0.36433,
    -0.58796,
    0.77749,
    0.22321,
    0.57,
    0.78207,
    0.25193,
    0.25828,
    0.89474,
    0.36433,
    -0.0188,
    0.57504,
    0.81791,
    0.50326,
    0.8043,
    0.31596,
    0.75231,
    0.4193,
    0.50814,
    0.83154,
    0.080574,
    -0.54958,
    -0.83154,
    0.080574,
    -0.54958,
    -0.75231,
    0.4193,
    0.50814,
    -0.50326,
    0.8043,
    0.31596,
    -0.72499,
    0.4606,
    0.5121,
    0.72499,
    0.4606,
    0.5121,
    -0.96562,
    0.24489,
    0.087281,
    0.97099,
    0.20264,
    0.12691,
    0.88908,
    0.064152,
    0.45324,
    0.99755,
    -0.027299,
    -0.064396,
    -0.44874,
    0.49219,
    0.74591,
    0.18232,
    0.1852,
    0.96564,
    -0.18232,
    0.1852,
    0.96564,
    0.44874,
    0.49219,
    0.74591,
    -0.99755,
    -0.027299,
    -0.064396,
    -0.88908,
    0.064152,
    0.45324,
    0.26074,
    -2.564e-7,
    -0.96541,
    0.22433,
    0.96506,
    -0.13541,
    -0.073058,
    0.80211,
    -0.59269,
    0.74744,
    0.48231,
    -0.45686,
    -0.74743,
    0.48231,
    -0.45686,
    0.073057,
    0.80211,
    -0.59269,
    -0.22433,
    0.96506,
    -0.13541,
    0.78333,
    0.15311,
    0.60246,
    0.97401,
    -0.15309,
    0.16691,
    -0.97401,
    -0.15309,
    0.16691,
    -0.78333,
    0.15311,
    0.60246,
    -0.61414,
    0.78566,
    -0.074627,
    0.50754,
    0.85291,
    -0.12228,
    -0.95406,
    0.28835,
    -0.081419,
    -0.98767,
    -0.12682,
    -0.09178,
    0.52429,
    0.48673,
    -0.69873,
    0.98767,
    -0.12682,
    -0.09178,
    0.96885,
    0.09714,
    -0.22781
  ],
  "colors": [],
  "uvs": [
    []
  ],
  "faces": [
    34,
    0,
    1,
    2,
    0,
    0,
    1,
    2,
    34,
    3,
    4,
    5,
    0,
    3,
    4,
    5,
    34,
    6,
    7,
    8,
    0,
    6,
    7,
    8,
    34,
    9,
    10,
    11,
    0,
    9,
    10,
    11,
    34,
    2,
    12,
    0,
    0,
    2,
    12,
    0,
    34,
    5,
    13,
    3,
    0,
    5,
    13,
    3,
    34,
    12,
    2,
    14,
    0,
    12,
    2,
    14,
    34,
    15,
    3,
    13,
    0,
    15,
    3,
    13,
    34,
    7,
    16,
    17,
    0,
    7,
    16,
    17,
    34,
    0,
    18,
    19,
    0,
    0,
    18,
    19,
    34,
    20,
    21,
    5,
    0,
    20,
    21,
    5,
    34,
    22,
    23,
    10,
    0,
    22,
    23,
    10,
    34,
    18,
    0,
    12,
    0,
    18,
    0,
    12,
    34,
    13,
    5,
    21,
    0,
    13,
    5,
    21,
    34,
    24,
    25,
    26,
    0,
    24,
    24,
    24,
    34,
    27,
    28,
    1,
    0,
    25,
    26,
    1,
    34,
    29,
    6,
    8,
    0,
    27,
    6,
    8,
    34,
    9,
    11,
    30,
    0,
    9,
    11,
    28,
    34,
    4,
    31,
    32,
    0,
    4,
    29,
    30,
    34,
    33,
    34,
    15,
    0,
    31,
    32,
    15,
    34,
    14,
    35,
    36,
    0,
    14,
    33,
    34,
    34,
    28,
    2,
    1,
    0,
    26,
    2,
    1,
    34,
    27,
    37,
    28,
    0,
    25,
    35,
    26,
    34,
    31,
    38,
    32,
    0,
    29,
    36,
    30,
    34,
    4,
    3,
    31,
    0,
    4,
    3,
    29,
    34,
    7,
    0,
    19,
    0,
    7,
    0,
    19,
    34,
    0,
    7,
    6,
    0,
    0,
    7,
    6,
    34,
    11,
    10,
    5,
    0,
    11,
    10,
    5,
    34,
    20,
    5,
    10,
    0,
    20,
    5,
    10,
    34,
    10,
    23,
    20,
    0,
    10,
    23,
    20,
    34,
    19,
    16,
    7,
    0,
    19,
    16,
    7,
    34,
    39,
    14,
    2,
    0,
    37,
    14,
    2,
    34,
    14,
    39,
    40,
    0,
    14,
    37,
    38,
    34,
    3,
    15,
    41,
    0,
    3,
    15,
    39,
    34,
    42,
    43,
    15,
    0,
    40,
    41,
    15,
    34,
    31,
    3,
    38,
    0,
    29,
    3,
    36,
    34,
    41,
    38,
    3,
    0,
    39,
    36,
    3,
    34,
    2,
    37,
    39,
    0,
    2,
    35,
    37,
    34,
    37,
    2,
    28,
    0,
    35,
    2,
    26,
    34,
    15,
    13,
    33,
    0,
    15,
    13,
    31,
    34,
    21,
    33,
    13,
    0,
    21,
    31,
    13,
    34,
    36,
    12,
    14,
    0,
    34,
    12,
    14,
    34,
    12,
    36,
    18,
    0,
    12,
    34,
    18,
    34,
    17,
    8,
    7,
    0,
    17,
    8,
    7,
    34,
    29,
    8,
    17,
    0,
    27,
    8,
    17,
    34,
    22,
    9,
    30,
    0,
    22,
    9,
    28,
    34,
    10,
    9,
    22,
    0,
    10,
    9,
    22,
    34,
    17,
    27,
    29,
    0,
    17,
    25,
    27,
    34,
    6,
    29,
    27,
    0,
    6,
    27,
    25,
    34,
    30,
    32,
    22,
    0,
    28,
    30,
    22,
    34,
    32,
    30,
    11,
    0,
    30,
    28,
    11,
    34,
    4,
    11,
    5,
    0,
    4,
    11,
    5,
    34,
    32,
    11,
    4,
    0,
    30,
    11,
    4,
    34,
    0,
    6,
    1,
    0,
    0,
    6,
    1,
    34,
    1,
    6,
    27,
    0,
    1,
    6,
    25,
    34,
    14,
    40,
    35,
    0,
    14,
    38,
    33,
    34,
    34,
    42,
    15,
    0,
    32,
    40,
    15,
    34,
    41,
    43,
    38,
    0,
    39,
    41,
    36,
    34,
    41,
    15,
    43,
    0,
    39,
    15,
    41
  ]
}