{
  "metadata": {
    "formatVersion": 3.1,
    "sourceFile": "roof.obj",
    "generatedBy": "OBJConverter",
    "vertices": 23,
    "faces": 23,
    "normals": 26,
    "colors": 0,
    "uvs": 0,
    "materials": 1
  },
  "scale": 0.5,
  "materials": [
    {
      "DbgColor": 15658734,
      "DbgIndex": 0,
      "DbgName": "_roofbody",
      "colorAmbient": [
        0.0078431377,
        0.180392161,
        0.392156899
      ],
      "colorDiffuse": [
        0.0078431377,
        0.180392161,
        0.392156899
      ],
      "colorSpecular": [
        0.4980392456,
        0.4980392456,
        0.4980392456
      ],
      "illumination": 2,
      "opacity": 1,
      "opticalDensity": 1.5,
      "specularCoef": 6,
      "transparent": true
    }
  ],
  "vertices": [
    0,
    679,
    161,
    130,
    724,
    -246,
    -263,
    713,
    -169,
    253,
    713,
    -346,
    249,
    711,
    -435,
    270,
    709,
    -81,
    -277,
    700,
    5,
    124,
    693,
    -743,
    -124,
    693,
    -743,
    0,
    698,
    -742,
    278,
    700,
    5,
    146,
    677,
    155,
    244,
    701,
    -600,
    -246,
    706,
    -524,
    -253,
    713,
    -346,
    -243,
    695,
    -661,
    263,
    713,
    -169,
    -295,
    672,
    133,
    246,
    706,
    -524,
    296,
    672,
    133,
    -146,
    677,
    155,
    -241,
    686,
    -747,
    241,
    686,
    -747
  ],
  "morphTargets": [],
  "morphColors": [],
  "normals": [
    -0.037132,
    0.98978,
    0.13766,
    0.033451,
    0.99944,
    0.0032429,
    -0.11917,
    0.99259,
    0.023772,
    0.12269,
    0.99208,
    -0.026972,
    0.12535,
    0.99109,
    -0.045078,
    0.11998,
    0.99068,
    0.064511,
    -0.12419,
    0.98432,
    0.12524,
    -0.025165,
    -0.092759,
    -0.99537,
    0.025164,
    -0.09273,
    -0.99537,
    -1.28e-8,
    0.004583,
    -0.99999,
    0.12421,
    0.98432,
    0.12524,
    0.050866,
    0.94147,
    0.33325,
    1.73e-8,
    0.98684,
    -0.16169,
    0.13005,
    0.98793,
    -0.084168,
    0.036446,
    0.98596,
    -0.16295,
    -0.12784,
    0.98975,
    -0.063722,
    -0.12269,
    0.99208,
    -0.026972,
    -0.13905,
    0.98512,
    -0.10103,
    -0.036446,
    0.98596,
    -0.16294,
    0.11917,
    0.99259,
    0.023773,
    -0.14843,
    0.93671,
    0.3171,
    0.12786,
    0.98974,
    -0.063723,
    0.14843,
    0.93671,
    0.31709,
    -0.050866,
    0.94146,
    0.33325,
    -0.12921,
    0.97758,
    -0.16623,
    0.1292,
    0.97759,
    -0.16623
  ],
  "colors": [],
  "uvs": [
    []
  ],
  "faces": [
    34,
    0,
    1,
    2,
    0,
    0,
    1,
    2,
    34,
    1,
    3,
    4,
    0,
    1,
    3,
    4,
    34,
    1,
    0,
    5,
    0,
    1,
    0,
    5,
    34,
    2,
    6,
    0,
    0,
    2,
    6,
    0,
    34,
    7,
    8,
    9,
    0,
    7,
    8,
    9,
    34,
    10,
    0,
    11,
    0,
    10,
    0,
    11,
    34,
    9,
    12,
    7,
    0,
    12,
    13,
    14,
    34,
    13,
    14,
    1,
    0,
    15,
    16,
    1,
    34,
    15,
    9,
    8,
    0,
    17,
    12,
    18,
    34,
    16,
    1,
    5,
    0,
    19,
    1,
    5,
    34,
    6,
    17,
    0,
    0,
    6,
    20,
    0,
    34,
    15,
    13,
    9,
    0,
    17,
    15,
    12,
    34,
    1,
    16,
    3,
    0,
    1,
    19,
    3,
    34,
    14,
    2,
    1,
    0,
    16,
    2,
    1,
    34,
    18,
    12,
    1,
    0,
    21,
    13,
    1,
    34,
    11,
    19,
    10,
    0,
    11,
    22,
    10,
    34,
    20,
    0,
    17,
    0,
    23,
    0,
    20,
    34,
    8,
    21,
    15,
    0,
    18,
    24,
    17,
    34,
    12,
    22,
    7,
    0,
    13,
    25,
    14,
    34,
    1,
    9,
    13,
    0,
    1,
    12,
    15,
    34,
    9,
    1,
    12,
    0,
    12,
    1,
    13,
    34,
    0,
    10,
    5,
    0,
    0,
    10,
    5,
    34,
    1,
    4,
    18,
    0,
    1,
    4,
    21
  ]
}