{
  "metadata": {
    "formatVersion": 3.1,
    "sourceFile": "sideskirt.obj",
    "generatedBy": "OBJConverter",
    "vertices": 26,
    "faces": 34,
    "normals": 26,
    "colors": 0,
    "uvs": 0,
    "materials": 1
  },
  "scale": 0.5,
  "materials": [
    {
      "DbgColor": 15658734,
      "DbgIndex": 0,
      "DbgName": "07___Default",
      "colorAmbient": [
        0.5879999995,
        0.5879999995,
        0.5879999995
      ],
      "colorDiffuse": [
        0.5879999995,
        0.5879999995,
        0.5879999995
      ],
      "colorSpecular": [
        0,
        0,
        0
      ],
      "illumination": 2,
      "opacity": 1,
      "opticalDensity": 1.5,
      "specularCoef": 10,
      "transparent": true
    }
  ],
  "vertices": [
    419,
    100,
    477,
    402,
    114,
    -476,
    431,
    149,
    -372,
    -431,
    149,
    -372,
    -401,
    114,
    -476,
    -418,
    100,
    477,
    441,
    133,
    478,
    -440,
    133,
    478,
    426,
    160,
    -477,
    433,
    189,
    -412,
    -432,
    189,
    -412,
    -425,
    160,
    -477,
    430,
    222,
    -436,
    423,
    166,
    -388,
    428,
    141,
    478,
    -427,
    141,
    478,
    -422,
    166,
    -388,
    -428,
    189,
    -411,
    -406,
    97,
    477,
    407,
    97,
    477,
    389,
    111,
    -475,
    -389,
    111,
    -475,
    -430,
    222,
    -436,
    -433,
    210,
    -485,
    434,
    210,
    -485,
    -412,
    222,
    -436
  ],
  "morphTargets": [],
  "morphColors": [],
  "normals": [
    0.43869,
    -0.65543,
    0.61479,
    0.44634,
    -0.64265,
    -0.62272,
    0.99396,
    -0.10553,
    0.029953,
    -0.99433,
    -0.10274,
    0.027257,
    -0.44634,
    -0.64265,
    -0.62272,
    -0.43869,
    -0.65543,
    0.61479,
    0.8045,
    0.1578,
    0.5726,
    -0.8045,
    0.1578,
    0.5726,
    0.79849,
    -0.29722,
    -0.52352,
    0.97916,
    0.12742,
    0.15815,
    -0.79633,
    0.37566,
    0.47406,
    -0.79849,
    -0.29722,
    -0.52352,
    0.98291,
    0.15503,
    0.099302,
    0.1358,
    0.7263,
    0.67383,
    0.39891,
    0.60444,
    0.68958,
    -0.39892,
    0.60444,
    0.68958,
    -0.25839,
    0.74043,
    0.62048,
    -0.10271,
    0.65594,
    0.74779,
    -0.18218,
    -0.85675,
    0.48248,
    0.18218,
    -0.85675,
    0.48248,
    0.18965,
    -0.85397,
    -0.48453,
    -0.18965,
    -0.85397,
    -0.48454,
    -0.74157,
    0.44102,
    0.50555,
    -0.98183,
    -0.10179,
    -0.16017,
    0.98183,
    -0.10179,
    -0.16017,
    -0.013193,
    0.60731,
    0.79436
  ],
  "colors": [],
  "uvs": [
    []
  ],
  "faces": [
    34,
    0,
    1,
    2,
    0,
    0,
    1,
    2,
    34,
    3,
    4,
    5,
    0,
    3,
    4,
    5,
    34,
    6,
    0,
    2,
    0,
    6,
    0,
    2,
    34,
    3,
    5,
    7,
    0,
    3,
    5,
    7,
    34,
    2,
    8,
    9,
    0,
    2,
    8,
    9,
    34,
    10,
    11,
    3,
    0,
    10,
    11,
    3,
    34,
    8,
    2,
    1,
    0,
    8,
    2,
    1,
    34,
    4,
    3,
    11,
    0,
    4,
    3,
    11,
    34,
    12,
    13,
    2,
    0,
    12,
    13,
    2,
    34,
    2,
    13,
    14,
    0,
    2,
    13,
    14,
    34,
    15,
    16,
    3,
    0,
    15,
    16,
    3,
    34,
    3,
    16,
    17,
    0,
    3,
    16,
    17,
    34,
    18,
    15,
    7,
    0,
    18,
    15,
    7,
    34,
    3,
    7,
    15,
    0,
    3,
    7,
    15,
    34,
    6,
    14,
    19,
    0,
    6,
    14,
    19,
    34,
    14,
    6,
    2,
    0,
    14,
    6,
    2,
    34,
    0,
    19,
    20,
    0,
    0,
    19,
    20,
    34,
    19,
    0,
    6,
    0,
    19,
    0,
    6,
    34,
    21,
    18,
    5,
    0,
    21,
    18,
    5,
    34,
    7,
    5,
    18,
    0,
    7,
    5,
    18,
    34,
    17,
    10,
    3,
    0,
    17,
    10,
    3,
    34,
    22,
    23,
    10,
    0,
    22,
    23,
    10,
    34,
    2,
    9,
    12,
    0,
    2,
    9,
    12,
    34,
    9,
    24,
    12,
    0,
    9,
    24,
    12,
    34,
    9,
    8,
    24,
    0,
    9,
    8,
    24,
    34,
    24,
    8,
    1,
    0,
    24,
    8,
    1,
    34,
    23,
    11,
    10,
    0,
    23,
    11,
    10,
    34,
    4,
    11,
    23,
    0,
    4,
    11,
    23,
    34,
    1,
    20,
    24,
    0,
    1,
    20,
    24,
    34,
    20,
    1,
    0,
    0,
    20,
    1,
    0,
    34,
    5,
    4,
    21,
    0,
    5,
    4,
    21,
    34,
    23,
    21,
    4,
    0,
    23,
    21,
    4,
    34,
    22,
    10,
    17,
    0,
    22,
    10,
    17,
    34,
    17,
    25,
    22,
    0,
    17,
    25,
    22
  ]
}