{
  "metadata": {
    "formatVersion": 3.1,
    "sourceFile": "reflector.obj",
    "generatedBy": "OBJConverter",
    "vertices": 38,
    "faces": 48,
    "normals": 71,
    "colors": 0,
    "uvs": 0,
    "materials": 1
  },
  "scale": 0.5,
  "materials": [
    {
      "DbgColor": 15658734,
      "DbgIndex": 0,
      "DbgName": "08___Default2222",
      "colorAmbient": [
        0.5879999995,
        0.5879999995,
        0.5879999995
      ],
      "colorDiffuse": [
        0.5879999995,
        0.5879999995,
        0.5879999995
      ],
      "colorSpecular": [
        0,
        0,
        0
      ],
      "illumination": 2,
      "opacity": 1,
      "opticalDensity": 1.5,
      "specularCoef": 10,
      "transparent": true
    }
  ],
  "vertices": [
    -404,
    543,
    263,
    -462,
    539,
    236,
    -402,
    512,
    303,
    480,
    533,
    205,
    446,
    541,
    243,
    435,
    512,
    292,
    399,
    492,
    244,
    402,
    512,
    303,
    404,
    543,
    263,
    478,
    501,
    249,
    -478,
    501,
    249,
    -435,
    512,
    292,
    -399,
    492,
    244,
    -493,
    501,
    202,
    -456,
    501,
    266,
    -430,
    492,
    290,
    -405,
    494,
    290,
    430,
    492,
    290,
    456,
    501,
    266,
    405,
    494,
    290,
    492,
    501,
    202,
    461,
    539,
    207,
    475,
    481,
    201,
    409,
    477,
    230,
    -407,
    477,
    230,
    -472,
    481,
    201,
    -407,
    544,
    230,
    407,
    544,
    241,
    463,
    543,
    215,
    -463,
    543,
    215,
    -481,
    533,
    205,
    -448,
    493,
    272,
    447,
    493,
    272,
    -407,
    544,
    241,
    -404,
    492,
    244,
    404,
    492,
    244,
    488,
    501,
    202,
    -488,
    501,
    202
  ],
  "morphTargets": [],
  "morphColors": [],
  "normals": [
    -0.25283,
    0.86172,
    0.4399,
    -0.52857,
    0.75718,
    0.38379,
    -0.23627,
    0.24307,
    0.94079,
    0.77366,
    0.49596,
    0.39431,
    0.38787,
    0.84223,
    0.37444,
    0.50856,
    0.32347,
    0.79796,
    -0.99934,
    0.036184,
    0.0033878,
    -0.99677,
    -0.050541,
    0.062437,
    -0.9922,
    0.11367,
    -0.051078,
    0.73067,
    0.49167,
    0.4737,
    -0.78971,
    0.41996,
    0.4472,
    -0.49098,
    0.34156,
    0.80142,
    0.99221,
    0.11367,
    -0.051077,
    0.99677,
    -0.050539,
    0.062436,
    0.99934,
    0.036185,
    0.0033879,
    -0.85302,
    0.38804,
    0.34897,
    -0.54838,
    -0.52972,
    0.64705,
    -0.43759,
    -0.31244,
    0.84315,
    0.95447,
    -0.26743,
    0.13213,
    0.43759,
    -0.31244,
    0.84315,
    0.54838,
    -0.52972,
    0.64705,
    -0.95447,
    -0.26743,
    0.13214,
    0.90465,
    0.32161,
    0.2796,
    -0.39944,
    0.0027841,
    -0.91676,
    -0.39944,
    0.0027841,
    -0.91676,
    -0.39944,
    0.0027841,
    -0.91676,
    0.39944,
    0.0027861,
    -0.91676,
    0.39944,
    0.0027861,
    -0.91676,
    -0.25792,
    0.1688,
    -0.95131,
    -0.24085,
    0.077976,
    -0.96743,
    -0.40944,
    0.1743,
    -0.89553,
    0.22385,
    0.23681,
    0.94542,
    0.23776,
    0.86945,
    0.43304,
    -0.43993,
    0.87475,
    0.20315,
    -0.81285,
    0.40983,
    0.41389,
    0.014665,
    -0.99988,
    -0.0057522,
    0.015553,
    -0.99986,
    -0.0062609,
    0.010067,
    -0.99994,
    -0.0031174,
    -0.010061,
    -0.99994,
    -0.0031155,
    -0.015547,
    -0.99986,
    -0.0062593,
    -0.01466,
    -0.99988,
    -0.0057506,
    0.06305,
    -0.61484,
    0.78613,
    0.056525,
    -0.99218,
    -0.11131,
    0.037801,
    -0.99574,
    -0.084137,
    0.056525,
    -0.99218,
    -0.11131,
    -0.056525,
    -0.99218,
    -0.11131,
    -0.037801,
    -0.99574,
    -0.084135,
    -0.056525,
    -0.99218,
    -0.11131,
    -0.063051,
    -0.61484,
    0.78613,
    -0.70748,
    -0.27929,
    0.6492,
    0.70748,
    -0.27929,
    0.64921,
    0.54361,
    0.74715,
    0.38245,
    0.081595,
    0.99229,
    0.093309,
    0.40944,
    0.1743,
    -0.89553,
    0.24084,
    0.077975,
    -0.96743,
    0.25792,
    0.16881,
    -0.95131,
    -0.0085767,
    -0.06031,
    -0.99814,
    -0.0085767,
    -0.06031,
    -0.99814,
    -0.039579,
    -0.99881,
    0.028491,
    -0.039579,
    -0.99881,
    0.028491,
    0.0085646,
    -0.060309,
    -0.99814,
    0.039574,
    -0.99881,
    0.028491,
    0.039574,
    -0.99881,
    0.028491,
    0.15116,
    0.13527,
    -0.97921,
    0.15116,
    0.13527,
    -0.97921,
    -0.0090524,
    -0.99996,
    -0.0025374,
    -0.15116,
    0.13527,
    -0.97921,
    0.0090588,
    -0.99996,
    -0.0025394,
    0.98368,
    0.13716,
    -0.11646,
    -0.0593,
    0.99496,
    0.080895,
    -0.98368,
    0.13716,
    -0.11646
  ],
  "colors": [],
  "uvs": [
    []
  ],
  "faces": [
    34,
    0,
    1,
    2,
    0,
    0,
    1,
    2,
    34,
    3,
    4,
    5,
    0,
    3,
    4,
    5,
    34,
    6,
    7,
    8,
    0,
    6,
    7,
    8,
    34,
    5,
    9,
    3,
    0,
    5,
    9,
    3,
    34,
    1,
    10,
    11,
    0,
    1,
    10,
    11,
    34,
    0,
    2,
    12,
    0,
    12,
    13,
    14,
    34,
    13,
    10,
    1,
    0,
    15,
    10,
    1,
    34,
    11,
    14,
    15,
    0,
    11,
    16,
    17,
    34,
    12,
    2,
    16,
    0,
    14,
    13,
    18,
    34,
    5,
    17,
    18,
    0,
    5,
    19,
    20,
    34,
    19,
    7,
    6,
    0,
    21,
    7,
    6,
    34,
    3,
    9,
    20,
    0,
    3,
    9,
    22,
    34,
    21,
    22,
    23,
    0,
    23,
    24,
    25,
    34,
    24,
    25,
    26,
    0,
    26,
    27,
    27,
    34,
    3,
    27,
    28,
    0,
    28,
    29,
    30,
    34,
    7,
    4,
    8,
    0,
    31,
    4,
    32,
    34,
    1,
    0,
    29,
    0,
    1,
    0,
    33,
    34,
    13,
    1,
    30,
    0,
    15,
    1,
    34,
    34,
    17,
    5,
    7,
    0,
    19,
    5,
    31,
    34,
    4,
    7,
    5,
    0,
    4,
    31,
    5,
    34,
    11,
    2,
    1,
    0,
    11,
    2,
    1,
    34,
    2,
    11,
    15,
    0,
    2,
    11,
    17,
    34,
    14,
    10,
    13,
    0,
    35,
    36,
    37,
    34,
    14,
    11,
    10,
    0,
    16,
    11,
    10,
    34,
    20,
    9,
    18,
    0,
    38,
    39,
    40,
    34,
    9,
    5,
    18,
    0,
    9,
    5,
    20,
    34,
    16,
    2,
    15,
    0,
    41,
    2,
    17,
    34,
    31,
    16,
    15,
    0,
    42,
    43,
    44,
    34,
    17,
    19,
    32,
    0,
    45,
    46,
    47,
    34,
    7,
    19,
    17,
    0,
    31,
    48,
    19,
    34,
    14,
    31,
    15,
    0,
    16,
    49,
    17,
    34,
    17,
    32,
    18,
    0,
    19,
    50,
    20,
    34,
    28,
    4,
    3,
    0,
    51,
    4,
    3,
    34,
    4,
    28,
    27,
    0,
    4,
    51,
    52,
    34,
    29,
    33,
    30,
    0,
    53,
    54,
    55,
    34,
    29,
    30,
    1,
    0,
    33,
    34,
    1,
    34,
    12,
    34,
    33,
    0,
    56,
    57,
    54,
    34,
    16,
    34,
    12,
    0,
    43,
    58,
    59,
    34,
    27,
    35,
    6,
    0,
    29,
    60,
    60,
    34,
    6,
    35,
    19,
    0,
    61,
    62,
    46,
    34,
    20,
    36,
    3,
    0,
    63,
    64,
    28,
    34,
    18,
    36,
    20,
    0,
    40,
    65,
    38,
    34,
    30,
    37,
    13,
    0,
    55,
    66,
    66,
    34,
    13,
    37,
    14,
    0,
    37,
    67,
    35,
    34,
    12,
    33,
    0,
    0,
    14,
    68,
    12,
    34,
    33,
    29,
    0,
    0,
    69,
    33,
    0,
    34,
    27,
    8,
    4,
    0,
    52,
    32,
    4,
    34,
    8,
    27,
    6,
    0,
    8,
    70,
    6
  ]
}