{
  "metadata": {
    "formatVersion": 3.1,
    "sourceFile": "roof.obj",
    "generatedBy": "OBJConverter",
    "vertices": 31,
    "faces": 46,
    "normals": 46,
    "colors": 0,
    "uvs": 0,
    "materials": 1
  },
  "scale": 0.5,
  "materials": [
    {
      "DbgColor": 15658734,
      "DbgIndex": 0,
      "DbgName": "08___Default2222",
      "colorAmbient": [
        0.5879999995,
        0.5879999995,
        0.5879999995
      ],
      "colorDiffuse": [
        0.5879999995,
        0.5879999995,
        0.5879999995
      ],
      "colorSpecular": [
        0,
        0,
        0
      ],
      "illumination": 2,
      "opacity": 1,
      "opticalDensity": 1.5,
      "specularCoef": 10,
      "transparent": true
    }
  ],
  "vertices": [
    -96,
    683,
    -68,
    96,
    683,
    -68,
    45,
    690,
    -185,
    275,
    675,
    -185,
    96,
    687,
    -293,
    -275,
    671,
    -185,
    -275,
    670,
    -365,
    -275,
    635,
    -620,
    -144,
    644,
    -658,
    -144,
    673,
    -495,
    -45,
    652,
    -665,
    0,
    682,
    -446,
    143,
    673,
    -495,
    -96,
    689,
    -185,
    -275,
    675,
    -185,
    275,
    635,
    -620,
    275,
    670,
    -365,
    275,
    671,
    -185,
    237,
    639,
    -637,
    96,
    650,
    -662,
    -96,
    687,
    -293,
    278,
    658,
    -19,
    -278,
    658,
    -19,
    -237,
    639,
    -637,
    48,
    666,
    65,
    102,
    661,
    59,
    284,
    648,
    12,
    -102,
    661,
    59,
    -284,
    648,
    12,
    -153,
    663,
    49,
    143,
    644,
    -658
  ],
  "morphTargets": [],
  "morphColors": [],
  "normals": [
    -0.051521,
    0.9934,
    0.10244,
    0.058463,
    0.993,
    0.1026,
    0.022177,
    0.99962,
    0.016449,
    0.086181,
    0.99585,
    0.029348,
    0.044319,
    0.9986,
    -0.028809,
    -0.99996,
    -0.00005091,
    -0.0092858,
    -1,
    -0.0021011,
    -0.00017678,
    -1,
    -0.0021178,
    -0.00017674,
    -0.089378,
    0.98061,
    -0.1744,
    -0.081535,
    0.98992,
    -0.11578,
    -0.025415,
    0.98834,
    -0.15011,
    0.00047376,
    0.99633,
    -0.085572,
    0.080535,
    0.99018,
    -0.11428,
    -0.045099,
    0.99887,
    0.015261,
    -0.087954,
    0.99575,
    0.027489,
    1,
    -0.0021137,
    -0.00017671,
    1,
    -0.0020971,
    -0.00017675,
    0.99996,
    -0.000050232,
    -0.0092856,
    0.13835,
    0.97941,
    -0.147,
    0.047898,
    0.98764,
    -0.14921,
    -0.098129,
    0.99327,
    -0.061494,
    -0.045273,
    0.99851,
    -0.030508,
    0.073548,
    0.97192,
    0.22351,
    -0.073549,
    0.97192,
    0.22351,
    -0.1326,
    0.97963,
    -0.15083,
    0.03564,
    0.98797,
    0.15048,
    0.11799,
    0.97914,
    0.16543,
    0.076355,
    0.96622,
    0.24614,
    0.099145,
    0.99309,
    -0.062839,
    -0.02048,
    0.98509,
    0.17081,
    -0.088974,
    0.97159,
    0.21932,
    -0.079438,
    0.98804,
    0.13216,
    0.15242,
    0.85868,
    -0.48932,
    3.138e-7,
    -0.67992,
    -0.73328,
    0.00012315,
    -0.67818,
    -0.7349,
    0.15116,
    0.88295,
    -0.44447,
    0.015625,
    -0.48618,
    -0.87372,
    0.99996,
    3.025e-7,
    -0.0090768,
    0.99983,
    3.078e-7,
    -0.018422,
    -0.99996,
    -2.923e-7,
    -0.009077,
    -0.99983,
    -2.87e-7,
    -0.018423,
    0.15783,
    0.97826,
    -0.13454,
    -0.1259,
    -0.57474,
    0.80859,
    3.89e-8,
    -0.70751,
    0.70671,
    -0.15783,
    0.97826,
    -0.13454,
    -0.17802,
    -0.51034,
    0.84134
  ],
  "colors": [],
  "uvs": [
    []
  ],
  "faces": [
    34,
    0,
    1,
    2,
    0,
    0,
    1,
    2,
    34,
    2,
    3,
    4,
    0,
    2,
    3,
    4,
    34,
    5,
    6,
    7,
    0,
    5,
    6,
    7,
    34,
    8,
    9,
    10,
    0,
    8,
    9,
    10,
    34,
    10,
    11,
    12,
    0,
    10,
    11,
    12,
    34,
    3,
    2,
    1,
    0,
    3,
    2,
    1,
    34,
    0,
    13,
    14,
    0,
    0,
    13,
    14,
    34,
    15,
    16,
    17,
    0,
    15,
    16,
    17,
    34,
    18,
    19,
    12,
    0,
    18,
    19,
    12,
    34,
    6,
    14,
    13,
    0,
    20,
    14,
    13,
    34,
    4,
    11,
    20,
    0,
    4,
    11,
    21,
    34,
    1,
    21,
    3,
    0,
    1,
    22,
    3,
    34,
    14,
    22,
    0,
    0,
    14,
    23,
    0,
    34,
    9,
    8,
    23,
    0,
    9,
    8,
    24,
    34,
    23,
    6,
    9,
    0,
    24,
    20,
    9,
    34,
    20,
    9,
    6,
    0,
    21,
    9,
    20,
    34,
    1,
    0,
    24,
    0,
    1,
    0,
    25,
    34,
    1,
    25,
    26,
    0,
    1,
    26,
    27,
    34,
    16,
    4,
    3,
    0,
    28,
    4,
    3,
    34,
    12,
    16,
    18,
    0,
    12,
    28,
    18,
    34,
    0,
    27,
    24,
    0,
    0,
    29,
    25,
    34,
    28,
    29,
    0,
    0,
    30,
    31,
    0,
    34,
    30,
    8,
    10,
    0,
    32,
    33,
    34,
    34,
    18,
    30,
    19,
    0,
    35,
    32,
    36,
    34,
    17,
    16,
    3,
    0,
    17,
    16,
    37,
    34,
    3,
    21,
    17,
    0,
    37,
    38,
    17,
    34,
    13,
    20,
    6,
    0,
    13,
    21,
    20,
    34,
    20,
    2,
    4,
    0,
    21,
    2,
    4,
    34,
    14,
    6,
    5,
    0,
    39,
    6,
    5,
    34,
    14,
    5,
    22,
    0,
    39,
    5,
    40,
    34,
    15,
    18,
    16,
    0,
    41,
    18,
    28,
    34,
    1,
    24,
    25,
    0,
    1,
    25,
    26,
    34,
    27,
    25,
    24,
    0,
    42,
    43,
    43,
    34,
    0,
    22,
    28,
    0,
    0,
    23,
    30,
    34,
    26,
    21,
    1,
    0,
    27,
    22,
    1,
    34,
    6,
    23,
    7,
    0,
    20,
    24,
    44,
    34,
    11,
    9,
    20,
    0,
    11,
    9,
    21,
    34,
    9,
    11,
    10,
    0,
    9,
    11,
    10,
    34,
    0,
    2,
    13,
    0,
    0,
    2,
    13,
    34,
    2,
    20,
    13,
    0,
    2,
    21,
    13,
    34,
    29,
    27,
    0,
    0,
    31,
    29,
    0,
    34,
    29,
    28,
    27,
    0,
    45,
    45,
    42,
    34,
    10,
    19,
    30,
    0,
    34,
    36,
    32,
    34,
    10,
    12,
    19,
    0,
    10,
    12,
    19,
    34,
    12,
    11,
    4,
    0,
    12,
    11,
    4,
    34,
    16,
    12,
    4,
    0,
    28,
    12,
    4
  ]
}