{
  "metadata": {
    "formatVersion": 3.1,
    "sourceFile": "sideskirt.obj",
    "generatedBy": "OBJConverter",
    "vertices": 40,
    "faces": 36,
    "normals": 60,
    "colors": 0,
    "uvs": 0,
    "materials": 1
  },
  "scale": 0.5,
  "materials": [
    {
      "DbgColor": 15658734,
      "DbgIndex": 0,
      "DbgName": "08___Default2222",
      "colorAmbient": [
        0.5879999995,
        0.5879999995,
        0.5879999995
      ],
      "colorDiffuse": [
        0.5879999995,
        0.5879999995,
        0.5879999995
      ],
      "colorSpecular": [
        0,
        0,
        0
      ],
      "illumination": 2,
      "opacity": 1,
      "opticalDensity": 1.5,
      "specularCoef": 10,
      "transparent": true
    }
  ],
  "vertices": [
    425,
    92,
    387,
    430,
    116,
    -140,
    433,
    130,
    387,
    434,
    138,
    -140,
    430,
    111,
    387,
    429,
    111,
    410,
    422,
    92,
    517,
    -433,
    130,
    387,
    -433,
    138,
    -140,
    -429,
    116,
    -140,
    -430,
    138,
    -140,
    430,
    138,
    -140,
    418,
    92,
    -493,
    426,
    180,
    -450,
    427,
    151,
    -364,
    426,
    92,
    -140,
    -425,
    92,
    387,
    -425,
    92,
    -140,
    -417,
    92,
    -493,
    -426,
    151,
    -364,
    -425,
    180,
    -450,
    -425,
    94,
    -140,
    426,
    94,
    -140,
    -421,
    92,
    517,
    430,
    129,
    517,
    -429,
    129,
    517,
    -425,
    156,
    -515,
    -421,
    92,
    -515,
    -421,
    94,
    -493,
    426,
    156,
    -515,
    422,
    94,
    -493,
    417,
    92,
    -517,
    429,
    218,
    -521,
    429,
    217,
    -497,
    -429,
    217,
    -497,
    -429,
    218,
    -521,
    -429,
    218,
    -498,
    429,
    218,
    -498,
    433,
    137,
    -140,
    -433,
    137,
    -140
  ],
  "morphTargets": [],
  "morphColors": [],
  "normals": [
    0.97833,
    -0.20704,
    -0.0011707,
    0.98507,
    -0.17212,
    -0.00086324,
    0.97833,
    -0.20705,
    -0.0012421,
    0.98505,
    -0.17223,
    -0.0022062,
    0.97812,
    -0.20801,
    0.0027294,
    0.97944,
    -0.19988,
    0.027235,
    0.97527,
    -0.2206,
    0.013846,
    0.98023,
    -0.19713,
    0.017108,
    0.97812,
    -0.20801,
    0.0027293,
    0.97709,
    -0.21109,
    0.027316,
    -0.97833,
    -0.20705,
    -0.0012421,
    -0.98505,
    -0.17223,
    -0.0022062,
    -0.98507,
    -0.17212,
    -0.00086319,
    0.0000010858,
    0.99988,
    0.015768,
    0.0000010858,
    0.99988,
    0.015768,
    -7.792e-7,
    0.99988,
    0.015768,
    -7.792e-7,
    0.99988,
    0.015768,
    0.99556,
    -0.090815,
    -0.024789,
    0.99615,
    -0.08506,
    -0.021045,
    0.99487,
    -0.096622,
    -0.030044,
    -0.0000021121,
    -1,
    -1.566e-7,
    0.0000032036,
    -1,
    -1.432e-7,
    -0.99487,
    -0.096622,
    -0.030044,
    -0.99615,
    -0.08506,
    -0.021046,
    -0.99556,
    -0.090816,
    -0.024789,
    -0.98535,
    -0.17056,
    0.00051014,
    -0.98535,
    -0.17056,
    0.00051014,
    0.98535,
    -0.17056,
    0.00051009,
    0.98535,
    -0.17056,
    0.00051009,
    0.9858,
    -0.16524,
    -0.029983,
    0.0000035598,
    0.99834,
    0.057599,
    0.0000035598,
    0.99834,
    0.057599,
    -0.97714,
    -0.21095,
    0.026414,
    -0.97762,
    -0.20862,
    0.027129,
    -0.97776,
    -0.20795,
    0.027334,
    0.977,
    -0.21162,
    0.026209,
    -0.9858,
    -0.16524,
    -0.029983,
    -0.0000025457,
    0.99834,
    0.057599,
    -0.0000025457,
    0.99834,
    0.057599,
    -0.97833,
    -0.20704,
    -0.0011707,
    -0.977,
    -0.21162,
    0.026208,
    -0.99805,
    -0.061585,
    -0.01031,
    -0.99792,
    -0.063446,
    -0.011156,
    0.97328,
    -0.12749,
    -0.19098,
    0.97328,
    -0.12749,
    -0.19098,
    0.97328,
    -0.12749,
    -0.19098,
    0.99816,
    -0.059912,
    -0.0095512,
    0.99816,
    -0.059912,
    -0.0095512,
    -0.99816,
    -0.059913,
    -0.009549,
    -0.99816,
    -0.059913,
    -0.009549,
    -0.9965,
    -0.063734,
    -0.054048,
    -0.9965,
    -0.063734,
    -0.054048,
    0.98514,
    -0.17028,
    -0.022397,
    -0.98514,
    -0.17028,
    -0.022398,
    -0.99566,
    -0.092913,
    -0.0049459,
    0.99566,
    -0.092913,
    -0.0049452,
    -0.98539,
    -0.17031,
    0.00051124,
    0.98539,
    -0.17031,
    0.00051118,
    0.98467,
    -0.17017,
    -0.038387,
    -0.98467,
    -0.17017,
    -0.038387
  ],
  "colors": [],
  "uvs": [
    []
  ],
  "faces": [
    34,
    0,
    1,
    2,
    0,
    0,
    1,
    2,
    34,
    1,
    3,
    2,
    0,
    1,
    3,
    2,
    34,
    4,
    5,
    0,
    0,
    4,
    5,
    6,
    34,
    2,
    5,
    4,
    0,
    7,
    5,
    8,
    34,
    6,
    0,
    5,
    0,
    9,
    6,
    5,
    34,
    5,
    2,
    6,
    0,
    5,
    7,
    9,
    34,
    7,
    8,
    9,
    0,
    10,
    11,
    12,
    34,
    7,
    10,
    8,
    0,
    13,
    14,
    13,
    34,
    2,
    3,
    11,
    0,
    15,
    15,
    16,
    34,
    12,
    13,
    14,
    0,
    17,
    18,
    19,
    34,
    12,
    15,
    0,
    0,
    20,
    20,
    20,
    34,
    16,
    17,
    18,
    0,
    21,
    21,
    21,
    34,
    19,
    20,
    18,
    0,
    22,
    23,
    24,
    34,
    16,
    21,
    17,
    0,
    25,
    25,
    26,
    34,
    15,
    22,
    0,
    0,
    27,
    27,
    28,
    34,
    12,
    14,
    1,
    0,
    17,
    19,
    29,
    34,
    11,
    3,
    14,
    0,
    30,
    31,
    31,
    34,
    23,
    7,
    16,
    0,
    32,
    33,
    34,
    34,
    24,
    6,
    2,
    0,
    35,
    9,
    7,
    34,
    9,
    19,
    18,
    0,
    36,
    22,
    24,
    34,
    19,
    8,
    10,
    0,
    37,
    38,
    38,
    34,
    7,
    9,
    16,
    0,
    10,
    12,
    39,
    34,
    7,
    23,
    25,
    0,
    33,
    32,
    40,
    34,
    26,
    27,
    28,
    0,
    41,
    42,
    42,
    34,
    29,
    30,
    31,
    0,
    43,
    44,
    45,
    34,
    29,
    32,
    33,
    0,
    46,
    47,
    46,
    34,
    34,
    35,
    26,
    0,
    48,
    49,
    41,
    34,
    35,
    27,
    26,
    0,
    50,
    51,
    51,
    34,
    1,
    15,
    12,
    0,
    29,
    52,
    17,
    34,
    18,
    17,
    9,
    0,
    24,
    53,
    36,
    34,
    20,
    36,
    18,
    0,
    23,
    54,
    24,
    34,
    12,
    37,
    13,
    0,
    17,
    55,
    18,
    34,
    21,
    16,
    9,
    0,
    56,
    39,
    12,
    34,
    1,
    0,
    22,
    0,
    1,
    0,
    57,
    34,
    1,
    14,
    38,
    0,
    29,
    19,
    58,
    34,
    39,
    19,
    9,
    0,
    59,
    22,
    36
  ]
}