{
  "metadata": {
    "formatVersion": 3.1,
    "sourceFile": "trunk.obj",
    "generatedBy": "OBJConverter",
    "vertices": 42,
    "faces": 71,
    "normals": 55,
    "colors": 0,
    "uvs": 0,
    "materials": 1
  },
  "scale": 0.5,
  "materials": [
    {
      "DbgColor": 15658734,
      "DbgIndex": 0,
      "DbgName": "08___Default2222",
      "colorAmbient": [
        0.5879999995,
        0.5879999995,
        0.5879999995
      ],
      "colorDiffuse": [
        0.5879999995,
        0.5879999995,
        0.5879999995
      ],
      "colorSpecular": [
        0,
        0,
        0
      ],
      "illumination": 2,
      "opacity": 1,
      "opticalDensity": 1.5,
      "specularCoef": 10,
      "transparent": true
    }
  ],
  "vertices": [
    -43,
    545,
    -1022,
    -42,
    504,
    -1184,
    -260,
    503,
    -1101,
    -282,
    483,
    -1203,
    -107,
    396,
    -1261,
    -240,
    415,
    -1242,
    -38,
    458,
    -1263,
    282,
    483,
    -1203,
    41,
    504,
    -1184,
    260,
    503,
    -1101,
    40,
    500,
    -1250,
    260,
    448,
    -1230,
    77,
    438,
    -1263,
    -206,
    367,
    -1250,
    107,
    396,
    -1261,
    239,
    415,
    -1242,
    206,
    367,
    -1250,
    0,
    396,
    -1268,
    0,
    329,
    -1267,
    -178,
    334,
    -1250,
    42,
    545,
    -1022,
    146,
    543,
    -1009,
    -337,
    500,
    -1021,
    338,
    500,
    -1020,
    178,
    334,
    -1250,
    -140,
    496,
    -1238,
    282,
    476,
    -1203,
    178,
    334,
    -1244,
    139,
    496,
    -1238,
    -178,
    334,
    -1244,
    -282,
    476,
    -1203,
    -260,
    448,
    -1230,
    91,
    537,
    -1017,
    -91,
    537,
    -1017,
    -41,
    500,
    -1250,
    -287,
    535,
    -976,
    0,
    329,
    -1261,
    287,
    535,
    -976,
    287,
    528,
    -976,
    -287,
    528,
    -976,
    -337,
    493,
    -1021,
    338,
    493,
    -1020
  ],
  "morphTargets": [],
  "morphColors": [],
  "normals": [
    -0.049448,
    0.96762,
    -0.24753,
    -0.038631,
    0.98857,
    -0.14571,
    -0.149,
    0.96648,
    -0.20907,
    -0.62551,
    0.59957,
    -0.49924,
    -0.088285,
    -0.039625,
    -0.99531,
    -0.67816,
    -0.28368,
    -0.67796,
    -0.054968,
    0.17922,
    -0.98227,
    0.62377,
    0.6,
    -0.50091,
    0.03606,
    0.98809,
    -0.14956,
    0.15551,
    0.96424,
    -0.21463,
    0.060182,
    0.76279,
    -0.64384,
    0.6777,
    -0.024483,
    -0.73493,
    0.095883,
    0.14561,
    -0.98469,
    -0.70363,
    -0.45886,
    -0.54254,
    0.088253,
    -0.062675,
    -0.99412,
    0.67908,
    -0.2845,
    -0.67669,
    0.70363,
    -0.45886,
    -0.54254,
    -0.00027148,
    0.0099408,
    -0.99995,
    3.111e-7,
    -0.64538,
    -0.76386,
    -0.35747,
    -0.6823,
    -0.63772,
    0.025186,
    0.96945,
    -0.24398,
    0.093622,
    0.95945,
    -0.26588,
    -0.70603,
    0.62567,
    -0.33174,
    0.70624,
    0.62373,
    -0.33494,
    0.35747,
    -0.6823,
    -0.63772,
    -0.15181,
    0.7849,
    -0.60074,
    0.88365,
    -0.060396,
    -0.46423,
    0.46501,
    -0.88098,
    -0.087394,
    0.14517,
    0.7685,
    -0.62317,
    -0.46501,
    -0.88098,
    -0.087394,
    -0.88467,
    -0.060448,
    -0.46229,
    -0.67779,
    -0.024794,
    -0.73484,
    -0.17739,
    0.32816,
    0.92782,
    -0.0058938,
    0.53138,
    0.84711,
    -0.12798,
    -0.12299,
    0.98412,
    0.0081315,
    0.52115,
    0.85343,
    0.16972,
    -0.5334,
    0.82866,
    -0.05808,
    0.77782,
    -0.6258,
    0.20602,
    -0.012535,
    0.97847,
    2.842e-7,
    -0.99027,
    -0.13912,
    0.65108,
    -0.000012362,
    0.75901,
    0.65109,
    0.0000025013,
    0.759,
    0.65109,
    0.0000018695,
    0.759,
    -0.22534,
    0.013893,
    0.97418,
    -0.66954,
    0.0000016844,
    0.74278,
    -0.66954,
    0.0000021952,
    0.74278,
    -0.66953,
    -0.0000097797,
    0.74278,
    0.20591,
    -0.0000013565,
    0.97857,
    -0.95732,
    -0.000031592,
    -0.28904,
    0.22781,
    0.93005,
    -0.28828,
    -0.21169,
    0.93458,
    -0.28591,
    -0.66953,
    -0.000010291,
    0.74278,
    -0.22673,
    -0.0000015026,
    0.97396,
    0.65108,
    -0.000012993,
    0.75901,
    0.9555,
    0.0000058025,
    -0.29499
  ],
  "colors": [],
  "uvs": [
    []
  ],