{
  "metadata": {
    "formatVersion": 3.1,
    "sourceFile": "roof.obj",
    "generatedBy": "OBJConverter",
    "vertices": 33,
    "faces": 46,
    "normals": 33,
    "colors": 0,
    "uvs": 0,
    "materials": 1
  },
  "scale": 0.5,
  "materials": [
    {
      "DbgColor": 15658734,
      "DbgIndex": 0,
      "DbgName": "Standard_24",
      "colorAmbient": [
        0.5879999995,
        0.5879999995,
        0.5879999995
      ],
      "colorDiffuse": [
        0.5879999995,
        0.5879999995,
        0.5879999995
      ],
      "colorSpecular": [
        0,
        0,
        0
      ],
      "illumination": 2,
      "opacity": 1,
      "opticalDensity": 1.5,
      "specularCoef": 10,
      "transparent": true
    }
  ],
  "vertices": [
    207,
    713,
    50,
    273,
    722,
    -72,
    0,
    736,
    -117,
    -69,
    716,
    -458,
    -151,
    734,
    -233,
    68,
    733,
    -313,
    -207,
    713,
    50,
    0,
    725,
    11,
    271,
    722,
    -313,
    276,
    704,
    -458,
    69,
    716,
    -458,
    -276,
    704,
    -458,
    -271,
    722,
    -313,
    -203,
    727,
    -68,
    151,
    734,
    -233,
    0,
    687,
    -594,
    -206,
    686,
    -576,
    206,
    686,
    -576,
    -271,
    724,
    -233,
    -273,
    722,
    -72,
    -160,
    684,
    169,
    0,
    709,
    104,
    0,
    687,
    175,
    160,
    684,
    169,
    271,
    724,
    -233,
    -290,
    677,
    155,
    290,
    677,
    155,
    284,
    697,
    87,
    -284,
    697,
    87,
    -277,
    685,
    -560,
    277,
    685,
    -560,
    274,
    720,
    -72,
    -274,
    720,
    -72
  ],
  "morphTargets": [],
  "morphColors": [],
  "normals": [
    0.072076,
    0.9817,
    0.17625,
    0.51736,
    0.85444,
    0.047617,
    0.0030572,
    0.99896,
    0.045518,
    -0.025237,
    0.98745,
    -0.15588,
    -0.04278,
    0.99866,
    -0.029121,
    0.016582,
    0.99708,
    -0.074564,
    -0.074522,
    0.98063,
    0.18112,
    6e-10,
    0.99251,
    0.12213,
    0.58407,
    0.81002,
    -0.052206,
    0.06635,
    0.9861,
    -0.15234,
    0.024992,
    0.9865,
    -0.16185,
    -0.066351,
    0.9861,
    -0.15234,
    -0.58569,
    0.80851,
    -0.057273,
    -0.055266,
    0.99564,
    0.07508,
    0.054425,
    0.99805,
    -0.030591,
    0,
    0.97644,
    -0.21581,
    -0.047272,
    0.97994,
    -0.1936,
    0.047272,
    0.97994,
    -0.1936,
    -0.10369,
    0.99458,
    -0.0070239,
    -0.5296,
    0.84703,
    0.045417,
    -0.057181,
    0.96366,
    0.26096,
    0.006504,
    0.97119,
    0.23822,
    0.0093846,
    0.959,
    0.28326,
    0.047042,
    0.96699,
    0.25044,
    0.092474,
    0.99559,
    -0.016011,
    -0.080243,
    0.96076,
    0.26552,
    0.080243,
    0.96076,
    0.26552,
    0.09896,
    0.96848,
    0.2286,
    -0.098955,
    0.96848,
    0.2286,
    -0.055855,
    0.98137,
    -0.18383,
    0.055855,
    0.98137,
    -0.18383,
    0.87078,
    0.49162,
    0.0075524,
    -0.87078,
    0.49162,
    0.0075525
  ],
  "colors": [],
  "uvs": [
    []
  ],
  "faces": [
    34,
    0,
    1,
    2,
    0,
    0,
    1,
    2,
    34,
    3,
    4,
    5,
    0,
    3,
    4,
    5,
    34,
    6,
    7,
    2,
    0,
    6,
    7,
    2,
    34,
    8,
    9,
    10,
    0,
    8,
    9,
    10,
    34,
    3,
    11,
    12,
    0,
    3,
    11,
    12,
    34,
    2,
    7,
    0,
    0,
    2,
    7,
    0,
    34,
    4,
    3,
    12,
    0,
    4,
    3,
    12,
    34,
    2,
    13,
    6,
    0,
    2,
    13,
    6,
    34,
    14,
    2,
    1,
    0,
    14,
    2,
    1,
    34,
    3,
    15,
    16,
    0,
    3,
    15,
    16,
    34,
    17,
    15,
    10,
    0,
    17,
    15,
    10,
    34,
    4,
    18,
    19,
    0,
    4,
    18,
    19,
    34,
    6,
    20,
    21,
    0,
    6,
    20,
    21,
    34,
    22,
    23,
    0,
    0,
    22,
    23,
    0,
    34,
    22,
    21,
    20,
    0,
    22,
    21,
    20,
    34,
    21,
    22,
    0,
    0,
    21,
    22,
    0,
    34,
    1,
    24,
    14,
    0,
    1,
    24,
    14,
    34,
    8,
    10,
    5,
    0,
    8,
    10,
    5,
    34,
    2,
    14,
    4,
    0,
    2,
    14,
    4,
    34,
    13,
    2,
    4,
    0,
    13,
    2,
    4,
    34,
    20,
    6,
    25,
    0,
    20,
    6,
    25,
    34,
    15,
    3,
    10,
    0,
    15,
    3,
    10,
    34,
    5,
    10,
    3,
    0,
    5,
    10,
    3,
    34,
    0,
    26,
    27,
    0,
    0,
    26,
    27,
    34,
    0,
    27,
    1,
    0,
    0,
    27,
    1,
    34,
    28,
    25,
    6,
    0,
    28,
    25,
    6,
    34,
    19,
    28,
    6,
    0,
    19,
    28,
    6,
    34,
    3,
    16,
    29,
    0,
    3,
    16,
    29,
    34,
    30,
    17,
    10,
    0,
    30,
    17,
    10,
    34,
    8,
    24,
    9,
    0,
    8,
    24,
    9,
    34,
    24,
    8,
    5,
    0,
    24,
    8,
    5,
    34,
    11,
    18,
    12,
    0,
    11,
    18,
    12,
    34,
    4,
    12,
    18,
    0,
    4,
    12,
    18,
    34,
    26,
    0,
    23,
    0,
    26,
    0,
    23,
    34,
    29,
    11,
    3,
    0,
    29,
    11,
    3,
    34,
    10,
    9,
    30,
    0,
    10,
    9,
    30,
    34,
    1,
    31,
    24,
    0,
    1,
    31,
    24,
    34,
    31,
    1,
    27,
    0,
    31,
    1,
    27,
    34,
    18,
    32,
    19,
    0,
    18,
    32,
    19,
    34,
    28,
    19,
    32,
    0,
    28,
    19,
    32,
    34,
    7,
    21,
    0,
    0,
    7,
    21,
    0,
    34,
    21,
    7,
    6,
    0,
    21,
    7,
    6,
    34,
    4,
    14,
    5,
    0,
    4,
    14,
    5,
    34,
    5,
    14,
    24,
    0,
    5,
    14,
    24,
    34,
    19,
    6,
    13,
    0,
    19,
    6,
    13,
    34,
    19,
    13,
    4,
    0,
    19,
    13,
    4
  ]
}