{
  "metadata": {
    "formatVersion": 3.1,
    "sourceFile": "glass.obj",
    "generatedBy": "OBJConverter",
    "vertices": 60,
    "faces": 56,
    "normals": 60,
    "colors": 0,
    "uvs": 0,
    "materials": 1
  },
  "scale": 0.5,
  "materials": [
    {
      "DbgColor": 15658734,
      "DbgIndex": 0,
      "DbgName": "08___Default1111",
      "colorAmbient": [
        0.2431,
        0.2863,
        0.4353
      ],
      "colorDiffuse": [
        0.2431,
        0.2863,
        0.4353
      ],
      "colorSpecular": [
        0.792,
        0.792,
        0.792
      ],
      "illumination": 2,
      "opacity": 1,
      "opticalDensity": 1.5,
      "specularCoef": 39,
      "transparent": true
    }
  ],
  "vertices": [
    177,
    501,
    509,
    -74,
    575,
    393,
    -79,
    501,
    521,
    -120,
    611,
    -808,
    64,
    613,
    -815,
    0,
    562,
    -876,
    237,
    607,
    298,
    289,
    650,
    178,
    81,
    663,
    204,
    -237,
    607,
    298,
    -177,
    501,
    509,
    214,
    518,
    -882,
    62,
    641,
    255,
    -361,
    557,
    12,
    -373,
    499,
    -215,
    -394,
    464,
    324,
    394,
    464,
    324,
    373,
    499,
    -215,
    361,
    557,
    12,
    -253,
    514,
    -865,
    -123,
    562,
    -863,
    -178,
    492,
    -916,
    -367,
    504,
    -276,
    -302,
    636,
    -297,
    -288,
    605,
    -576,
    302,
    636,
    -297,
    367,
    504,
    -276,
    290,
    621,
    -498,
    -306,
    638,
    -241,
    306,
    638,
    -241,
    -29,
    508,
    -924,
    -321,
    546,
    -589,
    321,
    546,
    -589,
    -324,
    503,
    465,
    -367,
    536,
    311,
    367,
    536,
    311,
    -81,
    663,
    204,
    -62,
    641,
    255,
    205,
    602,
    -792,
    334,
    514,
    443,
    -205,
    602,
    -792,
    225,
    590,
    -795,
    253,
    514,
    -865,
    324,
    503,
    465,
    45,
    493,
    -935,
    29,
    508,
    -924,
    178,
    492,
    -916,
    -334,
    514,
    443,
    -289,
    650,
    178,
    -313,
    557,
    -599,
    313,
    557,
    -599,
    333,
    615,
    130,
    319,
    635,
    -18,
    -333,
    615,
    130,
    -319,
    635,
    -18,
    -225,
    590,
    -795,
    -45,
    493,
    -935,
    -246,
    496,
    -886,
    246,
    496,
    -886,
    288,
    605,
    -576
  ],
  "morphTargets": [],
  "morphColors": [],
  "normals": [
    0.073634,
    0.87738,
    0.47412,
    -0.027375,
    0.88345,
    0.46773,
    -0.01986,
    0.86573,
    0.50011,
    -0.1282,
    0.74695,
    -0.6524,
    0.087584,
    0.72681,
    -0.68123,
    0.010161,
    0.71808,
    -0.69589,
    0.13903,
    0.89311,
    0.42781,
    0.14919,
    0.90956,
    0.38787,
    0.087302,
    0.91199,
    0.40082,
    -0.14798,
    0.89411,
    0.42269,
    -0.098393,
    0.87067,
    0.48192,
    0.25454,
    0.6711,
    -0.6963,
    0.052503,
    0.89272,
    0.44754,
    -0.92634,
    0.37592,
    -0.023947,
    -0.9149,
    0.40008,
    -0.053762,
    -0.94318,
    0.3323,
    0.00079135,
    0.94318,
    0.3323,
    0.00079186,
    0.9149,
    0.40008,
    -0.053762,
    0.92634,
    0.37592,
    -0.023947,
    -0.25225,
    0.69642,
    -0.67183,
    -0.14639,
    0.70514,
    -0.6938,
    -0.1965,
    0.68507,
    -0.70147,
    -0.8939,
    0.43968,
    -0.087297,
    -0.89864,
    0.42889,
    -0.092171,
    -0.87518,
    0.47782,
    -0.075801,
    0.89872,
    0.42958,
    -0.088081,
    0.89552,
    0.43721,
    -0.082962,
    0.88513,
    0.45792,
    -0.082779,
    -0.89835,
    0.43549,
    -0.057603,
    0.89835,
    0.43549,
    -0.057602,
    -0.067272,
    0.66779,
    -0.74131,
    -0.86575,
    0.49367,
    -0.082224,
    0.87023,
    0.48247,
    -0.099637,
    -0.13103,
    0.87061,
    0.47421,
    -0.93396,
    0.35734,
    0.0059403,
    0.93396,
    0.35734,
    0.0059409,
    -0.087302,
    0.91199,
    0.40082,
    -0.046912,
    0.90359,
    0.42581,
    0.23774,
    0.71988,
    -0.65211,
    0.1493,
    0.87305,
    0.46421,
    -0.25905,
    0.70701,
    -0.65804,
    0.34338,
    0.70157,
    -0.62442,
    0.34927,
    0.67992,
    -0.64477,
    0.13103,
    0.87061,
    0.47421,
    0.11032,
    0.65835,
    -0.74458,
    0.083324,
    0.68109,
    -0.72744,
    0.14826,
    0.69787,
    -0.70071,
    -0.1493,
    0.87305,
    0.46421,
    -0.14919,
    0.90956,
    0.38787,
    -0.85888,
    0.49819,
    -0.11892,
    0.85888,
    0.49866,
    -0.1169,
    0.90285,
    0.42994,
    0.0032492,
    0.88423,
    0.46556,
    -0.037372,
    -0.90285,
    0.42994,
    0.0032488,
    -0.88423,
    0.46556,
    -0.037372,
    -0.34347,
    0.70162,
    -0.62431,
    -0.11032,
    0.65835,
    -0.74458,
    -0.25198,
    0.69408,
    -0.67435,
    0.33358,
    0.62338,
    -0.70719,
    0.8599,
    0.49717,
    -0.11574
  ],
  "colors": [],
  "uvs": [
    []
  ],