{
  "metadata": {
    "formatVersion": 3.1,
    "sourceFile": "hood.obj",
    "generatedBy": "OBJConverter",
    "vertices": 51,
    "faces": 54,
    "normals": 59,
    "colors": 0,
    "uvs": 0,
    "materials": 1
  },
  "scale": 0.5,
  "materials": [
    {
      "DbgColor": 15658734,
      "DbgIndex": 0,
      "DbgName": "08___Default1111",
      "colorAmbient": [
        0.987,
        0.987,
        0.987
      ],
      "colorDiffuse": [
        0.987,
        0.987,
        0.987
      ],
      "colorSpecular": [
        0.936,
        0.936,
        0.936
      ],
      "illumination": 2,
      "opacity": 1,
      "opticalDensity": 1.5,
      "specularCoef": 20,
      "transparent": true
    }
  ],
  "vertices": [
    -185,
    435,
    829,
    58,
    425,
    891,
    -81,
    489,
    598,
    104,
    395,
    969,
    0,
    398,
    971,
    -24,
    373,
    1020,
    -268,
    378,
    963,
    -224,
    337,
    1035,
    298,
    406,
    884,
    377,
    474,
    517,
    236,
    489,
    569,
    -17,
    348,
    1055,
    -86,
    337,
    1063,
    86,
    337,
    1063,
    224,
    337,
    1035,
    24,
    373,
    1020,
    -317,
    422,
    823,
    -377,
    474,
    517,
    -385,
    403,
    789,
    -372,
    376,
    882,
    -313,
    360,
    960,
    -284,
    393,
    924,
    284,
    393,
    924,
    313,
    360,
    960,
    372,
    376,
    882,
    316,
    422,
    823,
    385,
    403,
    789,
    -298,
    406,
    884,
    -236,
    489,
    569,
    267,
    378,
    963,
    350,
    488,
    509,
    305,
    461,
    557,
    156,
    489,
    589,
    -306,
    461,
    557,
    -351,
    488,
    509,
    0,
    456,
    610,
    -236,
    457,
    582,
    -104,
    395,
    969,
    -8,
    347,
    1054,
    21,
    353,
    1047,
    -25,
    366,
    1028,
    15,
    373,
    1017,
    0,
    337,
    1069,
    236,
    457,
    582,
    350,
    490,
    511,
    -350,
    490,
    511,
    -9,
    379,
    1011,
    401,
    436,
    539,
    -401,
    436,
    539,
    342,
    444,
    718,
    -342,
    444,
    718
  ],
  "morphTargets": [],
  "morphColors": [],
  "normals": [
    -0.075874,
    0.96255,
    0.26028,
    0.030591,
    0.96128,
    0.27388,
    -0.017821,
    0.97693,
    0.21283,
    0.088551,
    0.90347,
    0.4194,
    -0.0067032,
    0.92596,
    0.37756,
    -0.07569,
    0.85942,
    0.50563,
    -0.096898,
    0.90332,
    0.41788,
    -0.10989,
    0.82967,
    0.54733,
    0.08284,
    0.95637,
    0.28018,
    0.21288,
    0.90168,
    0.37636,
    0.13719,
    0.96038,
    0.24259,
    -0.046427,
    0.78176,
    0.62184,
    -0.097402,
    0.83054,
    0.54838,
    0.093775,
    0.83144,
    0.54765,
    0.10989,
    0.82967,
    0.54733,
    0.058503,
    0.85551,
    0.51446,
    -0.36997,
    0.87881,
    0.30137,
    -0.73272,
    0.6638,
    0.14998,
    -0.3988,
    0.88181,
    0.25173,
    -0.36814,
    0.85471,
    0.36598,
    -0.30069,
    0.80984,
    0.50373,
    -0.32558,
    0.82848,
    0.45566,
    0.32558,
    0.82848,
    0.45566,
    0.30069,
    0.80984,
    0.50373,
    0.36814,
    0.85471,
    0.36598,
    0.73272,
    0.6638,
    0.14998,
    0.36997,
    0.87881,
    0.30137,
    0.3988,
    0.88181,
    0.25173,
    -0.21288,
    0.90168,
    0.37636,
    -0.08755,
    0.95195,
    0.29347,
    -0.1336,
    0.96269,
    0.23533,
    0.096455,
    0.90126,
    0.4224,
    -0.26725,
    -0.71294,
    -0.6483,
    -0.26798,
    -0.69132,
    -0.67102,
    -0.13663,
    -0.18611,
    -0.97298,
    0.039716,
    0.97497,
    0.21875,
    0.24827,
    -0.40718,
    -0.87896,
    0.35306,
    -0.58337,
    -0.73146,
    0.36323,
    -0.62615,
    -0.68993,
    -0.022266,
    -0.35543,
    -0.93444,
    0.22285,
    -0.34611,
    -0.91134,
    0.10148,
    -0.13802,
    -0.98522,
    -0.076482,
    0.90647,
    0.41528,
    -0.0072469,
    0.80957,
    0.58698,
    -0.00045211,
    0.81754,
    0.57587,
    -0.00058309,
    0.81739,
    0.57608,
    0.0049882,
    0.82379,
    0.56688,
    -0.039377,
    0.75979,
    0.64898,
    -0.24771,
    -0.43548,
    -0.86544,
    0.30186,
    0.7345,
    0.60777,
    -0.30186,
    0.7345,
    0.60777,
    -0.058294,
    0.90316,
    0.42533,
    0.80641,
    0.57786,
    0.12563,
    -0.80641,
    0.57786,
    0.12563,
    0.24322,
    0.80288,
    0.54427,
    -0.24322,
    0.80288,
    0.54427,
    0.036544,
    0.79756,
    0.60214,
    -0.62157,
    0.78328,
    0.010773,
    0.62157,
    0.78328,
    0.010773
  ],
  "colors": [],
  "uvs": [
    []
  ],
  "faces": [
    34,
    0,
    1,
    2,
    0,
    0,
    1,
    2,
    34,
    3,
    1,
    4,
    0,
    3,
    1,
    4,
    34,
    1,
    0,
    4,
    0,
    1,
    0,
    4,
    34,
    5,
    6,
    7,
    0,
    5,
    6,
    7,
    34,
    8,
    9,
    10,
    0,
    8,
    9,
    10,
    34,
    11,
    5,
    12,
    0,
    11,
    5,
    12,
    34,
    13,
    14,
    15,
    0,
    13,
    14,
    15,
    34,
    16,
    17,
    18,
    0,
    16,
    17,
    18,
    34,
    19,
    20,
    21,
    0,
    19,
    20,
    21,
    34,
    22,
    23,
    24,
    0,
    22,
    23,
    24,
    34,
    9,
    25,
    26,
    0,
    25,
    26,
    27,
    34,
    17,
    27,
    28,
    0,
    28,
    29,
    30,
    34,
    15,
    14,
    29,
    0,
    15,
    14,
    31,
    34,
    30,
    31,
    32,
    0,
    32,
    33,
    34,
    34,
    1,
    8,
    10,
    0,
    1,
    8,
    10,
    34,
    2,
    1,
    32,
    0,
    2,
    1,
    35,
    34,
    28,
    33,
    34,
    0,
    36,
    37,
    38,
    34,
    35,
    36,
    2,
    0,
    39,
    40,
    41,
    34,
    4,
    15,
    3,
    0,
    4,
    15,
    3,
    34,
    4,
    0,
    37,
    0,
    4,
    0,
    42,
    34,
    38,
    39,
    40,
    0,
    43,
    44,
    45,
    34,
    18,
    19,
    16,
    0,
    18,
    19,
    16,
    34,
    26,
    25,
    24,
    0,
    27,
    26,
    24,
    34,
    29,
    8,
    1,
    0,
    31,
    8,
    1,
    34,
    40,
    39,
    41,
    0,
    45,
    44,
    46,
    34,
    12,
    42,
    11,
    0,
    12,
    47,
    11,
    34,
    0,
    27,
    6,
    0,
    0,
    29,
    6,
    34,
    27,
    0,
    28,
    0,
    29,
    0,
    30,
    34,
    32,
    35,
    2,
    0,
    34,
    39,
    41,
    34,
    43,
    35,
    32,
    0,
    48,
    39,
    34,
    34,
    16,
    19,
    21,
    0,
    16,
    19,
    21,
    34,
    25,
    22,
    24,
    0,
    26,
    22,
    24,
    34,
    28,
    0,
    2,
    0,
    30,
    0,
    2,
    34,
    10,
    9,
    44,
    0,
    10,
    9,
    49,
    34,
    45,
    17,
    28,
    0,
    50,
    28,
    30,
    34,
    7,
    12,
    5,
    0,
    7,
    12,
    5,
    34,
    46,
    15,
    4,
    0,
    51,
    15,
    4,
    34,
    5,
    4,
    37,
    0,
    5,
    4,
    42,
    34,
    47,
    9,
    26,
    0,
    52,
    25,
    27,
    34,
    48,
    18,
    17,
    0,
    53,
    18,
    17,
    34,
    22,
    14,
    23,
    0,
    22,
    54,
    23,
    34,
    7,
    21,
    20,
    0,
    55,
    21,
    20,
    34,
    36,
    33,
    28,
    0,
    40,
    37,
    36,
    34,
    31,
    43,
    32,
    0,
    33,
    48,
    34,
    34,
    2,
    36,
    28,
    0,
    41,
    40,
    36,
    34,
    42,
    13,
    15,
    0,
    56,
    13,
    15,
    34,
    37,
    0,
    6,
    0,
    42,
    0,
    6,
    34,
    5,
    37,
    6,
    0,
    5,
    42,
    6,
    34,
    15,
    29,
    3,
    0,
    15,
    31,
    3,
    34,
    3,
    29,
    1,
    0,
    3,
    31,
    1,
    34,
    1,
    10,
    32,
    0,
    1,
    10,
    35,
    34,
    5,
    46,
    4,
    0,
    5,
    51,
    4,
    34,
    8,
    49,
    9,
    0,
    8,
    57,
    9,
    34,
    17,
    50,
    27,
    0,
    28,
    58,
    29
  ]
}