{
  "metadata": {
    "formatVersion": 3.1,
    "sourceFile": "lens.obj",
    "generatedBy": "OBJConverter",
    "vertices": 56,
    "faces": 64,
    "normals": 58,
    "colors": 0,
    "uvs": 0,
    "materials": 1
  },
  "scale": 0.5,
  "materials": [
    {
      "DbgColor": 15658734,
      "DbgIndex": 0,
      "DbgName": "08___Default1111",
      "colorAmbient": [
        0.2431,
        0.2863,
        0.4353
      ],
      "colorDiffuse": [
        0.2431,
        0.2863,
        0.4353
      ],
      "colorSpecular": [
        0.792,
        0.792,
        0.792
      ],
      "illumination": 2,
      "opacity": 1,
      "opticalDensity": 1.5,
      "specularCoef": 39,
      "transparent": true
    }
  ],
  "vertices": [
    -357,
    460,
    -821,
    -325,
    447,
    -902,
    -396,
    437,
    -840,
    396,
    436,
    -842,
    325,
    446,
    -903,
    358,
    459,
    -822,
    -306,
    413,
    -923,
    -308,
    411,
    -922,
    -367,
    395,
    -883,
    368,
    394,
    -885,
    308,
    410,
    -923,
    307,
    412,
    -924,
    -335,
    329,
    959,
    -271,
    344,
    983,
    -369,
    368,
    874,
    332,
    329,
    963,
    367,
    368,
    878,
    268,
    344,
    988,
    -417,
    386,
    -816,
    -414,
    424,
    -754,
    414,
    424,
    -755,
    417,
    386,
    -817,
    -384,
    457,
    -739,
    384,
    456,
    -740,
    -362,
    294,
    931,
    -258,
    282,
    1017,
    -397,
    323,
    863,
    -386,
    306,
    894,
    -372,
    339,
    914,
    231,
    320,
    1031,
    255,
    282,
    1021,
    395,
    324,
    868,
    369,
    339,
    919,
    376,
    299,
    914,
    338,
    290,
    957,
    333,
    374,
    -909,
    236,
    393,
    -951,
    -235,
    394,
    -950,
    -333,
    375,
    -908,
    392,
    379,
    -860,
    -392,
    380,
    -858,
    312,
    418,
    -920,
    -312,
    419,
    -919,
    -234,
    320,
    1026,
    396,
    354,
    836,
    385,
    368,
    842,
    264,
    428,
    -939,
    -263,
    429,
    -937,
    -398,
    354,
    832,
    -387,
    368,
    838,
    404,
    439,
    -738,
    -404,
    439,
    -737,
    293,
    446,
    -917,
    -292,
    446,
    -916,
    261,
    373,
    -941,
    -261,
    374,
    -939
  ],
  "morphTargets": [],
  "morphColors": [],
  "normals": [
    -0.40852,
    0.8904,
    -0.20075,
    -0.39676,
    0.70055,
    -0.59314,
    -0.7326,
    0.55674,
    -0.39159,
    0.7326,
    0.55674,
    -0.39159,
    0.39675,
    0.70055,
    -0.59314,
    0.40852,
    0.8904,
    -0.20075,
    -0.56626,
    0.15114,
    -0.81025,
    -0.49461,
    -0.063689,
    -0.86678,
    -0.65257,
    0.048718,
    -0.75616,
    0.65258,
    0.048702,
    -0.75615,
    0.4946,
    -0.063702,
    -0.86678,
    0.56626,
    0.15117,
    -0.81025,
    -0.59329,
    0.37386,
    0.71291,
    -0.40412,
    0.63558,
    0.65782,
    -0.65304,
    0.63652,
    0.41034,
    0.59115,
    0.39738,
    0.70187,
    0.65513,
    0.63334,
    0.41194,
    0.40449,
    0.63368,
    0.65942,
    -0.92152,
    0.2285,
    -0.31398,
    -0.83735,
    0.53824,
    -0.09564,
    0.83735,
    0.53824,
    -0.095643,
    0.92152,
    0.2285,
    -0.31398,
    -0.61794,
    0.78203,
    -0.081036,
    0.61794,
    0.78204,
    -0.081038,
    -0.75389,
    0.0065271,
    0.65697,
    -0.56211,
    0.095522,
    0.82152,
    -0.89188,
    0.27052,
    0.36244,
    -0.87698,
    0.097647,
    0.4705,
    -0.71808,
    0.43121,
    0.54628,
    0.51647,
    0.27304,
    0.81161,
    0.55495,
    0.10627,
    0.82507,
    0.89148,
    0.26538,
    0.3672,
    0.71701,
    0.43136,
    0.54756,
    0.83165,
    0.070336,
    0.55083,
    0.68806,
    -0.0018312,
    0.72565,
    0.461,
    0.23209,
    -0.85651,
    0.3907,
    0.010123,
    -0.92046,
    -0.3907,
    0.010131,
    -0.92046,
    -0.461,
    0.23212,
    -0.85651,
    0.78291,
    0.081707,
    -0.61674,
    -0.78291,
    0.081715,
    -0.61675,
    0.49047,
    0.20647,
    -0.84665,
    -0.49046,
    0.20646,
    -0.84665,
    -0.5163,
    0.27726,
    0.81028,
    0.82993,
    0.43444,
    0.34996,
    0.78515,
    0.50849,
    0.35353,
    0.35917,
    0.15396,
    -0.92048,
    -0.35917,
    0.15397,
    -0.92048,
    -0.83077,
    0.43418,
    0.34828,
    -0.78305,
    0.51287,
    0.35185,
    0.71282,
    0.69771,
    -0.07135,
    -0.71282,
    0.69771,
    -0.071349,
    0.32516,
    0.55681,
    -0.76435,
    -0.32519,
    0.55676,
    -0.76438,
    0.40057,
    0.0218,
    -0.916,
    -0.40058,
    0.021801,
    -0.916,
    -0.35893,
    0.12493,
    -0.92497,
    0.35893,
    0.12495,
    -0.92496
  ],
  "colors": [],
  "uvs": [
    []
  ],