{
  "metadata": {
    "formatVersion": 3.1,
    "sourceFile": "roof.obj",
    "generatedBy": "OBJConverter",
    "vertices": 8,
    "faces": 7,
    "normals": 8,
    "colors": 0,
    "uvs": 0,
    "materials": 1
  },
  "scale": 0.5,
  "materials": [
    {
      "DbgColor": 15658734,
      "DbgIndex": 0,
      "DbgName": "08___Default1111",
      "colorAmbient": [
        0.5879999995,
        0.5879999995,
        0.5879999995
      ],
      "colorDiffuse": [
        0.5879999995,
        0.5879999995,
        0.5879999995
      ],
      "colorSpecular": [
        0,
        0,
        0
      ],
      "illumination": 2,
      "opacity": 1,
      "opticalDensity": 1.5,
      "specularCoef": 10,
      "transparent": true
    }
  ],
  "vertices": [
    144,
    654,
    -705,
    -140,
    701,
    -128,
    275,
    682,
    -138,
    -225,
    637,
    -708,
    -299,
    658,
    151,
    -69,
    672,
    186,
    299,
    658,
    151,
    225,
    637,
    -708
  ],
  "morphTargets": [],
  "morphColors": [],
  "normals": [
    0.080862,
    0.99261,
    -0.09052,
    -0.13284,
    0.99107,
    -0.01112,
    0.052441,
    0.99857,
    0.010763,
    -0.08924,
    0.99139,
    -0.095822,
    -0.15444,
    0.98597,
    0.063264,
    -0.0053728,
    0.99591,
    0.090149,
    0.047118,
    0.99578,
    0.078748,
    0.19931,
    0.97537,
    -0.094496
  ],
  "colors": [],
  "uvs": [
    []
  ],
  "faces": [
    34,
    0,
    1,
    2,
    0,
    0,
    1,
    2,
    34,
    1,
    0,
    3,
    0,
    1,
    0,
    3,
    34,
    4,
    1,
    3,
    0,
    4,
    1,
    3,
    34,
    5,
    6,
    1,
    0,
    5,
    6,
    1,
    34,
    0,
    2,
    7,
    0,
    0,
    2,
    7,
    34,
    1,
    6,
    2,
    0,
    1,
    6,
    2,
    34,
    4,
    5,
    1,
    0,
    4,
    5,
    1
  ]
}