{
  "metadata": {
    "formatVersion": 3.1,
    "sourceFile": "sideskirt.obj",
    "generatedBy": "OBJConverter",
    "vertices": 28,
    "faces": 18,
    "normals": 30,
    "colors": 0,
    "uvs": 0,
    "materials": 1
  },
  "scale": 0.5,
  "materials": [
    {
      "DbgColor": 15658734,
      "DbgIndex": 0,
      "DbgName": "08___Default1111",
      "colorAmbient": [
        0.5879999995,
        0.5879999995,
        0.5879999995
      ],
      "colorDiffuse": [
        0.5879999995,
        0.5879999995,
        0.5879999995
      ],
      "colorSpecular": [
        0,
        0,
        0
      ],
      "illumination": 2,
      "opacity": 1,
      "opticalDensity": 1.5,
      "specularCoef": 10,
      "transparent": true
    }
  ],
  "vertices": [
    -416,
    91,
    433,
    -438,
    157,
    -193,
    -410,
    103,
    -434,
    410,
    103,
    -434,
    438,
    157,
    -193,
    416,
    91,
    433,
    440,
    162,
    456,
    409,
    77,
    453,
    432,
    112,
    414,
    414,
    90,
    -410,
    429,
    117,
    -155,
    -440,
    162,
    456,
    -432,
    112,
    414,
    -409,
    77,
    453,
    -415,
    90,
    -410,
    -430,
    117,
    -155,
    436,
    117,
    -460,
    435,
    160,
    -430,
    -436,
    117,
    -460,
    -435,
    160,
    -430,
    437,
    193,
    -419,
    -438,
    193,
    -419,
    435,
    135,
    433,
    -435,
    135,
    433,
    415,
    90,
    -460,
    -415,
    90,
    -460,
    440,
    192,
    -440,
    -441,
    192,
    -440
  ],
  "morphTargets": [],
  "morphColors": [],
  "normals": [
    -0.91724,
    -0.39823,
    -0.0092548,
    -0.91484,
    -0.40348,
    -0.016305,
    -0.95044,
    -0.30806,
    -0.042065,
    0.95044,
    -0.30806,
    -0.042065,
    0.91484,
    -0.40348,
    -0.016304,
    0.91724,
    -0.39823,
    -0.0092545,
    0.9118,
    -0.33988,
    0.23044,
    0.8858,
    -0.45011,
    0.11294,
    0.87689,
    -0.47187,
    0.091647,
    0.88132,
    -0.47252,
    -0.0017332,
    0.88029,
    -0.47443,
    -0.0018918,
    -0.9118,
    -0.33988,
    0.23044,
    -0.87689,
    -0.47187,
    0.091646,
    -0.8858,
    -0.45011,
    0.11294,
    -0.88132,
    -0.47252,
    -0.0017335,
    -0.88029,
    -0.47443,
    -0.0018921,
    0.9997,
    0.010527,
    0.021979,
    0.99736,
    -0.022779,
    0.068943,
    0.99228,
    -0.053351,
    0.11194,
    -0.99736,
    -0.022779,
    0.068943,
    -0.9997,
    0.010527,
    0.021979,
    -0.99228,
    -0.053351,
    0.11194,
    0.95792,
    -0.2829,
    -0.048578,
    -0.95792,
    -0.2829,
    -0.048578,
    0.91789,
    -0.39672,
    -0.0090728,
    -0.91789,
    -0.39672,
    -0.009073,
    0.79485,
    -0.60657,
    0.016878,
    -0.79485,
    -0.60657,
    0.016878,
    0.97485,
    -0.11126,
    0.1931,
    -0.97485,
    -0.11126,
    0.1931
  ],
  "colors": [],
  "uvs": [
    []
  ],
  "faces": [
    34,
    0,
    1,
    2,
    0,
    0,
    1,
    2,
    34,
    3,
    4,
    5,
    0,
    3,
    4,
    5,
    34,
    6,
    7,
    8,
    0,
    6,
    7,
    8,
    34,
    7,
    9,
    10,
    0,
    7,
    9,
    10,
    34,
    11,
    12,
    13,
    0,
    11,
    12,
    13,
    34,
    14,
    13,
    15,
    0,
    14,
    13,
    15,
    34,
    10,
    16,
    17,
    0,
    16,
    17,
    18,
    34,
    18,
    15,
    19,
    0,
    19,
    20,
    21,
    34,
    3,
    20,
    4,
    0,
    3,
    22,
    4,
    34,
    1,
    21,
    2,
    0,
    1,
    23,
    2,
    34,
    4,
    22,
    5,
    0,
    4,
    24,
    5,
    34,
    23,
    1,
    0,
    0,
    25,
    1,
    0,
    34,
    8,
    7,
    10,
    0,
    8,
    7,
    10,
    34,
    12,
    15,
    13,
    0,
    12,
    15,
    13,
    34,
    10,
    24,
    16,
    0,
    26,
    26,
    26,
    34,
    18,
    25,
    15,
    0,
    27,
    27,
    27,
    34,
    16,
    26,
    17,
    0,
    17,
    28,
    18,
    34,
    27,
    18,
    19,
    0,
    29,
    19,
    21
  ]
}