{
  "metadata": {
    "formatVersion": 3.1,
    "sourceFile": "trunk.obj",
    "generatedBy": "OBJConverter",
    "vertices": 60,
    "faces": 56,
    "normals": 101,
    "colors": 0,
    "uvs": 0,
    "materials": 1
  },
  "scale": 0.5,
  "materials": [
    {
      "DbgColor": 15658734,
      "DbgIndex": 0,
      "DbgName": "_trunkMaterial__222666",
      "colorAmbient": [
        0.6549019814,
        0.4549019933,
        0.1921568811
      ],
      "colorDiffuse": [
        0.6549019814,
        0.4549019933,
        0.1921568811
      ],
      "colorSpecular": [
        0.5759999752,
        0.5759999752,
        0.5759999752
      ],
      "illumination": 2,
      "opacity": 1,
      "opticalDensity": 1.5,
      "specularCoef": 29.9999980927,
      "transparent": true
    }
  ],
  "vertices": [
    -186,
    391,
    -961,
    -6,
    407,
    -980,
    186,
    391,
    -961,
    -127,
    451,
    -961,
    -259,
    425,
    -937,
    -287,
    443,
    -916,
    259,
    425,
    -937,
    127,
    451,
    -961,
    287,
    443,
    -916,
    22,
    434,
    -976,
    -150,
    655,
    -708,
    150,
    655,
    -708,
    63,
    638,
    -837,
    -64,
    481,
    -941,
    64,
    481,
    -941,
    -7,
    449,
    -971,
    164,
    655,
    -707,
    -164,
    655,
    -707,
    119,
    615,
    -802,
    -120,
    615,
    -802,
    213,
    620,
    -804,
    147,
    647,
    -750,
    192,
    638,
    -755,
    -146,
    633,
    -828,
    -147,
    647,
    -750,
    302,
    484,
    -843,
    223,
    481,
    -909,
    -302,
    484,
    -843,
    -224,
    481,
    -909,
    -192,
    638,
    -755,
    164,
    655,
    -706,
    208,
    607,
    -723,
    -164,
    655,
    -706,
    -227,
    637,
    -708,
    218,
    627,
    -762,
    258,
    591,
    -757,
    -213,
    620,
    -804,
    225,
    636,
    -710,
    -225,
    636,
    -710,
    -181,
    618,
    -719,
    217,
    599,
    -788,
    -217,
    599,
    -788,
    217,
    599,
    -788,
    -217,
    599,
    -788,
    180,
    618,
    -719,
    227,
    637,
    -708,
    181,
    653,
    -708,
    257,
    590,
    -756,
    -244,
    596,
    -772,
    244,
    596,
    -772,
    -82,
    622,
    -815,
    -215,
    617,
    -804,
    -64,
    636,
    -838,
    334,
    456,
    -861,
    -334,
    456,
    -861,
    63,
    636,
    -838,
    80,
    621,
    -814,
    -208,
    607,
    -723,
    -258,
    590,
    -756,
    257,
    590,
    -757
  ],
  "morphTargets": [],
  "morphColors": [],
  "normals": [
    1.485e-7,
    0.036095,
    -0.99935,
    -0.024159,
    0.087002,
    -0.99592,
    0.21027,
    0.080641,
    -0.97431,
    -0.12784,
    0.60253,
    -0.78779,
    -0.31618,
    0.29479,
    -0.90174,
    -0.3318,
    0.52086,
    -0.78652,
    0.31618,
    0.29479,
    -0.90174,
    0.12784,
    0.60253,
    -0.78779,
    0.3318,
    0.52086,
    -0.78652,
    0.052974,
    0.33201,
    -0.94179,
    -0.21027,
    0.080641,
    -0.97431,
    -0.13931,
    0.44559,
    -0.88433,
    0.13931,
    0.44559,
    -0.88433,
    0.073298,
    0.18644,
    -0.97973,
    -0.11499,
    0.97661,
    -0.18171,
    0.115,
    0.97661,
    -0.18171,
    0.025762,
    0.99965,
    0.005387,
    -0.05772,
    0.68262,
    -0.72849,
    0.057721,
    0.68262,
    -0.72849,
    1.189e-7,
    0.60083,
    -0.79938,
    -0.099163,
    -0.91905,
    0.38146,
    0.099163,
    -0.91905,
    0.38146,
    -0.088359,
    -0.91324,
    0.39773,
    0.088359,
    -0.91324,
    0.39773,
    0.32423,
    0.93398,
    -0.15019,
    0.034011,
    0.97103,
    -0.23652,
    0.16512,
    0.92636,
    -0.33853,
    -0.092148,
    0.9957,
    0.0099609,
    -0.034011,
    0.97103,
    -0.23652,
    0.38064,
    0.66243,
    -0.64521,
    0.27512,
    0.66832,
    -0.69113,
    -0.38064,
    0.66243,
    -0.64521,
    -0.27512,
    0.66832,
    -0.69113,
    -0.25959,
    0.95963,
    -0.10827,
    -0.16512,
    0.92636,
    -0.33853,
    0.010052,
    0.32732,
    -0.94486,
    -0.12852,
    0.47396,
    -0.87112,
    -0.010052,
    0.32732,
    -0.94486,
    -0.05506,
    0.39152,
    -0.91852,
    0.59919,
    0.76652,
    -0.23112,
    0.62692,
    0.74389,
    -0.23153,
    0.5544,
    0.79545,
    -0.24475,
    0.14407,
    0.20573,
    -0.96795,
    -0.068104,
    0.4402,
    -0.89531,
    0.044569,
    0.41269,
    -0.90978,
    0.068104,
    0.4402,
    -0.89531,
    -0.14407,
    0.20573,
    -0.96795,
    -0.32423,
    0.93398,
    -0.15019,
    0.58455,
    0.77881,
    -0.22749,
    -0.4787,
    0.83361,
    -0.27558,
    -0.26379,
    0.94203,
    -0.20737,
    -0.45071,
    0.86858,
    -0.20601,
    3.79e-8,
    0.99704,
    -0.076827,
    0.17092,
    0.9812,
    -0.089617,
    -0.17092,
    0.9812,
    -0.089617,
    -0.22361,
    -0.87986,
    0.41934,
    -0.055574,
    -0.90952,
    0.41193,
    0.092148,
    0.9957,
    0.0099609,
    0.055575,
    -0.90952,
    0.41193,
    0.22361,
    -0.87986,
    0.41934,
    -0.21307,
    0.13514,
    -0.96765,
    0.18449,
    0.9786,
    -0.09111,
    0.21307,
    0.13514,
    -0.96765,
    0.05506,
    0.39152,
    -0.91852,
    0.4787,
    0.83361,
    -0.27558,
    0.26379,
    0.94203,
    -0.20737,
    0.27564,
    0.9436,
    -0.18342,
    -0.42883,
    0.51691,
    -0.74088,
    -0.36129,
    0.48094,
    -0.79885,
    -0.38568,
    0.60229,
    -0.69893,
    0.26551,
    0.94862,
    -0.17209,
    0.26847,
    0.94396,
    -0.19202,
    0.03419,
    0.98674,
    -0.15869,
    -0.48877,
    0.8699,
    0.066145,
    -0.18449,
    0.9786,
    -0.09111,
    -0.37649,
    0.92596,
    0.029238,
    0.48877,
    0.8699,
    0.066145,
    0.37649,
    0.92596,
    0.029239,
    -0.023734,
    0.96569,
    -0.25861,
    -0.26847,
    0.94396,
    -0.19202,
    -0.034191,
    0.98674,
    -0.15869,
    -0.035296,
    0.079725,
    -0.99619,
    -0.032715,
    0.34953,
    -0.93635,
    0.030626,
    0.25687,
    -0.96596,
    -0.016921,
    -0.88095,
    -0.47291,
    0.0070013,
    -0.92604,
    -0.37736,
    0.026979,
    -0.98251,
    -0.18427,
    0.34696,
    0.86104,
    -0.37179,
    0.37215,
    0.66125,
    -0.65134,
    -0.34696,
    0.86104,
    -0.37179,
    -0.37215,
    0.66125,
    -0.65134,
    -0.026979,
    -0.98251,
    -0.18427,
    -0.0070013,
    -0.92604,
    -0.37736,
    0.026353,
    -0.86198,
    -0.50626,
    0.38569,
    0.60229,
    -0.69892,
    0.36129,
    0.48095,
    -0.79885,
    0.42883,
    0.51691,
    -0.74088,
    -0.22331,
    -0.95838,
    -0.17788,
    0.37593,
    -0.66544,
    -0.64488,
    0.3183,
    -0.63056,
    -0.70787,
    0.26375,
    -0.55602,
    -0.78821
  ],
  "colors": [],
  "uvs": [
    []
  ],