{
  "metadata": {
    "formatVersion": 3.1,
    "sourceFile": "glass.obj",
    "generatedBy": "OBJConverter",
    "vertices": 51,
    "faces": 55,
    "normals": 51,
    "colors": 0,
    "uvs": 0,
    "materials": 1
  },
  "scale": 0.5,
  "materials": [
    {
      "DbgColor": 15658734,
      "DbgIndex": 0,
      "DbgName": "07___Default",
      "colorAmbient": [
        0.2431,
        0.2863,
        0.4353
      ],
      "colorDiffuse": [
        0.2431,
        0.2863,
        0.4353
      ],
      "colorSpecular": [
        0.792,
        0.792,
        0.792
      ],
      "illumination": 2,
      "opacity": 1,
      "opticalDensity": 1.5,
      "specularCoef": 39,
      "transparent": true
    }
  ],
  "vertices": [
    -294,
    722,
    103,
    -233,
    634,
    306,
    -53,
    734,
    141,
    109,
    713,
    185,
    0,
    638,
    332,
    233,
    634,
    306,
    -70,
    708,
    -842,
    75,
    621,
    -995,
    -77,
    568,
    -1067,
    -337,
    669,
    160,
    -347,
    655,
    -252,
    -363,
    592,
    286,
    363,
    592,
    286,
    347,
    655,
    -252,
    337,
    669,
    160,
    342,
    644,
    -489,
    292,
    711,
    -640,
    307,
    738,
    -109,
    -307,
    738,
    -109,
    -292,
    711,
    -640,
    -342,
    644,
    -489,
    214,
    568,
    -1034,
    38,
    568,
    -1070,
    -214,
    568,
    -1034,
    -165,
    621,
    -977,
    349,
    604,
    -584,
    325,
    611,
    -783,
    -325,
    611,
    -783,
    -349,
    604,
    -584,
    294,
    722,
    103,
    371,
    548,
    -489,
    337,
    573,
    -780,
    383,
    536,
    -252,
    -383,
    536,
    -252,
    -337,
    573,
    -780,
    -371,
    548,
    -489,
    190,
    505,
    507,
    352,
    506,
    459,
    313,
    677,
    203,
    -289,
    582,
    -977,
    -270,
    708,
    -774,
    -316,
    720,
    30,
    316,
    720,
    30,
    270,
    708,
    -774,
    289,
    582,
    -977,
    -352,
    506,
    459,
    -63,
    506,
    522,
    -313,
    677,
    203,
    112,
    708,
    -835,
    382,
    505,
    385,
    -382,
    505,
    385
  ],
  "morphTargets": [],
  "morphColors": [],
  "normals": [
    -0.092615,
    0.90477,
    0.41571,
    -0.13612,
    0.85289,
    0.50404,
    -0.047534,
    0.90598,
    0.42063,
    0.066443,
    0.92581,
    0.37211,
    -0.0035153,
    0.85523,
    0.51824,
    0.14257,
    0.85034,
    0.50655,
    -0.067681,
    0.87065,
    -0.48722,
    0.076492,
    0.83825,
    -0.5399,
    -0.05791,
    0.83136,
    -0.55271,
    -0.94067,
    0.3392,
    0.0097224,
    -0.92156,
    0.38749,
    -0.024126,
    -0.96775,
    0.25166,
    0.011142,
    0.96775,
    0.25166,
    0.011142,
    0.92156,
    0.38749,
    -0.024126,
    0.94067,
    0.3392,
    0.0097224,
    0.91622,
    0.39745,
    -0.050783,
    0.88834,
    0.45057,
    -0.088599,
    0.89304,
    0.44986,
    -0.010175,
    -0.89304,
    0.44986,
    -0.010176,
    -0.88834,
    0.45057,
    -0.088598,
    -0.91622,
    0.39745,
    -0.050783,
    0.18045,
    0.84693,
    -0.50015,
    0.034087,
    0.80751,
    -0.58887,
    -0.20574,
    0.80047,
    -0.56295,
    -0.14882,
    0.83713,
    -0.52637,
    0.94354,
    0.31875,
    -0.090214,
    0.93604,
    0.33643,
    -0.10316,
    -0.93604,
    0.33643,
    -0.10316,
    -0.94354,
    0.31875,
    -0.090214,
    0.10424,
    0.91691,
    0.38525,
    0.95803,
    0.28301,
    -0.045733,
    0.95561,
    0.27511,
    -0.10547,
    0.95796,
    0.2866,
    -0.01331,
    -0.95796,
    0.2866,
    -0.01331,
    -0.95561,
    0.2751,
    -0.10547,
    -0.95803,
    0.28301,
    -0.045734,
    0.096653,
    0.81954,
    0.56481,
    0.17485,
    0.81744,
    0.54883,
    0.086739,
    0.89714,
    0.43314,
    -0.2577,
    0.82397,
    -0.50464,
    -0.1965,
    0.86121,
    -0.46872,
    -0.91251,
    0.40902,
    0.0056492,
    0.91251,
    0.40902,
    0.0056493,
    0.19369,
    0.84343,
    -0.50112,
    0.19501,
    0.84887,
    -0.49132,
    -0.15319,
    0.81289,
    0.56191,
    -0.039766,
    0.81869,
    0.57285,
    -0.08674,
    0.89714,
    0.43314,
    0.1253,
    0.86074,
    -0.49338,
    0.97247,
    0.23273,
    0.011887,
    -0.97247,
    0.23273,
    0.011887
  ],
  "colors": [],
  "uvs": [
    []
  ],
  "faces": [
    34,
    0,
    1,
    2,
    0,
    0,
    1,
    2,
    34,
    3,
    4,
    5,
    0,
    3,
    4,
    5,
    34,
    6,
    7,
    8,
    0,
    6,
    7,
    8,
    34,
    9,
    10,
    11,
    0,
    9,
    10,
    11,
    34,
    12,
    13,
    14,
    0,
    12,
    13,
    14,
    34,
    15,
    16,
    17,
    0,
    15,
    16,
    17,
    34,
    18,
    19,
    20,
    0,
    18,
    19,
    20,
    34,
    7,
    21,
    22,
    0,
    7,
    21,
    22,
    34,
    8,
    23,
    24,
    0,
    8,
    23,
    24,
    34,
    1,
    4,
    2,
    0,
    1,
    4,
    2,
    34,
    16,
    25,
    26,
    0,
    16,
    25,
    26,
    34,
    19,
    27,
    28,
    0,
    19,
    27,
    28,
    34,
    3,
    5,
    29,
    0,
    3,
    5,
    29,
    34,
    25,
    30,
    31,
    0,
    25,
    30,
    31,
    34,
    12,
    32,
    13,
    0,
    12,
    32,
    13,
    34,
    10,
    33,
    11,
    0,
    10,
    33,
    11,
    34,
    34,
    35,
    28,
    0,
    34,
    35,
    28,
    34,
    36,
    5,
    4,
    0,
    36,
    5,
    4,
    34,
    37,
    38,
    5,
    0,
    37,
    38,
    5,
    34,
    24,
    39,
    40,
    0,
    24,
    39,
    40,
    34,
    41,
    18,
    10,
    0,
    41,
    18,
    10,
    34,
    13,
    17,
    42,
    0,
    13,
    17,
    42,
    34,
    43,
    44,
    7,
    0,
    43,
    44,
    7,
    34,
    1,
    45,
    46,
    0,
    1,
    45,
    46,
    34,
    1,
    47,
    45,
    0,
    1,
    47,
    45,
    34,
    46,
    4,
    1,
    0,
    46,
    4,
    1,
    34,
    4,
    46,
    36,
    0,
    4,
    46,
    36,
    34,
    18,
    20,
    10,
    0,
    18,
    20,
    10,
    34,
    10,
    28,
    35,
    0,
    10,
    28,
    35,
    34,
    30,
    25,
    13,
    0,
    30,
    25,
    13,
    34,
    13,
    15,
    17,
    0,
    13,
    15,
    17,
    34,
    21,
    7,
    44,
    0,
    21,
    7,
    44,
    34,
    39,
    24,
    23,
    0,
    39,
    24,
    23,
    34,
    8,
    7,
    22,
    0,
    8,
    7,
    22,
    34,
    25,
    31,
    26,
    0,
    25,
    31,
    26,
    34,
    27,
    34,
    28,
    0,
    27,
    34,
    28,
    34,
    7,
    48,
    43,
    0,
    7,
    48,
    43,
    34,
    7,
    6,
    48,
    0,
    7,
    6,
    48,
    34,
    36,
    37,
    5,
    0,
    36,
    37,
    5,
    34,
    29,
    5,
    38,
    0,
    29,
    5,
    38,
    34,
    47,
    1,
    0,
    0,
    47,
    1,
    0,
    34,
    49,
    32,
    12,
    0,
    49,
    32,
    12,
    34,
    11,
    33,
    50,
    0,
    11,
    33,
    50,
    34,
    4,
    3,
    2,
    0,
    4,
    3,
    2,
    34,
    29,
    2,
    3,
    0,
    29,
    2,
    3,
    34,
    32,
    30,
    13,
    0,
    32,
    30,
    13,
    34,
    10,
    35,
    33,
    0,
    10,
    35,
    33,
    34,
    40,
    6,
    24,
    0,
    40,
    6,
    24,
    34,
    8,
    24,
    6,
    0,
    8,
    24,
    6,
    34,
    14,
    13,
    42,
    0,
    14,
    13,
    42,
    34,
    41,
    10,
    9,
    0,
    41,
    10,
    9,
    34,
    20,
    19,
    28,
    0,
    20,
    19,
    28,
    34,
    10,
    20,
    28,
    0,
    10,
    20,
    28,
    34,
    25,
    15,
    13,
    0,
    25,
    15,
    13,
    34,
    25,
    16,
    15,
    0,
    25,
    16,
    15
  ]
}