{
  "metadata": {
    "formatVersion": 3.1,
    "sourceFile": "lens.obj",
    "generatedBy": "OBJConverter",
    "vertices": 38,
    "faces": 34,
    "normals": 38,
    "colors": 0,
    "uvs": 0,
    "materials": 1
  },
  "scale": 0.5,
  "materials": [
    {
      "DbgColor": 15658734,
      "DbgIndex": 0,
      "DbgName": "07___Default",
      "colorAmbient": [
        0.2431,
        0.2863,
        0.4353
      ],
      "colorDiffuse": [
        0.2431,
        0.2863,
        0.4353
      ],
      "colorSpecular": [
        0.792,
        0.792,
        0.792
      ],
      "illumination": 2,
      "opacity": 1,
      "opticalDensity": 1.5,
      "specularCoef": 39,
      "transparent": true
    }
  ],
  "vertices": [
    327,
    419,
    963,
    397,
    421,
    885,
    351,
    467,
    854,
    -346,
    467,
    854,
    -392,
    421,
    885,
    -322,
    419,
    963,
    368,
    479,
    -1042,
    389,
    450,
    -1016,
    222,
    446,
    -1121,
    419,
    454,
    -908,
    -363,
    479,
    -1042,
    -384,
    450,
    -1016,
    -414,
    454,
    -908,
    -217,
    446,
    -1121,
    242,
    379,
    1055,
    316,
    370,
    1013,
    -311,
    370,
    1013,
    -237,
    379,
    1055,
    -365,
    375,
    967,
    370,
    375,
    967,
    375,
    460,
    847,
    -371,
    460,
    847,
    243,
    513,
    -1096,
    -238,
    513,
    -1096,
    261,
    431,
    963,
    -256,
    431,
    963,
    -387,
    513,
    -952,
    -398,
    512,
    -880,
    402,
    512,
    -880,
    392,
    513,
    -952,
    364,
    513,
    -1007,
    -359,
    513,
    -1007,
    306,
    456,
    897,
    -301,
    456,
    897,
    229,
    397,
    1030,
    -224,
    397,
    1030,
    -391,
    400,
    914,
    396,
    400,
    914
  ],
  "morphTargets": [],
  "morphColors": [],
  "normals": [
    0.3741,
    0.75127,
    0.54374,
    0.47509,
    0.73124,
    0.48947,
    0.37087,
    0.7937,
    0.48218,
    -0.37087,
    0.7937,
    0.48218,
    -0.47509,
    0.73124,
    0.48947,
    -0.3741,
    0.75127,
    0.54374,
    0.68335,
    0.21641,
    -0.69728,
    0.86646,
    0.23922,
    -0.4382,
    0.45253,
    0.11282,
    -0.88458,
    0.92456,
    0.30216,
    -0.23213,
    -0.68335,
    0.21641,
    -0.69728,
    -0.86646,
    0.23922,
    -0.43821,
    -0.92456,
    0.30216,
    -0.23213,
    -0.45253,
    0.11282,
    -0.88458,
    0.26675,
    0.77517,
    0.57267,
    0.46691,
    0.58473,
    0.66339,
    -0.46691,
    0.58473,
    0.66339,
    -0.26675,
    0.77517,
    0.57267,
    -0.53994,
    0.60209,
    0.58818,
    0.53994,
    0.60209,
    0.58818,
    0.37317,
    0.75166,
    0.54383,
    -0.37317,
    0.75166,
    0.54383,
    0.44038,
    0.28205,
    -0.85236,
    -0.44038,
    0.28205,
    -0.85236,
    0.17181,
    0.85684,
    0.48611,
    -0.17182,
    0.85684,
    0.48611,
    -0.91808,
    0.14595,
    -0.36855,
    -0.93492,
    0.3307,
    -0.12871,
    0.93492,
    0.3307,
    -0.12871,
    0.91808,
    0.14595,
    -0.36854,
    0.77597,
    0.46077,
    -0.43077,
    -0.77597,
    0.46077,
    -0.43077,
    0.31509,
    0.79527,
    0.51794,
    -0.31509,
    0.79527,
    0.51794,
    0.19086,
    0.83557,
    0.51516,
    -0.19086,
    0.83557,
    0.51516,
    -0.43903,
    0.71297,
    0.54674,
    0.43903,
    0.71297,
    0.54674
  ],
  "colors": [],
  "uvs": [
    []
  ],
  "faces": [
    34,
    0,
    1,
    2,
    0,
    0,
    1,
    2,
    34,
    3,
    4,
    5,
    0,
    3,
    4,
    5,
    34,
    6,
    7,
    8,
    0,
    6,
    7,
    8,
    34,
    9,
    7,
    6,
    0,
    9,
    7,
    6,
    34,
    10,
    11,
    12,
    0,
    10,
    11,
    12,
    34,
    13,
    11,
    10,
    0,
    13,
    11,
    10,
    34,
    14,
    15,
    0,
    0,
    14,
    15,
    0,
    34,
    5,
    16,
    17,
    0,
    5,
    16,
    17,
    34,
    4,
    18,
    5,
    0,
    4,
    18,
    5,
    34,
    0,
    19,
    1,
    0,
    0,
    19,
    1,
    34,
    20,
    2,
    1,
    0,
    20,
    2,
    1,
    34,
    4,
    3,
    21,
    0,
    4,
    3,
    21,
    34,
    6,
    8,
    22,
    0,
    6,
    8,
    22,
    34,
    23,
    13,
    10,
    0,
    23,
    13,
    10,
    34,
    2,
    24,
    0,
    0,
    2,
    24,
    0,
    34,
    24,
    14,
    0,
    0,
    24,
    14,
    0,
    34,
    5,
    25,
    3,
    0,
    5,
    25,
    3,
    34,
    5,
    17,
    25,
    0,
    5,
    17,
    25,
    34,
    26,
    12,
    27,
    0,
    26,
    12,
    27,
    34,
    28,
    9,
    29,
    0,
    28,
    9,
    29,
    34,
    9,
    6,
    30,
    0,
    9,
    6,
    30,
    34,
    22,
    30,
    6,
    0,
    22,
    30,
    6,
    34,
    10,
    31,
    23,
    0,
    10,
    31,
    23,
    34,
    31,
    10,
    12,
    0,
    31,
    10,
    12,
    34,
    0,
    15,
    19,
    0,
    0,
    15,
    19,
    34,
    18,
    16,
    5,
    0,
    18,
    16,
    5,
    34,
    2,
    32,
    24,
    0,
    2,
    32,
    24,
    34,
    25,
    33,
    3,
    0,
    25,
    33,
    3,
    34,
    14,
    24,
    34,
    0,
    14,
    24,
    34,
    34,
    35,
    25,
    17,
    0,
    35,
    25,
    17,
    34,
    4,
    36,
    18,
    0,
    4,
    36,
    18,
    34,
    19,
    37,
    1,
    0,
    19,
    37,
    1,
    34,
    30,
    29,
    9,
    0,
    30,
    29,
    9,
    34,
    12,
    26,
    31,
    0,
    12,
    26,
    31
  ]
}