{
  "metadata": {
    "formatVersion": 3.1,
    "sourceFile": "reflector.obj",
    "generatedBy": "OBJConverter",
    "vertices": 29,
    "faces": 36,
    "normals": 53,
    "colors": 0,
    "uvs": 0,
    "materials": 1
  },
  "scale": 0.5,
  "materials": [
    {
      "DbgColor": 15658734,
      "DbgIndex": 0,
      "DbgName": "07___Default",
      "colorAmbient": [
        0.5879999995,
        0.5879999995,
        0.5879999995
      ],
      "colorDiffuse": [
        0.5879999995,
        0.5879999995,
        0.5879999995
      ],
      "colorSpecular": [
        0,
        0,
        0
      ],
      "illumination": 2,
      "opacity": 1,
      "opticalDensity": 1.5,
      "specularCoef": 10,
      "transparent": true
    }
  ],
  "vertices": [
    489,
    555,
    218,
    463,
    574,
    231,
    456,
    570,
    268,
    -456,
    570,
    268,
    -463,
    574,
    231,
    -489,
    555,
    218,
    427,
    582,
    254,
    407,
    552,
    315,
    -407,
    552,
    315,
    -428,
    582,
    254,
    494,
    536,
    213,
    491,
    536,
    242,
    472,
    532,
    281,
    -494,
    536,
    213,
    -472,
    532,
    281,
    -491,
    536,
    242,
    -409,
    531,
    328,
    -407,
    530,
    266,
    -413,
    574,
    262,
    412,
    574,
    262,
    407,
    530,
    266,
    409,
    531,
    328,
    -437,
    532,
    319,
    437,
    532,
    319,
    -455,
    517,
    241,
    -487,
    537,
    220,
    -415,
    568,
    267,
    -477,
    561,
    249,
    -460,
    566,
    238
  ],
  "morphTargets": [],
  "morphColors": [],
  "normals": [
    0.8514,
    0.47633,
    0.21961,
    0.55649,
    0.80882,
    0.19008,
    0.49891,
    0.75515,
    0.42524,
    -0.46681,
    0.76884,
    0.43702,
    -0.55649,
    0.80882,
    0.19008,
    -0.8632,
    0.47883,
    0.16,
    0.23064,
    0.90918,
    0.34671,
    0.27938,
    0.66911,
    0.68865,
    -0.27938,
    0.66911,
    0.68865,
    -0.23064,
    0.90918,
    0.34671,
    -0.32837,
    0.18273,
    -0.92671,
    -0.42003,
    0.1531,
    -0.89451,
    0.23685,
    -0.97138,
    0.018175,
    0.15857,
    -0.98538,
    0.062248,
    0.32837,
    0.18273,
    -0.92671,
    0.42003,
    0.1531,
    -0.89451,
    -0.23685,
    -0.97138,
    0.018175,
    -0.15857,
    -0.98538,
    0.062248,
    -0.23685,
    -0.97138,
    0.018175,
    0.94591,
    -0.32349,
    -0.024665,
    0.98999,
    0.13467,
    0.042238,
    0.99711,
    0.075955,
    0.0029822,
    -0.99711,
    0.075955,
    0.002982,
    -0.98999,
    0.13467,
    0.042238,
    -0.94591,
    -0.32349,
    -0.024664,
    -0.40565,
    0.60103,
    0.68863,
    0.9622,
    -0.20371,
    -0.18073,
    -0.9622,
    -0.20371,
    -0.18073,
    0.40565,
    0.60103,
    0.68863,
    0.54411,
    0.000051595,
    -0.83901,
    0.54413,
    0.000015781,
    -0.839,
    0.54413,
    0.0000078346,
    -0.839,
    -0.70329,
    0.45073,
    0.54975,
    -0.66658,
    0.70496,
    0.24229,
    0.70828,
    0.48081,
    0.51688,
    0.82625,
    0.46514,
    0.31774,
    -0.96361,
    0.24916,
    0.096858,
    -0.88683,
    0.3578,
    0.29243,
    0.96361,
    0.24916,
    0.096858,
    0.23081,
    0.51613,
    0.82482,
    0.095058,
    -0.99072,
    0.097102,
    -0.095058,
    -0.99072,
    0.097102,
    -0.23081,
    0.51613,
    0.82482,
    -0.29699,
    0.88927,
    0.34784,
    -0.29699,
    0.88927,
    0.34784,
    -0.29699,
    0.88927,
    0.34784,
    -0.52118,
    0.11665,
    -0.84544,
    -0.52118,
    0.11665,
    -0.84544,
    0.52118,
    0.11665,
    -0.84544,
    0.52118,
    0.11665,
    -0.84544,
    0.29699,
    0.88927,
    0.34784,
    0.29699,
    0.88927,
    0.34784,
    0.54415,
    -0.00006336,
    -0.83899
  ],
  "colors": [],
  "uvs": [
    []
  ],
  "faces": [
    34,
    0,
    1,
    2,
    0,
    0,
    1,
    2,
    34,
    3,
    4,
    5,
    0,
    3,
    4,
    5,
    34,
    6,
    7,
    2,
    0,
    6,
    7,
    2,
    34,
    3,
    8,
    9,
    0,
    3,
    8,
    9,
    34,
    2,
    1,
    6,
    0,
    2,
    1,
    6,
    34,
    9,
    4,
    3,
    0,
    9,
    4,
    3,
    34,
    10,
    1,
    0,
    0,
    10,
    11,
    10,
    34,
    11,
    12,
    10,
    0,
    12,
    13,
    12,
    34,
    5,
    4,
    13,
    0,
    14,
    15,
    14,
    34,
    13,
    14,
    15,
    0,
    16,
    17,
    18,
    34,
    16,
    17,
    18,
    0,
    19,
    20,
    21,
    34,
    19,
    20,
    21,
    0,
    22,
    23,
    24,
    34,
    8,
    3,
    22,
    0,
    8,
    3,
    25,
    34,
    18,
    8,
    16,
    0,
    21,
    26,
    19,
    34,
    21,
    7,
    19,
    0,
    24,
    27,
    22,
    34,
    23,
    2,
    7,
    0,
    28,
    2,
    7,
    34,
    24,
    25,
    26,
    0,
    29,
    30,
    31,
    34,
    3,
    14,
    22,
    0,
    3,
    32,
    25,
    34,
    14,
    3,
    27,
    0,
    32,
    3,
    33,
    34,
    23,
    12,
    2,
    0,
    28,
    34,
    2,
    34,
    11,
    2,
    12,
    0,
    35,
    2,
    34,
    34,
    5,
    13,
    15,
    0,
    5,
    36,
    37,
    34,
    5,
    27,
    3,
    0,
    5,
    33,
    3,
    34,
    11,
    10,
    0,
    0,
    35,
    38,
    0,
    34,
    2,
    11,
    0,
    0,
    2,
    35,
    0,
    34,
    7,
    21,
    23,
    0,
    7,
    39,
    28,
    34,
    21,
    12,
    23,
    0,
    24,
    13,
    40,
    34,
    22,
    14,
    16,
    0,
    41,
    17,
    19,
    34,
    22,
    16,
    8,
    0,
    25,
    42,
    8,
    34,
    7,
    6,
    19,
    0,
    43,
    44,
    45,
    34,
    1,
    19,
    6,
    0,
    11,
    46,
    47,
    34,
    9,
    18,
    4,
    0,
    48,
    49,
    15,
    34,
    18,
    9,
    8,
    0,
    50,
    51,
    51,
    34,
    26,
    25,
    28,
    0,
    31,
    30,
    52,
    34,
    14,
    27,
    15,
    0,
    32,
    33,
    37,
    34,
    5,
    15,
    27,
    0,
    5,
    37,
    33
  ]
}