{
  "metadata": {
    "formatVersion": 3.1,
    "sourceFile": "roof.obj",
    "generatedBy": "OBJConverter",
    "vertices": 54,
    "faces": 85,
    "normals": 73,
    "colors": 0,
    "uvs": 0,
    "materials": 1
  },
  "scale": 0.5,
  "materials": [
    {
      "DbgColor": 15658734,
      "DbgIndex": 0,
      "DbgName": "_roofMaterial__1730",
      "colorAmbient": [
        0.5098039508,
        0.2941176593,
        0.0666666701
      ],
      "colorDiffuse": [
        0.5098039508,
        0.2941176593,
        0.0666666701
      ],
      "colorSpecular": [
        0.1889999956,
        0.1889999956,
        0.1889999956
      ],
      "illumination": 2,
      "opacity": 1,
      "opticalDensity": 1.5,
      "specularCoef": 28,
      "transparent": true
    }
  ],
  "vertices": [
    -144,
    783,
    -243,
    -199,
    767,
    -44,
    0,
    782,
    -134,
    47,
    788,
    -292,
    144,
    783,
    -243,
    180,
    780,
    -450,
    -42,
    775,
    -657,
    -136,
    765,
    -709,
    -174,
    772,
    -602,
    0,
    763,
    49,
    -155,
    759,
    40,
    -107,
    735,
    140,
    50,
    774,
    -31,
    278,
    759,
    -57,
    260,
    773,
    -351,
    251,
    770,
    -498,
    121,
    752,
    -812,
    -40,
    755,
    -816,
    211,
    730,
    125,
    290,
    737,
    66,
    154,
    759,
    40,
    53,
    736,
    144,
    0,
    736,
    145,
    -161,
    733,
    134,
    -266,
    772,
    -253,
    -180,
    780,
    -450,
    -47,
    788,
    -292,
    0,
    787,
    -449,
    -135,
    753,
    -811,
    -235,
    744,
    -793,
    -290,
    737,
    66,
    -211,
    730,
    125,
    136,
    765,
    -709,
    173,
    772,
    -602,
    135,
    753,
    -811,
    161,
    728,
    130,
    107,
    735,
    140,
    161,
    733,
    134,
    255,
    727,
    115,
    -53,
    736,
    144,
    -161,
    728,
    130,
    235,
    744,
    -793,
    42,
    775,
    -657,
    -278,
    759,
    -57,
    -284,
    749,
    16,
    -296,
    724,
    105,
    296,
    724,
    105,
    -256,
    727,
    115,
    121,
    750,
    -814,
    -135,
    751,
    -813,
    -251,
    770,
    -498,
    284,
    749,
    16,
    266,
    772,
    -253,
    -234,
    742,
    -795
  ],
  "morphTargets": [],
  "morphColors": [],
  "normals": [
    -0.060868,
    0.99764,
    0.031687,
    -0.087318,
    0.99158,
    0.095645,
    1.2e-9,
    0.99814,
    0.060966,
    0.023408,
    0.9996,
    0.015775,
    0.060868,
    0.99764,
    0.031687,
    0.084813,
    0.99593,
    -0.03043,
    -0.027223,
    0.99552,
    -0.090527,
    -0.051935,
    0.9925,
    -0.11065,
    -0.088409,
    0.99305,
    -0.077687,
    -6e-10,
    0.98109,
    0.19355,
    -0.073514,
    0.97887,
    0.1908,
    -0.061915,
    0.93902,
    0.33824,
    0.024722,
    0.99477,
    0.099059,
    0.11958,
    0.98863,
    0.091114,
    0.11578,
    0.99324,
    -0.0078919,
    0.11942,
    0.99168,
    -0.048013,
    -0.021945,
    0.98976,
    -0.14105,
    -0.027627,
    0.98846,
    -0.14894,
    0.11755,
    0.93728,
    0.32815,
    0.14584,
    0.95654,
    0.25253,
    0.073514,
    0.97887,
    0.1908,
    0.033314,
    0.9399,
    0.33983,
    1.29e-8,
    0.94038,
    0.34012,
    -0.088346,
    0.9383,
    0.33434,
    -0.11548,
    0.99295,
    0.026646,
    -0.084813,
    0.99593,
    -0.03043,
    -0.023408,
    0.9996,
    0.015775,
    0,
    0.99966,
    -0.026253,
    0.0015548,
    0.99295,
    -0.11855,
    -0.11927,
    0.98354,
    -0.1357,
    -0.14584,
    0.95654,
    0.25253,
    -0.11755,
    0.93728,
    0.32816,
    0.051935,
    0.9925,
    -0.11065,
    0.088409,
    0.99305,
    -0.077687,
    -0.0015548,
    0.99295,
    -0.11855,
    0.016969,
    -0.70114,
    0.71282,
    1.96e-8,
    -0.70118,
    0.71298,
    0.07517,
    -0.69945,
    0.71072,
    0.061915,
    0.93902,
    0.33824,
    0.088346,
    0.9383,
    0.33434,
    0.14339,
    0.93615,
    0.32104,
    -0.033314,
    0.9399,
    0.33982,
    -0.016969,
    -0.70114,
    0.71282,
    -0.07517,
    -0.69945,
    0.71072,
    0.11927,
    0.98354,
    -0.1357,
    0.027223,
    0.99552,
    -0.090527,
    -0.11958,
    0.98863,
    0.091114,
    -0.13375,
    0.97466,
    0.17932,
    -0.13737,
    -0.65772,
    0.74063,
    -0.097616,
    -0.69824,
    0.70918,
    0.097616,
    -0.69824,
    0.70918,
    0.13737,
    -0.65772,
    0.74063,
    0.043881,
    -0.70059,
    0.71221,
    -0.043881,
    -0.70059,
    0.71221,
    -0.14339,
    0.93615,
    0.32104,
    0.11533,
    -0.697,
    0.70774,
    0.15665,
    0.93594,
    0.31539,
    -0.15665,
    0.93594,
    0.31539,
    -0.11533,
    -0.697,
    0.70774,
    0.027262,
    0.60863,
    -0.79299,
    -0.066206,
    0.61677,
    -0.78435,
    -0.033773,
    0.59953,
    -0.79964,
    -0.27376,
    0.51087,
    -0.8149,
    -0.067986,
    0.61615,
    -0.78469,
    0.067986,
    0.61615,
    -0.78469,
    0.27376,
    0.51087,
    -0.8149,
    0.027181,
    0.60888,
    -0.79279,
    -0.11942,
    0.99168,
    -0.048013,
    0.13375,
    0.97466,
    0.17932,
    0.11548,
    0.99295,
    0.026646,
    -0.073452,
    -0.69952,
    0.71082,
    0.073452,
    -0.69952,
    0.71082,
    -0.29751,
    0.46124,
    -0.83591
  ],
  "colors": [],
  "uvs": [
    []
  ],