{
  "metadata": {
    "formatVersion": 3.1,
    "sourceFile": "sideskirt.obj",
    "generatedBy": "OBJConverter",
    "vertices": 11,
    "faces": 9,
    "normals": 11,
    "colors": 0,
    "uvs": 0,
    "materials": 1
  },
  "scale": 0.5,
  "materials": [
    {
      "DbgColor": 15658734,
      "DbgIndex": 0,
      "DbgName": "07___Default",
      "colorAmbient": [
        0.5879999995,
        0.5879999995,
        0.5879999995
      ],
      "colorDiffuse": [
        0.5879999995,
        0.5879999995,
        0.5879999995
      ],
      "colorSpecular": [
        0,
        0,
        0
      ],
      "illumination": 2,
      "opacity": 1,
      "opticalDensity": 1.5,
      "specularCoef": 10,
      "transparent": true
    }
  ],
  "vertices": [
    -355,
    106,
    -487,
    -412,
    115,
    484,
    -408,
    111,
    -487,
    408,
    111,
    -487,
    402,
    99,
    484,
    355,
    106,
    -487,
    355,
    90,
    483,
    -355,
    90,
    483,
    -419,
    133,
    -487,
    419,
    133,
    -487,
    412,
    115,
    484
  ],
  "morphTargets": [],
  "morphColors": [],
  "normals": [
    -0.11167,
    -0.97768,
    -0.17795,
    -0.39558,
    -0.91832,
    -0.01432,
    -0.44087,
    -0.67064,
    -0.59656,
    0.44307,
    -0.6664,
    -0.59967,
    0.56451,
    -0.82536,
    -0.010533,
    0.10188,
    -0.97609,
    -0.19203,
    0.17774,
    -0.98394,
    -0.016158,
    -0.39635,
    -0.91798,
    -0.015086,
    -0.79748,
    -0.44212,
    -0.41055,
    0.7975,
    -0.44292,
    -0.40965,
    0.85027,
    -0.52634,
    -0.0033258
  ],
  "colors": [],
  "uvs": [
    []
  ],
  "faces": [
    34,
    0,
    1,
    2,
    0,
    0,
    1,
    2,
    34,
    3,
    4,
    5,
    0,
    3,
    4,
    5,
    34,
    4,
    6,
    5,
    0,
    4,
    6,
    5,
    34,
    0,
    7,
    1,
    0,
    0,
    7,
    1,
    34,
    0,
    2,
    8,
    0,
    0,
    2,
    8,
    34,
    8,
    2,
    1,
    0,
    8,
    2,
    1,
    34,
    4,
    3,
    9,
    0,
    4,
    3,
    9,
    34,
    9,
    3,
    5,
    0,
    9,
    3,
    5,
    34,
    9,
    10,
    4,
    0,
    9,
    10,
    4
  ]
}