{
  "metadata": {
    "formatVersion": 3.1,
    "sourceFile": "spoiler.obj",
    "generatedBy": "OBJConverter",
    "vertices": 35,
    "faces": 66,
    "normals": 35,
    "colors": 0,
    "uvs": 0,
    "materials": 1
  },
  "scale": 0.5,
  "materials": [
    {
      "DbgColor": 15658734,
      "DbgIndex": 0,
      "DbgName": "07___Default",
      "colorAmbient": [
        0.987,
        0.987,
        0.987
      ],
      "colorDiffuse": [
        0.987,
        0.987,
        0.987
      ],
      "colorSpecular": [
        0.936,
        0.936,
        0.936
      ],
      "illumination": 2,
      "opacity": 1,
      "opticalDensity": 1.5,
      "specularCoef": 20,
      "transparent": true
    }
  ],
  "vertices": [
    96,
    568,
    -1095,
    -96,
    568,
    -1095,
    18,
    559,
    -1112,
    97,
    556,
    -1143,
    -6,
    527,
    -1117,
    -6,
    555,
    -1146,
    98,
    561,
    -1144,
    -98,
    561,
    -1144,
    237,
    572,
    -1061,
    195,
    568,
    -1122,
    113,
    572,
    -1092,
    99,
    564,
    -1093,
    98,
    528,
    -1114,
    -299,
    567,
    -1086,
    -97,
    556,
    -1143,
    -195,
    570,
    -1074,
    -97,
    551,
    -1108,
    -99,
    564,
    -1093,
    -237,
    569,
    -1111,
    -300,
    580,
    -1034,
    300,
    580,
    -1034,
    320,
    569,
    -1078,
    300,
    576,
    -1033,
    237,
    565,
    -1110,
    97,
    551,
    -1108,
    -299,
    572,
    -1087,
    373,
    569,
    -984,
    349,
    556,
    -1062,
    97,
    538,
    -1106,
    -6,
    537,
    -1110,
    -97,
    528,
    -1115,
    -373,
    573,
    -984,
    -349,
    561,
    -1063,
    -349,
    556,
    -1062,
    -97,
    539,
    -1106
  ],
  "morphTargets": [],
  "morphColors": [],
  "normals": [
    -0.45143,
    0.60084,
    0.65969,
    0.37732,
    0.64566,
    0.66389,
    -0.01585,
    -0.44854,
    0.89362,
    0.25848,
    -0.56266,
    -0.78524,
    -0.00088697,
    -0.99501,
    0.099778,
    0.010451,
    -0.064191,
    -0.99788,
    0.069882,
    0.56372,
    -0.823,
    -0.096728,
    0.57296,
    -0.81386,
    -0.4769,
    0.18416,
    0.85945,
    0.19811,
    0.51269,
    -0.8354,
    -0.19223,
    0.85874,
    0.47499,
    -0.3455,
    -0.51761,
    0.78276,
    0.58385,
    -0.80945,
    0.06252,
    -0.21438,
    -0.80158,
    -0.55814,
    -0.27597,
    -0.56145,
    -0.78013,
    0.16896,
    0.12118,
    0.97815,
    -0.78655,
    -0.18408,
    0.58945,
    0.33939,
    -0.5213,
    0.78298,
    -0.23723,
    0.31476,
    -0.91905,
    0.28834,
    0.33594,
    0.89666,
    -0.21568,
    0.85229,
    0.47654,
    0.14246,
    0.0046559,
    -0.98979,
    -0.44154,
    -0.57667,
    0.68738,
    0.35156,
    -0.49347,
    -0.79554,
    0.77758,
    -0.1807,
    0.60226,
    -0.33604,
    0.60395,
    -0.72272,
    0.61149,
    -0.0085634,
    0.79121,
    0.67003,
    -0.47593,
    -0.56969,
    0.60484,
    -0.1941,
    0.77233,
    0.013849,
    -0.26452,
    0.96428,
    -0.5774,
    -0.8139,
    0.064597,
    -0.49988,
    0.09035,
    0.86137,
    -0.6748,
    0.42871,
    -0.60071,
    -0.46388,
    -0.80846,
    -0.36221,
    -0.58042,
    -0.19223,
    0.7913
  ],
  "colors": [],
  "uvs": [
    []
  ],
  "faces": [
    34,
    0,
    1,
    2,
    0,
    0,
    1,
    2,
    34,
    3,
    4,
    5,
    0,
    3,
    4,
    5,
    34,
    6,
    7,
    0,
    0,
    6,
    7,
    0,
    34,
    8,
    9,
    10,
    0,
    8,
    9,
    10,
    34,
    8,
    11,
    3,
    0,
    8,
    11,
    3,
    34,
    4,
    3,
    12,
    0,
    4,
    3,
    12,
    34,
    13,
    14,
    15,
    0,
    13,
    14,
    15,
    34,
    16,
    17,
    14,
    0,
    16,
    17,
    14,
    34,
    1,
    0,
    7,
    0,
    1,
    0,
    7,
    34,
    18,
    19,
    15,
    0,
    18,
    19,
    15,
    34,
    20,
    21,
    9,
    0,
    20,
    21,
    9,
    34,
    22,
    23,
    21,
    0,
    22,
    23,
    21,
    34,
    2,
    24,
    0,
    0,
    2,
    24,
    0,
    34,
    3,
    11,
    24,
    0,
    3,
    11,
    24,
    34,
    18,
    25,
    19,
    0,
    18,
    25,
    19,
    34,
    19,
    13,
    15,
    0,
    19,
    13,
    15,
    34,
    21,
    20,
    26,
    0,
    21,
    20,
    26,
    34,
    27,
    26,
    22,
    0,
    27,
    26,
    22,
    34,
    4,
    28,
    29,
    0,
    4,
    28,
    29,
    34,
    14,
    30,
    16,
    0,
    14,
    30,
    16,
    34,
    4,
    12,
    28,
    0,
    4,
    12,
    28,
    34,
    12,
    3,
    24,
    0,
    12,
    3,
    24,
    34,
    31,
    19,
    32,
    0,
    31,
    19,
    32,
    34,
    19,
    31,
    33,
    0,
    19,
    31,
    33,
    34,
    34,
    16,
    30,
    0,
    34,
    16,
    30,
    34,
    28,
    2,
    29,
    0,
    28,
    2,
    29,
    34,
    33,
    13,
    19,
    0,
    33,
    13,
    19,
    34,
    25,
    32,
    19,
    0,
    25,
    32,
    19,
    34,
    3,
    5,
    7,
    0,
    3,
    5,
    7,
    34,
    18,
    14,
    13,
    0,
    18,
    14,
    13,
    34,
    10,
    9,
    6,
    0,
    10,
    9,
    6,
    34,
    23,
    22,
    3,
    0,
    23,
    22,
    3,
    34,
    22,
    21,
    27,
    0,
    22,
    21,
    27,
    34,
    26,
    27,
    21,
    0,
    26,
    27,
    21,
    34,
    3,
    22,
    8,
    0,
    3,
    22,
    8,
    34,
    9,
    8,
    20,
    0,
    9,
    8,
    20,
    34,
    15,
    1,
    18,
    0,
    15,
    1,
    18,
    34,
    14,
    17,
    15,
    0,
    14,
    17,
    15,
    34,
    2,
    16,
    34,
    0,
    2,
    16,
    34,
    34,
    1,
    16,
    2,
    0,
    1,
    16,
    2,
    34,
    2,
    28,
    24,
    0,
    2,
    28,
    24,
    34,
    24,
    28,
    12,
    0,
    24,
    28,
    12,
    34,
    18,
    1,
    7,
    0,
    18,
    1,
    7,
    34,
    14,
    18,
    7,
    0,
    14,
    18,
    7,
    34,
    24,
    11,
    0,
    0,
    24,
    11,
    0,
    34,
    10,
    11,
    8,
    0,
    10,
    11,
    8,
    34,
    1,
    17,
    16,
    0,
    1,
    17,
    16,
    34,
    1,
    15,
    17,
    0,
    1,
    15,
    17,
    34,
    3,
    6,
    9,
    0,
    3,
    6,
    9,
    34,
    7,
    6,
    3,
    0,
    7,
    6,
    3,
    34,
    34,
    29,
    2,
    0,
    34,
    29,
    2,
    34,
    34,
    4,
    29,
    0,
    34,
    4,
    29,
    34,
    14,
    5,
    30,
    0,
    14,
    5,
    30,
    34,
    5,
    14,
    7,
    0,
    5,
    14,
    7,
    34,
    4,
    34,
    30,
    0,
    4,
    34,
    30,
    34,
    5,
    4,
    30,
    0,
    5,
    4,
    30,
    34,
    21,
    23,
    9,
    0,
    21,
    23,
    9,
    34,
    9,
    23,
    3,
    0,
    9,
    23,
    3,
    34,
    33,
    31,
    32,
    0,
    33,
    31,
    32,
    34,
    32,
    13,
    33,
    0,
    32,
    13,
    33,
    34,
    10,
    0,
    11,
    0,
    10,
    0,
    11,
    34,
    6,
    0,
    10,
    0,
    6,
    0,
    10,
    34,
    20,
    22,
    26,
    0,
    20,
    22,
    26,
    34,
    20,
    8,
    22,
    0,
    20,
    8,
    22,
    34,
    13,
    25,
    18,
    0,
    13,
    25,
    18,
    34,
    13,
    32,
    25,
    0,
    13,
    32,
    25
  ]
}