{
  "metadata": {
    "formatVersion": 3.1,
    "sourceFile": "reflector.obj",
    "generatedBy": "OBJConverter",
    "vertices": 77,
    "faces": 112,
    "normals": 77,
    "colors": 0,
    "uvs": 0,
    "materials": 1
  },
  "scale": 0.5,
  "materials": [
    {
      "DbgColor": 15658734,
      "DbgIndex": 0,
      "DbgName": "Standard_4",
      "colorAmbient": [
        0.270588249,
        0.270588249,
        0.270588249
      ],
      "colorDiffuse": [
        0.270588249,
        0.270588249,
        0.270588249
      ],
      "colorSpecular": [
        0,
        0,
        0
      ],
      "illumination": 2,
      "opacity": 1,
      "opticalDensity": 1.5,
      "specularCoef": 10,
      "transparent": true
    }
  ],
  "vertices": [
    484,
    542,
    301,
    426,
    533,
    357,
    472,
    528,
    343,
    -472,
    528,
    343,
    -426,
    533,
    357,
    -484,
    542,
    301,
    -509,
    532,
    291,
    -502,
    526,
    322,
    502,
    526,
    322,
    509,
    532,
    291,
    432,
    493,
    368,
    470,
    494,
    353,
    460,
    518,
    357,
    505,
    496,
    329,
    513,
    498,
    311,
    509,
    520,
    321,
    -418,
    540,
    325,
    -411,
    520,
    354,
    -411,
    523,
    327,
    -432,
    493,
    368,
    -422,
    519,
    369,
    -460,
    518,
    357,
    422,
    519,
    369,
    411,
    523,
    327,
    411,
    520,
    354,
    418,
    540,
    325,
    -470,
    494,
    353,
    -505,
    496,
    329,
    -505,
    519,
    329,
    -515,
    524,
    288,
    475,
    538,
    307,
    499,
    487,
    299,
    421,
    483,
    325,
    -421,
    483,
    325,
    -499,
    487,
    299,
    -475,
    538,
    307,
    -425,
    537,
    324,
    425,
    537,
    324,
    -411,
    497,
    354,
    411,
    500,
    327,
    411,
    497,
    354,
    -513,
    498,
    311,
    515,
    524,
    288,
    415,
    521,
    365,
    426,
    545,
    322,
    416,
    495,
    364,
    505,
    519,
    329,
    492,
    519,
    341,
    491,
    494,
    340,
    422,
    494,
    370,
    -422,
    494,
    370,
    -426,
    545,
    322,
    -415,
    521,
    365,
    -416,
    495,
    364,
    -491,
    494,
    340,
    -515,
    501,
    288,
    515,
    501,
    288,
    417,
    512,
    327,
    417,
    527,
    330,
    -417,
    527,
    330,
    -417,
    512,
    327,
    -492,
    519,
    341,
    504,
    528,
    296,
    504,
    528,
    300,
    508,
    496,
    299,
    432,
    541,
    325,
    -508,
    496,
    299,
    -504,
    528,
    300,
    -504,
    528,
    296,
    -432,
    541,
    325,
    509,
    505,
    295,
    -509,
    505,
    295,
    498,
    487,
    302,
    421,
    483,
    329,
    -421,
    483,
    329,
    -498,
    487,
    302,
    -411,
    500,
    327
  ],
  "morphTargets": [],
  "morphColors": [],
  "normals": [
    0.31786,
    0.89081,
    0.32469,
    -0.1379,
    0.83557,
    0.53179,
    0.30554,
    0.77846,
    0.54831,
    -0.30554,
    0.77846,
    0.54831,
    0.1379,
    0.83557,
    0.53179,
    -0.31786,
    0.89081,
    0.32469,
    -0.69553,
    0.66343,
    0.27586,
    -0.55373,
    0.74422,
    0.37351,
    0.48558,
    0.78131,
    0.39214,
    0.67952,
    0.69307,
    0.24066,
    0.2721,
    -0.15123,
    0.95031,
    0.33225,
    -0.68099,
    0.65258,
    0.3583,
    0.33965,
    0.86963,
    0.61443,
    -0.66941,
    0.41756,
    0.72906,
    -0.67589,
    0.10791,
    0.85342,
    0.36058,
    0.37637,
    0.65146,
    0.71279,
    0.25986,
    0.93253,
    0.29431,
    0.20919,
    0.97611,
    0.21689,
    0.013067,
    -0.2721,
    -0.15123,
    0.95031,
    0.13016,
    0.3212,
    0.93802,
    -0.3583,
    0.33965,
    0.86963,
    -0.13016,
    0.3212,
    0.93802,
    -0.97612,
    0.21683,
    0.013133,
    -0.93256,
    0.29428,
    0.20915,
    -0.65146,
    0.71279,
    0.25986,
    -0.33225,
    -0.68099,
    0.65258,
    -0.65577,
    -0.64631,
    0.39019,
    -0.78553,
    0.32258,
    0.5281,
    -0.93017,
    0.27076,
    0.24794,
    0.057302,
    0.94479,
    -0.32261,
    0.19501,
    -0.72843,
    -0.65678,
    -0.55242,
    -0.6287,
    -0.54733,
    0.55242,
    -0.6287,
    -0.54733,
    -0.19501,
    -0.72843,
    -0.65678,
    -0.057302,
    0.94479,
    -0.32261,
    0.66895,
    0.67811,
    -0.30443,
    -0.66895,
    0.67811,
    -0.30443,
    0.79138,
    -0.60349,
    0.097562,
    -0.99724,
    -0.072784,
    -0.014543,
    -0.79141,
    -0.60346,
    0.097521,
    -0.77463,
    -0.59977,
    0.20057,
    0.94422,
    0.27465,
    0.18169,
    -0.70072,
    0.38168,
    0.60276,
    -0.094483,
    0.93241,
    0.34885,
    -0.78255,
    -0.26617,
    0.56283,
    0.70396,
    0.34388,
    0.62144,
    0.55886,
    0.35047,
    0.75156,
    0.58809,
    -0.24172,
    0.77183,
    -0.23836,
    -0.60746,
    0.75775,
    0.23836,
    -0.60746,
    0.75775,
    0.094483,
    0.93241,
    0.34885,
    0.70072,
    0.38168,
    0.60276,
    0.78255,
    -0.26617,
    0.56283,
    -0.58809,
    -0.24172,
    0.77183,
    -0.97965,
    -0.17518,
    0.097932,
    0.97965,
    -0.17518,
    0.097932,
    -0.98015,
    -0.11389,
    -0.16226,
    -0.84554,
    0.22484,
    -0.48427,
    0.84554,
    0.22484,
    -0.48427,
    0.98015,
    -0.11389,
    -0.16226,
    -0.55886,
    0.35047,
    0.75156,
    0.53705,
    0.50007,
    -0.67934,
    0.70972,
    0.69594,
    0.10941,
    0.65334,
    -0.43851,
    -0.61713,
    -0.28482,
    0.83032,
    -0.479,
    -0.65334,
    -0.43851,
    -0.61713,
    -0.70972,
    0.69594,
    0.10941,
    -0.53705,
    0.50007,
    -0.67934,
    0.28482,
    0.83032,
    -0.479,
    0.77065,
    0.064474,
    -0.63399,
    -0.77065,
    0.064474,
    -0.63399,
    0.28242,
    -0.95924,
    0.010204,
    -0.78425,
    -0.58316,
    -0.21182,
    0.78425,
    -0.58316,
    -0.21182,
    -0.28242,
    -0.95924,
    0.010204,
    0.99723,
    -0.072925,
    -0.014711
  ],
  "colors": [],
  "uvs": [
    []
  ],