{
  "metadata": {
    "formatVersion": 3.1,
    "sourceFile": "roof.obj",
    "generatedBy": "OBJConverter",
    "vertices": 45,
    "faces": 66,
    "normals": 45,
    "colors": 0,
    "uvs": 0,
    "materials": 1
  },
  "scale": 0.5,
  "materials": [
    {
      "DbgColor": 15658734,
      "DbgIndex": 0,
      "DbgName": "Standard_4",
      "colorAmbient": [
        0.270588249,
        0.270588249,
        0.270588249
      ],
      "colorDiffuse": [
        0.270588249,
        0.270588249,
        0.270588249
      ],
      "colorSpecular": [
        0,
        0,
        0
      ],
      "illumination": 2,
      "opacity": 1,
      "opticalDensity": 1.5,
      "specularCoef": 10,
      "transparent": true
    }
  ],
  "vertices": [
    39,
    738,
    -277,
    -113,
    734,
    -363,
    -39,
    736,
    -178,
    78,
    735,
    -179,
    251,
    721,
    -184,
    208,
    728,
    -282,
    -84,
    693,
    140,
    84,
    693,
    140,
    81,
    716,
    28,
    41,
    706,
    -661,
    0,
    733,
    -445,
    116,
    704,
    -658,
    226,
    687,
    134,
    261,
    703,
    21,
    -179,
    724,
    -448,
    -41,
    706,
    -661,
    -188,
    711,
    24,
    -261,
    703,
    21,
    -271,
    683,
    131,
    -251,
    721,
    -184,
    80,
    700,
    -661,
    -80,
    700,
    -661,
    -236,
    693,
    -663,
    -116,
    704,
    -658,
    179,
    724,
    -448,
    -84,
    690,
    140,
    84,
    690,
    140,
    271,
    683,
    131,
    115,
    727,
    -72,
    254,
    714,
    -77,
    -254,
    714,
    -77,
    -79,
    728,
    -71,
    -249,
    707,
    -532,
    -249,
    715,
    -450,
    -250,
    722,
    -283,
    250,
    722,
    -283,
    249,
    715,
    -450,
    208,
    726,
    -366,
    236,
    693,
    -663,
    249,
    707,
    -532,
    -226,
    687,
    134,
    -271,
    681,
    131,
    271,
    681,
    131,
    248,
    691,
    -664,
    -248,
    691,
    -664
  ],
  "morphTargets": [],
  "morphColors": [],
  "normals": [
    0.020248,
    0.99975,
    -0.0091693,
    -0.059146,
    0.9978,
    -0.029786,
    -0.030019,
    0.99878,
    0.039263,
    0.042889,
    0.99814,
    0.043314,
    0.094833,
    0.99467,
    0.040487,
    0.10158,
    0.99483,
    -0.0016781,
    -0.029109,
    0.55111,
    0.83392,
    0.02917,
    0.54386,
    0.83867,
    0.027715,
    0.98688,
    0.15905,
    0.011241,
    0.63298,
    -0.77409,
    0.0020643,
    0.99685,
    -0.079318,
    0.037384,
    0.82598,
    -0.56246,
    0.082732,
    0.56888,
    0.81825,
    0.084653,
    0.98613,
    0.14276,
    -0.088176,
    0.99304,
    -0.078024,
    -0.01461,
    0.63535,
    -0.77209,
    -0.071204,
    0.98677,
    0.14564,
    -0.11182,
    0.98388,
    0.13955,
    -0.10557,
    0.60073,
    0.79245,
    -0.077975,
    0.99641,
    0.032881,
    0.038908,
    0.20345,
    -0.97831,
    -0.038908,
    0.20345,
    -0.97831,
    -0.090124,
    0.82319,
    -0.56057,
    -0.034293,
    0.8283,
    -0.55924,
    0.081045,
    0.99359,
    -0.07881,
    -0.016364,
    -0.2189,
    0.97561,
    0.016364,
    -0.2189,
    0.97561,
    0.10338,
    0.60237,
    0.7915,
    0.05448,
    0.99444,
    0.090146,
    0.092372,
    0.99242,
    0.081093,
    -0.087492,
    0.99334,
    0.074974,
    -0.036931,
    0.99472,
    0.09572,
    -0.10691,
    0.98814,
    -0.11023,
    -0.12422,
    0.98993,
    -0.067872,
    -0.091389,
    0.99581,
    -0.0039994,
    0.14581,
    0.98927,
    -0.0094245,
    0.13088,
    0.98847,
    -0.076129,
    0.11236,
    0.99287,
    -0.039722,
    0.090124,
    0.82319,
    -0.56057,
    0.10691,
    0.98814,
    -0.11023,
    -0.082266,
    0.56457,
    0.82128,
    -0.052321,
    -0.058637,
    0.99691,
    0.052321,
    -0.058637,
    0.99691,
    0.19228,
    0.95628,
    -0.22035,
    -0.19228,
    0.95628,
    -0.22035
  ],
  "colors": [],
  "uvs": [
    []
  ],
  "faces": [
    34,
    0,
    1,
    2,
    0,
    0,
    1,
    2,
    34,
    3,
    4,
    5,
    0,
    3,
    4,
    5,
    34,
    6,
    7,
    8,
    0,
    6,
    7,
    8,
    34,
    9,
    10,
    11,
    0,
    9,
    10,
    11,
    34,
    12,
    13,
    8,
    0,
    12,
    13,
    8,
    34,
    14,
    10,
    15,
    0,
    14,
    10,
    15,
    34,
    16,
    17,
    18,
    0,
    16,
    17,
    18,
    34,
    1,
    19,
    2,
    0,
    1,
    19,
    2,
    34,
    20,
    21,
    15,
    0,
    20,
    21,
    15,
    34,
    22,
    14,
    23,
    0,
    22,
    14,
    23,
    34,
    11,
    10,
    24,
    0,
    11,
    10,
    24,
    34,
    3,
    5,
    0,
    0,
    3,
    5,
    0,
    34,
    25,
    26,
    7,
    0,
    25,
    26,
    7,
    34,
    13,
    12,
    27,
    0,
    13,
    12,
    27,
    34,
    4,
    28,
    29,
    0,
    4,
    28,
    29,
    34,
    30,
    31,
    19,
    0,
    30,
    31,
    19,
    34,
    32,
    14,
    22,
    0,
    32,
    14,
    22,
    34,
    33,
    34,
    14,
    0,
    33,
    34,
    14,
    34,
    8,
    16,
    6,
    0,
    8,
    16,
    6,
    34,
    2,
    3,
    0,
    0,
    2,
    3,
    0,
    34,
    35,
    36,
    37,
    0,
    35,
    36,
    37,
    34,
    38,
    24,
    39,
    0,
    38,
    24,
    39,
    34,
    11,
    24,
    38,
    0,
    11,
    24,
    38,
    34,
    9,
    11,
    20,
    0,
    9,
    11,
    20,
    34,
    40,
    6,
    16,
    0,
    40,
    6,
    16,
    34,
    0,
    24,
    10,
    0,
    0,
    24,
    10,
    34,
    10,
    1,
    0,
    0,
    10,
    1,
    0,
    34,
    34,
    1,
    14,
    0,
    34,
    1,
    14,
    34,
    10,
    14,
    1,
    0,
    10,
    14,
    1,
    34,
    21,
    23,
    15,
    0,
    21,
    23,
    15,
    34,
    14,
    15,
    23,
    0,
    14,
    15,
    23,
    34,
    31,
    30,
    16,
    0,
    31,
    30,
    16,
    34,
    31,
    16,
    8,
    0,
    31,
    16,
    8,
    34,
    24,
    37,
    36,
    0,
    24,
    37,
    36,
    34,
    24,
    0,
    37,
    0,
    24,
    0,
    37,
    34,
    8,
    28,
    31,
    0,
    8,
    28,
    31,
    34,
    28,
    8,
    13,
    0,
    28,
    8,
    13,
    34,
    6,
    40,
    41,
    0,
    6,
    40,
    41,
    34,
    18,
    40,
    16,
    0,
    18,
    40,
    16,
    34,
    1,
    34,
    19,
    0,
    1,
    34,
    19,
    34,
    13,
    29,
    28,
    0,
    13,
    29,
    28,
    34,
    22,
    23,
    21,
    0,
    22,
    23,
    21,
    34,
    42,
    12,
    7,
    0,
    42,
    12,
    7,
    34,
    8,
    7,
    12,
    0,
    8,
    7,
    12,
    34,
    7,
    26,
    42,
    0,
    7,
    26,
    42,
    34,
    20,
    11,
    38,
    0,
    20,
    11,
    38,
    34,
    25,
    7,
    6,
    0,
    25,
    7,
    6,
    34,
    41,
    25,
    6,
    0,
    41,
    25,
    6,
    34,
    15,
    9,
    20,
    0,
    15,
    9,
    20,
    34,
    9,
    15,
    10,
    0,
    9,
    15,
    10,
    34,
    17,
    16,
    30,
    0,
    17,
    16,
    30,
    34,
    2,
    19,
    31,
    0,
    2,
    19,
    31,
    34,
    3,
    2,
    31,
    0,
    3,
    2,
    31,
    34,
    14,
    32,
    33,
    0,
    14,
    32,
    33,
    34,
    36,
    39,
    24,
    0,
    36,
    39,
    24,
    34,
    4,
    35,
    5,
    0,
    4,
    35,
    5,
    34,
    43,
    38,
    39,
    0,
    43,
    38,
    39,
    34,
    38,
    43,
    20,
    0,
    38,
    43,
    20,
    34,
    21,
    44,
    22,
    0,
    21,
    44,
    22,
    34,
    32,
    22,
    44,
    0,
    32,
    22,
    44,
    34,
    27,
    12,
    42,
    0,
    27,
    12,
    42,
    34,
    41,
    40,
    18,
    0,
    41,
    40,
    18,
    34,
    28,
    4,
    3,
    0,
    28,
    4,
    3,
    34,
    3,
    31,
    28,
    0,
    3,
    31,
    28,
    34,
    37,
    5,
    35,
    0,
    37,
    5,
    35,
    34,
    5,
    37,
    0,
    0,
    5,
