{
  "metadata": {
    "formatVersion": 3.1,
    "sourceFile": "sideskirt.obj",
    "generatedBy": "OBJConverter",
    "vertices": 9,
    "faces": 6,
    "normals": 12,
    "colors": 0,
    "uvs": 0,
    "materials": 1
  },
  "scale": 0.5,
  "materials": [
    {
      "DbgColor": 15658734,
      "DbgIndex": 0,
      "DbgName": "Standard_4",
      "colorAmbient": [
        0.270588249,
        0.270588249,
        0.270588249
      ],
      "colorDiffuse": [
        0.270588249,
        0.270588249,
        0.270588249
      ],
      "colorSpecular": [
        0,
        0,
        0
      ],
      "illumination": 2,
      "opacity": 1,
      "opticalDensity": 1.5,
      "specularCoef": 10,
      "transparent": true
    }
  ],
  "vertices": [
    430,
    124,
    469,
    424,
    125,
    -466,
    423,
    164,
    -467,
    -423,
    164,
    -467,
    -411,
    112,
    -466,
    -430,
    124,
    469,
    415,
    92,
    469,
    -415,
    92,
    469,
    411,
    112,
    -466
  ],
  "morphTargets": [],
  "morphColors": [],
  "normals": [
    0.91532,
    -0.40269,
    -0.0059917,
    0.93251,
    -0.3609,
    -0.013332,
    0.99936,
    0.035207,
    -0.0064499,
    -0.97537,
    -0.21989,
    -0.017052,
    -0.9743,
    -0.22463,
    -0.016964,
    -0.91347,
    -0.40669,
    -0.013198,
    0.90866,
    -0.41749,
    -0.0061271,
    -0.91049,
    -0.41332,
    -0.013045,
    0.70347,
    -0.71049,
    -0.018404,
    -0.00096036,
    -0.018609,
    -0.99983,
    -0.00096036,
    -0.018609,
    -0.99983,
    -0.00096036,
    -0.018609,
    -0.99983
  ],
  "colors": [],
  "uvs": [
    []
  ],
  "faces": [
    34,
    0,
    1,
    2,
    0,
    0,
    1,
    2,
    34,
    3,
    4,
    5,
    0,
    3,
    4,
    5,
    34,
    1,
    0,
    6,
    0,
    1,
    0,
    6,
    34,
    7,
    5,
    4,
    0,
    7,
    5,
    4,
    34,
    6,
    8,
    1,
    0,
    6,
    8,
    1,
    34,
    2,
    1,
    8,
    0,
    9,
    10,
    11
  ]
}