{
  "metadata": {
    "formatVersion": 3.1,
    "sourceFile": "hood.obj",
    "generatedBy": "OBJConverter",
    "vertices": 58,
    "faces": 83,
    "normals": 86,
    "colors": 0,
    "uvs": 0,
    "materials": 1
  },
  "scale": 0.5,
  "materials": [
    {
      "DbgColor": 15658734,
      "DbgIndex": 0,
      "DbgName": "_hoodBMW5____",
      "colorAmbient": [
        0.987,
        0.987,
        0.987
      ],
      "colorDiffuse": [
        0.987,
        0.987,
        0.987
      ],
      "colorSpecular": [
        0.936,
        0.936,
        0.936
      ],
      "illumination": 2,
      "opacity": 1,
      "opticalDensity": 1.5,
      "specularCoef": 20,
      "transparent": true
    }
  ],
  "vertices": [
    -294,
    447,
    945,
    -115,
    478,
    814,
    -328,
    474,
    740,
    297,
    447,
    945,
    118,
    478,
    814,
    110,
    469,
    880,
    -370,
    482,
    662,
    -379,
    500,
    429,
    331,
    474,
    740,
    -244,
    426,
    1040,
    -57,
    414,
    1107,
    -88,
    448,
    996,
    -121,
    486,
    748,
    124,
    486,
    748,
    -133,
    506,
    508,
    342,
    467,
    813,
    -339,
    467,
    813,
    -21,
    402,
    1134,
    400,
    436,
    820,
    -397,
    436,
    820,
    136,
    506,
    508,
    129,
    492,
    684,
    282,
    503,
    483,
    1,
    505,
    513,
    170,
    396,
    1127,
    247,
    426,
    1040,
    60,
    414,
    1107,
    -107,
    469,
    880,
    374,
    482,
    662,
    383,
    487,
    587,
    382,
    500,
    429,
    287,
    378,
    1112,
    374,
    393,
    1024,
    -284,
    378,
    1112,
    -167,
    396,
    1127,
    -371,
    393,
    1024,
    -380,
    487,
    587,
    81,
    437,
    1041,
    101,
    459,
    942,
    40,
    399,
    1134,
    107,
    400,
    1131,
    -403,
    450,
    713,
    -357,
    476,
    739,
    406,
    450,
    713,
    360,
    476,
    739,
    -384,
    414,
    937,
    388,
    414,
    937,
    -279,
    503,
    483,
    -98,
    459,
    942,
    70,
    507,
    512,
    -408,
    465,
    574,
    -406,
    458,
    648,
    -398,
    491,
    456,
    409,
    458,
    648,
    411,
    465,
    574,
    401,
    491,
    456,
    -47,
    403,
    1134,
    -104,
    400,
    1131
  ],
  "morphTargets": [],
  "morphColors": [],
  "normals": [
    0.068824,
    0.98622,
    0.15047,
    -0.036925,
    0.99033,
    0.13375,
    -0.008986,
    0.99299,
    0.11789,
    -0.068824,
    0.98622,
    0.15047,
    0.036925,
    0.99033,
    0.13375,
    0.040033,
    0.98705,
    0.15531,
    -0.011457,
    0.99643,
    0.083678,
    -0.069709,
    0.99519,
    0.068765,
    0.008986,
    0.99299,
    0.11789,
    -0.0057926,
    0.96644,
    0.25683,
    -0.051925,
    0.92161,
    0.38463,
    -0.045794,
    0.9731,
    0.2258,
    0.0065346,
    0.98828,
    0.1525,
    0.017191,
    0.99105,
    0.13242,
    -0.032773,
    0.97369,
    0.22552,
    0.16606,
    0.98132,
    0.097153,
    -0.16606,
    0.98132,
    0.097153,
    -0.021573,
    0.99701,
    0.074145,
    -0.09321,
    0.99001,
    0.1058,
    0.093209,
    0.99001,
    0.1058,
    -0.086433,
    0.90872,
    0.40835,
    -0.073523,
    0.91632,
    0.39363,
    0.4916,
    0.84005,
    0.22944,
    0.39532,
    0.86222,
    0.3167,
    0.37021,
    0.91149,
    0.17925,
    -0.37021,
    0.91149,
    0.17925,
    -0.39532,
    0.86222,
    0.3167,
    -0.49161,
    0.84005,
    0.22944,
    0.021573,
    0.99701,
    0.074145,
    -0.13944,
    0.98636,
    0.087521,
    0.054425,
    0.99568,
    0.075268,
    1.07e-8,
    0.99776,
    0.066949,
    0.127,
    0.87982,
    0.45803,
    0.0057927,
    0.96644,
    0.25683,
    0.051925,
    0.92161,
    0.38463,
    0.073524,
    0.91632,
    0.39363,
    -0.017191,
    0.99105,
    0.13242,
    -0.0065345,
    0.98828,
    0.1525,
    -0.040033,
    0.98705,
    0.15531,
    0.011457,
    0.99643,
    0.083678,
    0.054338,
    0.99558,
    0.076642,
    0.069708,
    0.99519,
    0.068765,
    0.20237,
    0.90001,
    0.38604,
    0.20221,
    0.86982,
    0.45003,
    0.19754,
    0.94193,
    0.27155,
    -0.20221,
    0.86982,
    0.45003,
    -0.127,
    0.87982,
    0.45803,
    -0.20237,
    0.90001,
    0.38604,
    -0.19754,
    0.94193,
    0.27155,
    -0.054338,
    0.99558,
    0.076642,
    0.046302,
    0.95784,
    0.28355,
    0.019117,
    0.98316,
    0.18175,
    0.043039,
    0.98202,
    0.18382,
    0.047138,
    0.95856,
    0.28098,
    0.05528,
    0.91397,
    0.40201,
    0.071226,
    0.9062,
    0.41681,
    -0.48661,
    0.86367,
    0.13147,
    0.041038,
    0.99458,
    0.095576,
    0.48661,
    0.86367,
    0.13147,
    -0.041038,
    0.99458,
    0.095576,
    -0.25669,
    0.93285,
    0.25277,
    0.25668,
    0.93286,
    0.25277,
    -0.054425,
    0.99568,
    0.075268,
    -0.019117,
    0.98316,
    0.18175,
    -0.043039,
    0.98202,
    0.18382,
    -0.67385,
    0.72934,
    0.1183,
    -0.61543,
    0.77448,
    0.14637,
    -0.55508,
    0.81075,
    0.1859,
    0.55508,
    0.81075,
    0.1859,
    0.67385,
    0.72934,
    0.1183,
    0.61543,
    0.77448,
    0.14637,
    -0.0047564,
    0.99717,
    0.074967,
    -0.61936,
    0.77984,
    0.090775,
    -0.54087,
    0.83355,
    0.11246,
    -0.66231,
    0.74205,
    0.10344,
    0.54088,
    0.83355,
    0.11246,
    0.61937,
    0.77983,
    0.090774,
    0.66231,
    0.74205,
    0.10344,
    0.034509,
    0.99276,
    0.11509,
    -0.034509,
    0.99276,
    0.11509,
    -0.092122,
    0.90496,
    0.4154,
    -0.071226,
    0.9062,
    0.41681,
    -0.055279,
    0.91397,
    0.40201,
    0.092122,
    0.90496,
    0.4154,
    0.041254,
    0.99545,
    0.085891,
    -0.041254,
    0.99545,
    0.085891
  ],
  "colors": [],
  "uvs": [
    []
  ],