{
  "metadata": {
    "formatVersion": 3.1,
    "sourceFile": "reflector.obj",
    "generatedBy": "OBJConverter",
    "vertices": 24,
    "faces": 32,
    "normals": 59,
    "colors": 0,
    "uvs": 0,
    "materials": 1
  },
  "scale": 0.5,
  "materials": [
    {
      "DbgColor": 15658734,
      "DbgIndex": 0,
      "DbgName": "_reflectorBMW5____",
      "colorAmbient": [
        0.3294117749,
        0.3294117749,
        0.3294117749
      ],
      "colorDiffuse": [
        0.3294117749,
        0.3294117749,
        0.3294117749
      ],
      "colorSpecular": [
        0,
        0,
        0
      ],
      "illumination": 2,
      "opacity": 1,
      "opticalDensity": 1.5,
      "specularCoef": 1,
      "transparent": true
    }
  ],
  "vertices": [
    -544,
    509,
    205,
    -439,
    507,
    252,
    -447,
    507,
    289,
    -493,
    553,
    251,
    -528,
    538,
    232,
    531,
    538,
    232,
    496,
    553,
    251,
    450,
    507,
    289,
    440,
    558,
    253,
    547,
    509,
    205,
    -437,
    558,
    253,
    -525,
    545,
    213,
    -443,
    531,
    288,
    528,
    545,
    213,
    446,
    531,
    288,
    539,
    509,
    233,
    -536,
    509,
    233,
    448,
    556,
    282,
    475,
    556,
    265,
    -472,
    556,
    265,
    -445,
    556,
    282,
    -450,
    496,
    235,
    -488,
    522,
    218,
    -438,
    551,
    240
  ],
  "morphTargets": [],
  "morphColors": [],
  "normals": [
    -0.012215,
    -0.99981,
    -0.015503,
    -0.0012534,
    -0.99949,
    -0.031966,
    -0.025059,
    -0.99937,
    0.025236,
    -0.50365,
    -0.01561,
    0.86376,
    -0.53688,
    0.19695,
    0.82035,
    -0.59367,
    0.21551,
    0.77532,
    0.59367,
    0.21551,
    0.77532,
    0.53688,
    0.19695,
    0.82035,
    0.50365,
    -0.01561,
    0.86376,
    0.025059,
    -0.99937,
    0.025236,
    0.0012534,
    -0.99949,
    -0.031966,
    0.012215,
    -0.99981,
    -0.015503,
    -0.25419,
    0.95858,
    0.12847,
    -0.10292,
    0.9946,
    -0.013397,
    -0.36397,
    0.93053,
    -0.040611,
    0.90574,
    -0.3285,
    0.26782,
    0.96221,
    -0.10802,
    0.24997,
    0.95836,
    -0.26055,
    0.11688,
    0.36397,
    0.93052,
    -0.04061,
    0.10292,
    0.9946,
    -0.013397,
    0.25419,
    0.95858,
    0.12847,
    -0.95836,
    -0.26055,
    0.11688,
    -0.96221,
    -0.10802,
    0.24997,
    -0.90574,
    -0.3285,
    0.26782,
    0.36529,
    0.917,
    0.16024,
    0.62619,
    0.027479,
    0.77919,
    -0.36529,
    0.917,
    0.16024,
    -0.62618,
    0.027549,
    0.77919,
    0.45081,
    0.17384,
    0.87553,
    -0.20633,
    0.95982,
    0.1902,
    0.18468,
    0.97413,
    0.13023,
    -0.45081,
    0.17384,
    0.87553,
    -0.18468,
    0.97413,
    0.13023,
    0.20633,
    0.95982,
    0.1902,
    0.96963,
    0.24441,
    -0.0087126,
    0.89047,
    0.45244,
    -0.048645,
    0.9011,
    0.3888,
    0.19198,
    -0.9011,
    0.3888,
    0.19197,
    -0.89047,
    0.45243,
    -0.048636,
    -0.96966,
    0.2443,
    -0.0087241,
    0.41073,
    0.001742,
    -0.91175,
    0.41038,
    0.10069,
    -0.90634,
    0.40795,
    0.0051368,
    -0.91299,
    0.76722,
    0.41001,
    0.49321,
    0.86271,
    0.12175,
    0.49082,
    0.96073,
    0.20964,
    0.18182,
    0.033469,
    -0.99927,
    0.018326,
    -0.033469,
    -0.99927,
    0.018326,
    -0.96074,
    0.20958,
    0.18182,
    -0.8627,
    0.12184,
    0.49082,
    -0.76722,
    0.41002,
    0.49321,
    0.50724,
    0.48454,
    0.71269,
    0.41635,
    0.50343,
    0.75711,
    -0.93302,
    0.091826,
    0.34792,
    -0.94731,
    0.11995,
    0.29702,
    0.94731,
    0.11995,
    0.29702,
    0.93302,
    0.091826,
    0.34792,
    -0.41635,
    0.50343,
    0.75711,
    -0.50724,
    0.48454,
    0.71269
  ],
  "colors": [],
  "uvs": [
    []
  ],
  "faces": [
    34,
    0,
    1,
    2,
    0,
    0,
    1,
    2,
    34,
    2,
    3,
    4,
    0,
    3,
    4,
    5,
    34,
    5,
    6,
    7,
    0,
    6,
    7,
    8,
    34,
    7,
    8,
    9,
    0,
    9,
    10,
    11,
    34,
    3,
    10,
    11,
    0,
    12,
    13,
    14,
    34,
    1,
    12,
    2,
    0,
    15,
    16,
    17,
    34,
    13,
    8,
    6,
    0,
    18,
    19,
    20,
    34,
    7,
    14,
    8,
    0,
    21,
    22,
    23,
    34,
    6,
    5,
    13,
    0,
    20,
    24,
    18,
    34,
    7,
    15,
    5,
    0,
    8,
    25,
    6,
    34,
    11,
    4,
    3,
    0,
    14,
    26,
    12,
    34,
    4,
    16,
    2,
    0,
    5,
    27,
    3,
    34,
    6,
    14,
    7,
    0,
    7,
    28,
    8,
    34,
    17,
    18,
    8,
    0,
    29,
    30,
    19,
    34,
    2,
    12,
    3,
    0,
    3,
    31,
    4,
    34,
    10,
    19,
    20,
    0,
    13,
    32,
    33,
    34,
    9,
    13,
    5,
    0,
    34,
    35,
    36,
    34,
    4,
    11,
    0,
    0,
    37,
    38,
    39,
    34,
    21,
    22,
    23,
    0,
    40,
    41,
    42,
    34,
    5,
    15,
    9,
    0,
    43,
    44,
    45,
    34,
    9,
    15,
    7,
    0,
    11,
    46,
    9,
    34,
    0,
    2,
    16,
    0,
    0,
    2,
    47,
    34,
    0,
    16,
    4,
    0,
    48,
    49,
    50,
    34,
    18,
    17,
    14,
    0,
    51,
    52,
    28,
    34,
    14,
    17,
    8,
    0,
    22,
    53,
    54,
    34,
    10,
    20,
    12,
    0,
    55,
    56,
    16,
    34,
    12,
    20,
    19,
    0,
    31,
    57,
    58,
    34,
    18,
    6,
    8,
    0,
    30,
    20,
    19,
    34,
    14,
    6,
    18,
    0,
    28,
    7,
    51,
    34,
    10,
    3,
    19,
    0,
    13,
    12,
    32,
    34,
    19,
    3,
    12,
    0,
    58,
    4,
    31,
    34,
    12,
    1,
    10,
    0,
    16,
    15,
    55
  ]
}