{
  "metadata": {
    "formatVersion": 3.1,
    "sourceFile": "roof.obj",
    "generatedBy": "OBJConverter",
    "vertices": 24,
    "faces": 29,
    "normals": 24,
    "colors": 0,
    "uvs": 0,
    "materials": 1
  },
  "scale": 0.5,
  "materials": [
    {
      "DbgColor": 15658734,
      "DbgIndex": 0,
      "DbgName": "_roofBMW5____",
      "colorAmbient": [
        0.3294117749,
        0.3294117749,
        0.3294117749
      ],
      "colorDiffuse": [
        0.3294117749,
        0.3294117749,
        0.3294117749
      ],
      "colorSpecular": [
        0,
        0,
        0
      ],
      "illumination": 2,
      "opacity": 1,
      "opticalDensity": 1.5,
      "specularCoef": 1,
      "transparent": true
    }
  ],
  "vertices": [
    180,
    740,
    -375,
    -94,
    741,
    -473,
    -181,
    736,
    -151,
    97,
    730,
    -636,
    194,
    716,
    7,
    -191,
    716,
    7,
    111,
    692,
    97,
    100,
    740,
    -150,
    -261,
    728,
    -243,
    -210,
    712,
    -682,
    -261,
    714,
    -559,
    264,
    714,
    -559,
    213,
    712,
    -682,
    264,
    728,
    -243,
    -201,
    689,
    89,
    285,
    706,
    -9,
    300,
    681,
    67,
    -139,
    719,
    -690,
    274,
    718,
    -79,
    -281,
    706,
    -9,
    -297,
    681,
    67,
    142,
    719,
    -690,
    -266,
    698,
    -669,
    269,
    698,
    -669
  ],
  "morphTargets": [],
  "morphColors": [],
  "normals": [
    0.090841,
    0.99568,
    -0.019446,
    -0.033435,
    0.99859,
    -0.04134,
    -0.06591,
    0.99602,
    0.059918,
    0.041295,
    0.99351,
    -0.10597,
    0.088124,
    0.9708,
    0.22314,
    -0.088124,
    0.9708,
    0.22314,
    0.030926,
    0.95732,
    0.28736,
    0.026071,
    0.99768,
    0.062839,
    -0.1813,
    0.98343,
    0.0018092,
    -0.18699,
    0.97111,
    -0.14826,
    -0.24583,
    0.96617,
    -0.077975,
    0.24583,
    0.96617,
    -0.077975,
    0.18699,
    0.97111,
    -0.14826,
    0.1813,
    0.98343,
    0.0018091,
    -0.084095,
    0.95574,
    0.28195,
    0.17542,
    0.9649,
    0.19542,
    0.19544,
    0.9367,
    0.2905,
    -0.079179,
    0.98748,
    -0.13642,
    0.17473,
    0.97904,
    0.10461,
    -0.17542,
    0.9649,
    0.19542,
    -0.19544,
    0.9367,
    0.2905,
    0.079179,
    0.98748,
    -0.13642,
    -0.29355,
    0.93844,
    -0.1821,
    0.29355,
    0.93844,
    -0.1821
  ],
  "colors": [],
  "uvs": [
    []
  ],
  "faces": [
    34,
    0,
    1,
    2,
    0,
    0,
    1,
    2,
    34,
    1,
    0,
    3,
    0,
    1,
    0,
    3,
    34,
    4,
    5,
    6,
    0,
    4,
    5,
    6,
    34,
    5,
    7,
    2,
    0,
    5,
    7,
    2,
    34,
    8,
    9,
    10,
    0,
    8,
    9,
    10,
    34,
    11,
    12,
    13,
    0,
    11,
    12,
    13,
    34,
    5,
    14,
    6,
    0,
    5,
    14,
    6,
    34,
    5,
    4,
    7,
    0,
    5,
    4,
    7,
    34,
    15,
    6,
    16,
    0,
    15,
    6,
    16,
    34,
    9,
    8,
    1,
    0,
    9,
    8,
    1,
    34,
    17,
    1,
    3,
    0,
    17,
    1,
    3,
    34,
    0,
    13,
    12,
    0,
    0,
    13,
    12,
    34,
    7,
    18,
    13,
    0,
    7,
    18,
    13,
    34,
    19,
    14,
    5,
    0,
    19,
    14,
    5,
    34,
    2,
    19,
    5,
    0,
    2,
    19,
    5,
    34,
    4,
    6,
    15,
    0,
    4,
    6,
    15,
    34,
    18,
    7,
    4,
    0,
    18,
    7,
    4,
    34,
    19,
    20,
    14,
    0,
    19,
    20,
    14,
    34,
    2,
    1,
    8,
    0,
    2,
    1,
    8,
    34,
    2,
    8,
    19,
    0,
    2,
    8,
    19,
    34,
    0,
    12,
    3,
    0,
    0,
    12,
    3,
    34,
    21,
    17,
    3,
    0,
    21,
    17,
    3,
    34,
    4,
    15,
    18,
    0,
    4,
    15,
    18,
    34,
    17,
    9,
    1,
    0,
    17,
    9,
    1,
    34,
    22,
    10,
    9,
    0,
    22,
    10,
    9,
    34,
    12,
    11,
    23,
    0,
    12,
    11,
    23,
    34,
    2,
    7,
    0,
    0,
    2,
    7,
    0,
    34,
    7,
    13,
    0,
    0,
    7,
    13,
    0,
    34,
    12,
    21,
    3,
    0,
    12,
    21,
    3
  ]
}