{
  "metadata": {
    "formatVersion": 3.1,
    "sourceFile": "sideskirt.obj",
    "generatedBy": "OBJConverter",
    "vertices": 35,
    "faces": 52,
    "normals": 78,
    "colors": 0,
    "uvs": 0,
    "materials": 1
  },
  "scale": 0.5,
  "materials": [
    {
      "DbgColor": 15658734,
      "DbgIndex": 0,
      "DbgName": "_sideskirtMaterial__76571",
      "colorAmbient": [
        0.3294117749,
        0.3294117749,
        0.3294117749
      ],
      "colorDiffuse": [
        0.3294117749,
        0.3294117749,
        0.3294117749
      ],
      "colorSpecular": [
        0,
        0,
        0
      ],
      "illumination": 2,
      "opacity": 1,
      "opticalDensity": 1.5,
      "specularCoef": 1,
      "transparent": true
    }
  ],
  "vertices": [
    -445,
    132,
    553,
    -450,
    143,
    -31,
    -436,
    89,
    -486,
    439,
    89,
    -486,
    453,
    143,
    -31,
    448,
    132,
    553,
    -428,
    133,
    554,
    -403,
    164,
    -498,
    406,
    164,
    -498,
    432,
    133,
    554,
    432,
    80,
    555,
    -429,
    80,
    555,
    -451,
    138,
    -531,
    -445,
    111,
    -532,
    -444,
    161,
    -498,
    -459,
    192,
    -539,
    -451,
    177,
    -515,
    -410,
    191,
    -522,
    414,
    191,
    -522,
    454,
    177,
    -515,
    462,
    192,
    -539,
    454,
    138,
    -531,
    448,
    161,
    -498,
    449,
    111,
    -532,
    -459,
    193,
    -556,
    -423,
    87,
    -554,
    -439,
    87,
    -533,
    -413,
    79,
    556,
    442,
    87,
    -533,
    442,
    87,
    -553,
    462,
    193,
    -556,
    416,
    79,
    556,
    426,
    87,
    -554,
    -457,
    165,
    -534,
    461,
    165,
    -534
  ],
  "morphTargets": [],
  "morphColors": [],
  "normals": [
    -0.99041,
    -0.13814,
    0.0012809,
    -0.9333,
    -0.359,
    -0.008494,
    -0.89892,
    -0.4381,
    0.001623,
    0.89892,
    -0.4381,
    0.0016228,
    0.9333,
    -0.35901,
    -0.0084944,
    0.99041,
    -0.13814,
    0.0012847,
    -0.070029,
    0.99708,
    0.030558,
    -0.070032,
    0.9971,
    0.029705,
    0.070031,
    0.9971,
    0.029705,
    0.07003,
    0.99708,
    0.030558,
    0.942,
    -0.33532,
    0.01431,
    -0.942,
    -0.33532,
    0.01431,
    -0.91316,
    -0.13426,
    0.38485,
    -0.97102,
    -0.22623,
    0.077033,
    -0.95897,
    -0.28352,
    -0.0004873,
    -0.025834,
    0.40773,
    0.91274,
    -0.026628,
    0.40452,
    0.91414,
    -0.022065,
    0.42287,
    0.90592,
    0.022067,
    0.42287,
    0.90592,
    0.026628,
    0.40453,
    0.91414,
    0.025834,
    0.40774,
    0.91273,
    0.91316,
    -0.13426,
    0.38485,
    0.95897,
    -0.28352,
    -0.00048586,
    0.97102,
    -0.22623,
    0.077033,
    -0.9779,
    -0.20821,
    0.018741,
    -0.86643,
    -0.49921,
    -0.0088775,
    -0.92356,
    -0.36508,
    0.11729,
    -0.051983,
    -0.99825,
    -0.028046,
    -0.046592,
    -0.99891,
    0.0028668,
    -0.059814,
    -0.99788,
    0.025511,
    0.92356,
    -0.36508,
    0.11729,
    0.86644,
    -0.49921,
    -0.0088667,
    0.9779,
    -0.20821,
    0.018769,
    0.059814,
    -0.99788,
    0.025511,
    0.046592,
    -0.99891,
    0.0028668,
    0.051983,
    -0.99825,
    -0.028039,
    -0.83936,
    -0.10748,
    0.53285,
    -0.77617,
    -0.066279,
    0.62703,
    -0.88475,
    -0.20221,
    0.41992,
    -0.97585,
    -0.21831,
    -0.0079753,
    0.97585,
    -0.21831,
    -0.0079747,
    0.88475,
    -0.20221,
    0.41992,
    0.77617,
    -0.066279,
    0.62703,
    0.83936,
    -0.10748,
    0.53285,
    -0.99513,
    -0.096528,
    -0.019816,
    -0.039129,
    -0.99915,
    0.013261,
    0.99513,
    -0.096528,
    -0.019817,
    0.03913,
    -0.99915,
    0.013261,
    0.071643,
    0.99723,
    0.020107,
    0.045691,
    0.99864,
    0.02519,
    0.063161,
    0.0010694,
    0.998,
    0.063164,
    0.0010129,
    0.998,
    0.06365,
    0.041789,
    0.9971,
    -0.071644,
    0.99723,
    0.020107,
    -0.045691,
    0.99864,
    0.02519,
    -0.06365,
    0.041788,
    0.9971,
    -0.063164,
    0.0010129,
    0.998,
    -0.063161,
    0.0010694,
    0.998,
    -0.066232,
    0.024943,
    0.99749,
    -0.046645,
    -0.99891,
    0.0019821,
    0.046645,
    -0.99891,
    0.0019821,
    0.066232,
    0.024943,
    0.99749,
    -0.97811,
    -0.20806,
    0.0023474,
    -0.98057,
    -0.19518,
    0.019434,
    0.98057,
    -0.19519,
    0.019432,
    0.97811,
    -0.20806,
    0.0023412,
    -0.039161,
    0.55753,
    0.82923,
    0.039161,
    0.55753,
    0.82923,
    -0.96697,
    0.0014756,
    0.25489,
    -0.059387,
    0.84552,
    0.53063,
    0.96697,
    0.0014754,
    0.25489,
    0.059387,
    0.84552,
    0.53062,
    -0.93172,
    -0.36244,
    -0.022951,
    0.93172,
    -0.36244,
    -0.022951,
    0.065456,
    0.016922,
    -0.99771,
    0.062437,
    -0.16342,
    -0.98458,
    0.063281,
    0.0015033,
    -0.99799,
    0.052107,
    -0.99822,
    -0.028999
  ],
  "colors": [],
  "uvs": [
    []
  ],