{
  "metadata": {
    "formatVersion": 3.1,
    "sourceFile": "trunk.obj",
    "generatedBy": "OBJConverter",
    "vertices": 79,
    "faces": 124,
    "normals": 153,
    "colors": 0,
    "uvs": 0,
    "materials": 1
  },
  "scale": 0.5,
  "materials": [
    {
      "DbgColor": 15658734,
      "DbgIndex": 0,
      "DbgName": "_trunkBMW5____",
      "colorAmbient": [
        0.3294117749,
        0.3294117749,
        0.3294117749
      ],
      "colorDiffuse": [
        0.3294117749,
        0.3294117749,
        0.3294117749
      ],
      "colorSpecular": [
        0,
        0,
        0
      ],
      "illumination": 2,
      "opacity": 1,
      "opticalDensity": 1.5,
      "specularCoef": 1,
      "transparent": true
    }
  ],
  "vertices": [
    213,
    541,
    -1206,
    115,
    538,
    -1257,
    59,
    551,
    -1153,
    -207,
    525,
    -1269,
    -211,
    434,
    -1283,
    -280,
    503,
    -1258,
    1,
    471,
    -1293,
    -54,
    432,
    -1301,
    -109,
    432,
    -1298,
    284,
    503,
    -1258,
    214,
    434,
    -1283,
    209,
    507,
    -1278,
    1,
    343,
    -1285,
    -162,
    419,
    -1252,
    166,
    419,
    -1252,
    -56,
    570,
    -1053,
    -112,
    538,
    -1257,
    -210,
    541,
    -1206,
    60,
    343,
    -1284,
    201,
    387,
    -1282,
    286,
    295,
    -1262,
    171,
    347,
    -1287,
    -168,
    347,
    -1287,
    -283,
    295,
    -1262,
    -198,
    387,
    -1282,
    -145,
    332,
    -1289,
    58,
    284,
    -1295,
    166,
    557,
    -1073,
    253,
    541,
    -1195,
    59,
    538,
    -1260,
    1,
    538,
    -1261,
    112,
    509,
    -1292,
    112,
    432,
    -1298,
    57,
    432,
    -1301,
    -163,
    569,
    -1045,
    -325,
    557,
    -993,
    -323,
    388,
    -1253,
    148,
    332,
    -1289,
    331,
    534,
    -1151,
    328,
    557,
    -993,
    213,
    536,
    -1243,
    286,
    524,
    -1246,
    -210,
    536,
    -1243,
    -334,
    523,
    -1215,
    -283,
    540,
    -1182,
    -328,
    534,
    -1151,
    57,
    526,
    -1286,
    -108,
    526,
    -1283,
    -143,
    423,
    -1292,
    146,
    423,
    -1292,
    326,
    388,
    -1253,
    57,
    509,
    -1296,
    1,
    509,
    -1297,
    163,
    508,
    -1286,
    -108,
    509,
    -1292,
    -57,
    343,
    -1284,
    337,
    498,
    -1231,
    335,
    461,
    -1240,
    -334,
    498,
    -1231,
    -332,
    461,
    -1240,
    -56,
    538,
    -1260,
    166,
    419,
    -1290,
    -162,
    419,
    -1290,
    -284,
    535,
    -1220,
    287,
    535,
    -1220,
    332,
    532,
    -1186,
    337,
    523,
    -1215,
    -329,
    532,
    -1186,
    -112,
    570,
    -1050,
    -160,
    508,
    -1286,
    1,
    423,
    -1301,
    -153,
    345,
    -1276,
    156,
    345,
    -1276,
    -54,
    509,
    -1296,
    307,
    320,
    -1255,
    -304,
    320,
    -1255,
    59,
    570,
    -1053,
    166,
    569,
    -1045,
    1,
    570,
    -1054
  ],
  "morphTargets": [],
  "morphColors": [],
  "normals": [
    0.042698,
    0.99174,
    -0.12093,
    0.016198,
    0.99255,
    -0.12078,
    0.0071972,
    0.99224,
    -0.1241,
    -0.19137,
    -0.094014,
    -0.97701,
    -0.15691,
    0.1117,
    -0.98128,
    -0.34748,
    0.010004,
    -0.93764,
    -1.499e-7,
    0.077565,
    -0.99699,
    -0.045155,
    0.28932,
    -0.95617,
    -0.084169,
    0.27646,
    -0.95733,
    0.34748,
    0.010006,
    -0.93764,
    0.15692,
    0.1117,
    -0.98127,
    0.19137,
    -0.094014,
    -0.97701,
    -1.458e-7,
    0.30057,
    -0.95376,
    -0.048446,
    0.28833,
    -0.9563,
    0.048446,
    0.28833,
    -0.9563,
    -0.011421,
    0.96989,
    -0.24329,
    -0.016198,
    0.99255,
    -0.12078,
    -0.042698,
    0.99174,
    -0.12093,
    0.045647,
    0.30074,
    -0.95261,
    0.14553,
    -0.0046712,
    -0.98934,
    0.14948,
    -0.17177,
    -0.97373,
    0.1321,
    -0.038338,
    -0.9905,
    -0.1321,
    -0.038338,
    -0.9905,
    -0.14948,
    -0.17177,
    -0.97373,
    -0.14553,
    -0.0046747,
    -0.98934,
    -0.10553,
    -0.017059,
    -0.99427,
    0.04628,
    -0.31191,
    -0.94898,
    0.045197,
    0.97198,
    -0.23066,
    0.06397,
    0.99057,
    -0.12113,
    0.0070755,
    0.99267,
    -0.12068,
    -1.81e-8,
    0.9927,
    -0.12065,
    0.084257,
    -0.14426,
    -0.98595,
    0.084169,
    0.27646,
    -0.95733,
    0.045154,
    0.28932,
    -0.95617,
    -0.078009,
    0.92545,
    -0.37075,
    -0.000044771,
    0.98754,
    -0.15734,
    -0.3558,
    -0.082499,
    -0.93091,
    0.10553,
    -0.017059,
    -0.99427,
    0.081575,
    0.30341,
    -0.94936,
    0.0023188,
    0.99268,
    -0.12078,
    0.00003377,
    0.98754,
    -0.15734,
    0.045259,
    0.87158,
    -0.48816,
    0.11268,
    0.88027,
    -0.46089,
    0.14196,
    0.94055,
    -0.30855,
    -0.11268,
    0.88027,
    -0.46089,
    -0.078428,
    0.93022,
    -0.35853,
    -0.21209,
    0.94285,
    -0.25701,
    -0.099166,
    0.98766,
    -0.1212,
    -0.0023189,
    0.99268,
    -0.12078,
    -0.045259,
    0.87158,
    -0.48816,
    -7.33e-8,
    0.87412,
    -0.48571,
    0.015417,
    0.94309,
    -0.33218,
    -0.032469,
    0.9384,
    -0.34403,
    -0.11757,
    0.26336,
    -0.95751,
    0.11757,
    0.26336,
    -0.95751,
    0.34848,
    0.41203,
    -0.8419,
    0.19009,
    0.44902,
    -0.87307,
    0.37122,
    0.41056,
    -0.83285,
    -0.34848,
    0.41203,
    -0.8419,
    -0.37122,
    0.41056,
    -0.83285,
    -0.1891,
    0.44766,
    -0.87398,
    0.3558,
    -0.0825,
    -0.93091,
    0.039415,
    0.47956,
    -0.87663,
    0.040896,
    0.48143,
    -0.87553,
    -1.285e-7,
    0.48434,
    -0.87488,
    0.020239,
    0.8732,
    -0.48695,
    0.053038,
    0.93291,
    -0.35619,
    -0.084257,
    -0.14426,
    -0.98595,
    -0.080924,
    0.4732,
    -0.87723,
    -0.045648,
    0.30074,
    -0.95261,
    -0.081575,
    0.30341,
    -0.94936,
    -0.047374,
    -0.0113,
    -0.99881,
    0.62606,
    0.50689,
    -0.59254,
    0.45385,
    0.42962,
    -0.78067,
    0.31315,
    0.35245,
    -0.88188,
    -0.31315,
    0.35245,
    -0.88188,
    -0.45385,
    0.42962,
    -0.78067,
    -0.62606,
    0.50689,
    -0.59254,
    0.47966,
    0.3377,
    -0.80987,
    0.39378,
    0.2517,
    -0.88407,
    -0.47966,
    0.3377,
    -0.80987,
    -0.39378,
    0.2517,
    -0.88407,
    0.13231,
    -0.12404,
    -0.98342,
    0.13087,
    0.46331,
    -0.87648,
    0.082909,
    0.47369,
    -0.87678,
    -0.020239,
    0.8732,
    -0.48695,
    -0.0070755,
    0.99267,
    -0.12068,
    0.15017,
    -0.085578,
    -0.98495,
    0.12757,
    -0.059495,
    -0.99004,
    -0.12757,
    -0.059495,
    -0.99004,
    -0.15017,
    -0.08558,
    -0.98495,
    -0.25609,
    0.86922,
    -0.42293,
    0.25608,
    0.86923,
    -0.42292,
    0.047373,
    -0.0113,
    -0.99881,
    -1.498e-7,
    -0.010048,
    -0.99995,
    0.33492,
    0.84136,
    -0.4242,
    0.21209,
    0.94285,
    -0.25701,
    0.64952,
    -0.76034,
    -9.81e-8,
    0.62707,
    -0.77896,
    -9.47e-8,
    0.73628,
    -0.67668,
    0.00012755,
    -0.64952,
    -0.76034,
    9.81e-8,
    -0.73628,
    -0.67668,
    0.00012778,
    -0.62707,
    -0.77896,
    9.47e-8,
    -0.33492,
    0.84136,
    -0.4242,
    -0.042639,
    0.91486,
    -0.40152,
    -0.13231,
    -0.12404,
    -0.98342,
    -1.431e-7,
    0.29526,
    -0.95542,
    -0.046856,
    -0.07685,
    -0.99594,
    -1.481e-7,
    -0.073684,
    -0.99728,
    -0.10697,
    -0.069047,
    -0.99186,
    -0.0084315,
    0.33123,
    -0.94351,
    0.0084311,
    0.33123,
    -0.94351,
    -1.532e-7,
    -0.15893,
    -0.98729,
    0.041232,
    -0.15595,
    -0.9869,
    -0.041233,
    -0.15595,
    -0.9869,
    0.48566,
    0.15773,
    -0.8598,
    -0.48566,
    0.15773,
    -0.8598,
    0.41632,
    -0.054605,
    -0.90758,
