{
  "metadata": {
    "formatVersion": 3.1,
    "sourceFile": "hood.obj",
    "generatedBy": "OBJConverter",
    "vertices": 55,
    "faces": 85,
    "normals": 55,
    "colors": 0,
    "uvs": 0,
    "materials": 1
  },
  "scale": 0.5,
  "materials": [
    {
      "DbgColor": 15658734,
      "DbgIndex": 0,
      "DbgName": "13___Default",
      "colorAmbient": [
        0.987,
        0.987,
        0.987
      ],
      "colorDiffuse": [
        0.987,
        0.987,
        0.987
      ],
      "colorSpecular": [
        0.936,
        0.936,
        0.936
      ],
      "illumination": 2,
      "opacity": 1,
      "opticalDensity": 1.5,
      "specularCoef": 20,
      "transparent": true
    }
  ],
  "vertices": [
    207,
    458,
    726,
    -61,
    467,
    712,
    0,
    417,
    949,
    -207,
    458,
    726,
    -163,
    416,
    929,
    359,
    431,
    668,
    331,
    416,
    774,
    367,
    397,
    824,
    -138,
    385,
    1013,
    -351,
    454,
    621,
    -290,
    417,
    841,
    -238,
    463,
    640,
    34,
    365,
    1066,
    305,
    361,
    976,
    353,
    362,
    940,
    238,
    463,
    640,
    290,
    417,
    841,
    351,
    454,
    621,
    -353,
    362,
    940,
    -305,
    361,
    976,
    -331,
    416,
    774,
    -367,
    397,
    824,
    -359,
    431,
    668,
    179,
    408,
    925,
    226,
    378,
    992,
    138,
    385,
    1013,
    -179,
    408,
    925,
    -226,
    378,
    992,
    -203,
    356,
    1037,
    -34,
    363,
    1065,
    -146,
    362,
    1053,
    230,
    478,
    595,
    186,
    472,
    591,
    -66,
    473,
    604,
    345,
    470,
    516,
    245,
    471,
    575,
    -230,
    478,
    595,
    -128,
    479,
    615,
    -186,
    472,
    591,
    -245,
    471,
    575,
    -345,
    470,
    516,
    -254,
    369,
    977,
    -204,
    358,
    1038,
    203,
    356,
    1037,
    254,
    369,
    977,
    163,
    416,
    929,
    -229,
    349,
    1021,
    229,
    349,
    1021,
    146,
    361,
    1052,
    377,
    425,
    666,
    374,
    440,
    570,
    362,
    464,
    539,
    -377,
    425,
    666,
    -362,
    464,
    539,
    -374,
    440,
    570
  ],
  "morphTargets": [],
  "morphColors": [],
  "normals": [
    0.37886,
    0.89179,
    0.24732,
    -0.0080754,
    0.98515,
    0.17148,
    -0.00037619,
    0.95181,
    0.30669,
    -0.38558,
    0.88807,
    0.25033,
    -0.26534,
    0.90803,
    0.32416,
    0.46277,
    0.85935,
    0.21764,
    0.31847,
    0.91627,
    0.24294,
    0.1155,
    0.95346,
    0.27852,
    -0.10458,
    0.9018,
    0.4193,
    -0.45035,
    0.87223,
    0.19076,
    -0.44892,
    0.81997,
    0.35514,
    -0.28716,
    0.93831,
    0.19263,
    0.03491,
    0.015311,
    0.99927,
    0.54943,
    0.23563,
    0.80163,
    0.1978,
    0.92917,
    0.31228,
    0.28716,
    0.93831,
    0.19263,
    0.44892,
    0.81997,
    0.35514,
    0.45035,
    0.87223,
    0.19076,
    -0.1978,
    0.92917,
    0.31228,
    -0.54943,
    0.23563,
    0.80163,
    -0.31847,
    0.91627,
    0.24294,
    -0.1155,
    0.95346,
    0.27852,
    -0.46277,
    0.85935,
    0.21764,
    0.30123,
    0.90139,
    0.31105,
    0.34893,
    0.81497,
    0.46268,
    0.11785,
    0.89485,
    0.43053,
    -0.30123,
    0.90139,
    0.31105,
    -0.35414,
    0.81739,
    0.45437,
    -0.1988,
    -0.64813,
    0.73512,
    -0.027806,
    0.97952,
    0.1994,
    -0.16768,
    0.014238,
    0.98574,
    0.23215,
    0.97033,
    -0.067522,
    -0.041542,
    0.73054,
    -0.68161,
    -0.027065,
    0.79425,
    -0.60699,
    0.11047,
    0.98446,
    0.1365,
    0.14777,
    0.98876,
    0.022835,
    -0.23305,
    0.96993,
    -0.070129,
    0.0011017,
    0.9945,
    -0.10475,
    0.079428,
    0.88866,
    -0.45163,
    -0.14777,
    0.98876,
    0.022835,
    -0.11047,
    0.98446,
    0.13649,
    -0.31965,
    0.84951,
    0.41971,
    -0.38453,
    0.15629,
    0.90978,
    0.28718,
    0.79794,
    0.52992,
    0.31965,
    0.84951,
    0.41971,
    0.26534,
    0.90803,
    0.32416,
    -0.50817,
    0.63958,
    0.57679,
    0.4709,
    0.66698,
    0.5774,
    0.14889,
    0.8425,
    0.51772,
    0.35194,
    0.92229,
    0.15976,
    0.73729,
    0.65321,
    0.1724,
    0.29184,
    0.94401,
    0.15388,
    -0.35194,
    0.92229,
    0.15976,
    -0.29184,
    0.94401,
    0.15388,
    -0.73729,
    0.65321,
    0.1724
  ],
  "colors": [],
  "uvs": [
    []
  ],