{
  "metadata": {
    "formatVersion": 3.1,
    "sourceFile": "reflector.obj",
    "generatedBy": "OBJConverter",
    "vertices": 78,
    "faces": 99,
    "normals": 78,
    "colors": 0,
    "uvs": 0,
    "materials": 1
  },
  "scale": 0.5,
  "materials": [
    {
      "DbgColor": 15658734,
      "DbgIndex": 0,
      "DbgName": "13___Default",
      "colorAmbient": [
        0.5879999995,
        0.5879999995,
        0.5879999995
      ],
      "colorDiffuse": [
        0.5879999995,
        0.5879999995,
        0.5879999995
      ],
      "colorSpecular": [
        0,
        0,
        0
      ],
      "illumination": 2,
      "opacity": 1,
      "opticalDensity": 1.5,
      "specularCoef": 10,
      "transparent": true
    }
  ],
  "vertices": [
    418,
    506,
    351,
    476,
    497,
    329,
    459,
    528,
    323,
    -459,
    528,
    323,
    -476,
    497,
    329,
    -419,
    506,
    351,
    477,
    533,
    305,
    484,
    525,
    305,
    -484,
    525,
    305,
    -477,
    533,
    305,
    397,
    532,
    321,
    388,
    508,
    330,
    391,
    503,
    355,
    -391,
    503,
    355,
    -388,
    508,
    330,
    -397,
    532,
    321,
    492,
    502,
    286,
    486,
    526,
    290,
    -486,
    526,
    290,
    -492,
    502,
    286,
    -407,
    536,
    318,
    -464,
    537,
    298,
    -407,
    535,
    332,
    -399,
    528,
    342,
    407,
    535,
    332,
    464,
    537,
    298,
    407,
    536,
    318,
    399,
    528,
    342,
    -491,
    491,
    290,
    -488,
    489,
    309,
    -490,
    500,
    312,
    -433,
    492,
    351,
    -474,
    486,
    325,
    474,
    486,
    325,
    433,
    492,
    351,
    490,
    500,
    312,
    488,
    489,
    309,
    491,
    491,
    290,
    -437,
    480,
    344,
    437,
    480,
    344,
    479,
    485,
    285,
    399,
    528,
    315,
    475,
    531,
    291,
    -484,
    488,
    283,
    -475,
    531,
    291,
    -399,
    528,
    315,
    409,
    526,
    343,
    461,
    533,
    316,
    -409,
    526,
    343,
    -461,
    533,
    316,
    -380,
    498,
    361,
    -384,
    503,
    331,
    384,
    503,
    331,
    380,
    498,
    361,
    483,
    488,
    317,
    485,
    499,
    321,
    -485,
    499,
    321,
    -483,
    488,
    317,
    -393,
    499,
    314,
    -389,
    476,
    362,
    -385,
    486,
    368,
    395,
    499,
    360,
    385,
    486,
    368,
    389,
    476,
    362,
    404,
    471,
    307,
    393,
    499,
    314,
    -412,
    476,
    352,
    412,
    476,
    352,
    -479,
    534,
    293,
    479,
    534,
    293,
    487,
    503,
    284,
    381,
    494,
    365,
    -381,
    494,
    365,
    -400,
    472,
    309,
    -379,
    503,
    333,
    379,
    503,
    333,
    -491,
    495,
    285,
    491,
    495,
    285
  ],
  "morphTargets": [],
  "morphColors": [],
  "normals": [
    0.2884,
    0.39034,
    0.87433,
    0.56528,
    0.020525,
    0.82465,
    0.38262,
    0.57005,
    0.72708,
    -0.38262,
    0.57005,
    0.72708,
    -0.56528,
    0.020525,
    0.82465,
    -0.25697,
    0.39891,
    0.88025,
    0.49785,
    0.77834,
    0.38254,
    0.79473,
    0.45436,
    0.40244,
    -0.79473,
    0.45436,
    0.40244,
    -0.49785,
    0.77834,
    0.38254,
    -0.62698,
    0.76254,
    0.15946,
    -0.83973,
    0.51877,
    0.16042,
    -0.41762,
    0.73774,
    0.53041,
    0.26216,
    0.74288,
    0.61596,
    0.83973,
    0.51877,
    0.16042,
    0.62698,
    0.76254,
    0.15946,
    0.99193,
    0.069881,
    0.10582,
    0.89841,
    0.40654,
    0.1661,
    -0.89841,
    0.40654,
    0.1661,
    -0.99193,
    0.069881,
    0.10582,
    0.13052,
    0.98749,
    0.088434,
    -0.15538,
    0.95894,
    0.23724,
    0.10389,
    0.93547,
    0.3378,
    0.47274,
    0.68428,
    0.55523,
    -0.10389,
    0.93547,
    0.3378,
    0.15538,
    0.95894,
    0.23724,
    -0.13052,
    0.98749,
    0.088434,
    -0.47553,
    0.69447,
    0.53999,
    -0.98821,
    -0.12572,
    0.087424,
    -0.92488,
    -0.25606,
    0.28114,
    -0.94072,
    0.029322,
    0.33791,
    -0.40468,
    -0.014735,
    0.91434,
    -0.55707,
    -0.38632,
    0.73514,
    0.55707,
    -0.38632,
    0.73514,
    0.40468,
    -0.014735,
    0.91434,
    0.94072,
    0.029322,
    0.33792,
    0.92488,
    -0.25606,
    0.28114,
    0.98821,
    -0.12572,
    0.087424,
    -0.37041,
    -0.74321,
    0.55717,
    0.37041,
    -0.74321,
    0.55717,
    -0.30578,
    0.099618,
    -0.94688,
    -0.30578,
    0.099618,
    -0.94688,
    -0.30578,
    0.099618,
    -0.94688,
    0.30578,
    0.099618,
    -0.94688,
    0.30578,
    0.099618,
    -0.94688,
    0.30578,
    0.099618,
    -0.94688,
    0.14739,
    0.63849,
    0.75538,
    0.24098,
    0.89433,
    0.37696,
    -0.13528,
    0.62335,
    0.77015,
    -0.24098,
    0.89433,
    0.37696,
    0.21041,
    0.86605,
    0.45353,
    0.44132,
    0.87894,
    0.18085,
    -0.44132,
    0.87894,
    0.18085,
    -0.17154,
    0.86798,
    0.46603,
    0.7531,
    -0.33827,
    0.56428,
    0.75426,
    0.035396,
    0.65562,
    -0.75426,
    0.035396,
    0.65562,
    -0.7531,
    -0.33827,
    0.56428,
    0.30578,
    0.099618,
    -0.94688,
    -0.35119,
    -0.38766,
    0.85228,
    -0.32155,
    0.15166,
    0.93467,
    0.074305,
    0.52614,
    0.84714,
    0.29412,
    0.0857,
    0.95192,
    0.35119,
    -0.38766,
    0.85228,
    -0.30578,
    0.099617,
    -0.94688,
    -0.30578,
    0.099618,
    -0.94688,
    -0.35204,
    -0.40587,
    0.84341,
    0.35204,
    -0.40587,
    0.84341,
    -0.593,
    0.78755,
    0.16769,
    0.593,
    0.78755,
    0.16769,
    -0.30578,
    0.099619,
    -0.94688,
    0.085669,
    0.61226,
    0.78601,
    -0.2537,
    0.58676,
    0.76899,
    0.30578,
    0.099619,
    -0.94688,
    0.039728,
    0.9823,
    0.18303,
    -0.039729,
    0.9823,
    0.18303,
    -0.9904,
    -0.10306,
    0.092143,
    0.9904,
    -0.10306,
    0.092143
  ],
  "colors": [],
  "uvs": [
    []
  ],