{
  "metadata": {
    "formatVersion": 3.1,
    "sourceFile": "roof.obj",
    "generatedBy": "OBJConverter",
    "vertices": 46,
    "faces": 78,
    "normals": 46,
    "colors": 0,
    "uvs": 0,
    "materials": 1
  },
  "scale": 0.5,
  "materials": [
    {
      "DbgColor": 15658734,
      "DbgIndex": 0,
      "DbgName": "13___Default",
      "colorAmbient": [
        0.5879999995,
        0.5879999995,
        0.5879999995
      ],
      "colorDiffuse": [
        0.5879999995,
        0.5879999995,
        0.5879999995
      ],
      "colorSpecular": [
        0,
        0,
        0
      ],
      "illumination": 2,
      "opacity": 1,
      "opticalDensity": 1.5,
      "specularCoef": 10,
      "transparent": true
    }
  ],
  "vertices": [
    -115,
    717,
    -190,
    -115,
    710,
    -55,
    115,
    710,
    -55,
    117,
    698,
    53,
    114,
    701,
    -505,
    -40,
    705,
    -509,
    0,
    716,
    -392,
    -114,
    711,
    -433,
    -148,
    716,
    -257,
    -121,
    681,
    124,
    -43,
    671,
    159,
    121,
    681,
    124,
    -236,
    697,
    0,
    -234,
    707,
    -255,
    -239,
    694,
    -1,
    123,
    670,
    156,
    239,
    694,
    -1,
    234,
    707,
    -255,
    236,
    697,
    0,
    114,
    711,
    -433,
    233,
    697,
    -453,
    232,
    705,
    -376,
    232,
    710,
    -255,
    79,
    719,
    -259,
    -238,
    680,
    -516,
    -233,
    697,
    -453,
    -251,
    663,
    139,
    -193,
    667,
    148,
    -115,
    694,
    -537,
    -236,
    683,
    -516,
    -242,
    683,
    79,
    251,
    663,
    139,
    242,
    683,
    79,
    -232,
    710,
    -255,
    -232,
    705,
    -376,
    238,
    680,
    -516,
    40,
    695,
    -543,
    115,
    694,
    -537,
    0,
    699,
    -543,
    -123,
    667,
    156,
    123,
    667,
    156,
    -117,
    698,
    53,
    236,
    683,
    -516,
    253,
    660,
    139,
    -253,
    660,
    139,
    -115,
    692,
    -538
  ],
  "morphTargets": [],
  "morphColors": [],
  "normals": [
    -0.037371,
    0.99881,
    0.031389,
    -0.035108,
    0.99627,
    0.078878,
    0.042009,
    0.99674,
    0.06882,
    0.031867,
    0.98436,
    0.17325,
    0.069098,
    0.98395,
    -0.16453,
    -0.026358,
    0.98736,
    -0.15626,
    0.0013983,
    0.99823,
    -0.05946,
    -0.05915,
    0.99348,
    -0.09746,
    -0.050506,
    0.99866,
    -0.011083,
    -0.045747,
    0.95566,
    0.2909,
    -0.0055854,
    0.36876,
    0.92951,
    0.044988,
    0.9591,
    0.27948,
    -0.45299,
    0.88779,
    0.08142,
    -0.79651,
    0.60461,
    -0.0032232,
    -0.78272,
    0.62139,
    0.035033,
    0.077025,
    0.66359,
    0.74412,
    0.78272,
    0.62139,
    0.035033,
    0.79651,
    0.60461,
    -0.003223,
    0.45167,
    0.88869,
    0.078914,
    0.048321,
    0.99451,
    -0.092817,
    0.60019,
    0.79337,
    -0.10165,
    0.58575,
    0.80895,
    -0.049983,
    0.4601,
    0.88786,
    0.001953,
    0.030212,
    0.99954,
    0.00369,
    -0.74807,
    0.45367,
    -0.48433,
    -0.59855,
    0.7945,
    -0.10245,
    -0.42652,
    0.58801,
    0.68726,
    -0.15234,
    0.42322,
    0.89313,
    -0.1227,
    0.72428,
    -0.6785,
    -0.45128,
    0.58588,
    -0.67311,
    -0.52912,
    0.83406,
    0.15614,
    0.41729,
    0.57898,
    0.70047,
    0.52912,
    0.83406,
    0.15614,
    -0.46923,
    0.88307,
    -0.0010615,
    -0.58715,
    0.80784,
    -0.051494,
    0.75165,
    0.4355,
    -0.49534,
    0.060117,
    0.66234,
    -0.74679,
    0.13144,
    0.31316,
    -0.94056,
    -0.0075938,
    0.55452,
    -0.83213,
    -0.071027,
    0.7561,
    0.6506,
    0.081258,
    0.21734,
    0.97271,
    -0.031868,
    0.98436,
    0.17325,
    0.45128,
    0.58588,
    -0.67311,
    0.68976,
    0.49456,
    0.52881,
    -0.69692,
    0.48873,
    0.52483,
    -0.1249,
    0.23805,
    -0.96319
  ],
  "colors": [],
  "uvs": [
    []
  ],
  "faces": [
    34,
    0,
    1,
    2,
    0,
    0,
    1,
    2,
    34,
    3,
    2,
    1,
    0,
    3,
    2,
    1,
    34,
    4,
    5,
    6,
    0,
    4,
    5,
    6,
    34,
    6,
    7,
    8,
    0,
    6,
    7,
    8,
    34,
    9,
    10,
    11,
    0,
    9,
    10,
    11,
    34,
    12,
    13,
    14,
    0,
    12,
    13,
    14,
    34,
    11,
    10,
    15,
    0,
    11,
    10,
    15,
    34,
    16,
    17,
    18,
    0,
    16,
    17,
    18,
    34,
    19,
    20,
    4,
    0,
    19,
    20,
    4,
    34,
    21,
    20,
    19,
    0,
    21,
    20,
    19,
    34,
    18,
    22,
    23,
    0,
    18,
    22,
    23,
    34,
    24,
    13,
    25,
    0,
    24,
    13,
    25,
    34,
    5,
    7,
    6,
    0,
    5,
    7,
    6,
    34,
    9,
    26,
    27,
    0,
    9,
    26,
    27,
    34,
    25,
    28,
    29,
    0,
    25,
    28,
    29,
    34,
    0,
    12,
    1,
    0,
    0,
    12,
    1,
    34,
    30,
    26,
    9,
    0,
    30,
    26,
    9,
    34,
    15,
    31,
    11,
    0,
    15,
    31,
    11,
    34,
    3,
    18,
    2,
    0,
    3,
    18,
    2,
    34,
    11,
    31,
    32,
    0,
    11,
    31,
    32,
    34,
    19,
    23,
    22,
    0,
    19,
    23,
    22,
    34,
    6,
    8,
    23,
    0,
    6,
    8,
    23,
    34,
    0,
    33,
    12,
    0,
    0,
    33,
    12,
    34,
    8,
    34,
    33,
    0,
    8,
    34,
    33,
    34,
    35,
    36,
    37,
    0,
    35,
    36,
    37,
    34,
    38,
    5,
    4,
    0,
    38,
    5,
    4,
    34,
    10,
    39,
    40,
    0,
    10,
    39,
    40,
    34,
    9,
    27,
    10,
    0,
    9,
    27,
    10,
    34,
    1,
    12,
    41,
    0,
    1,
    12,
    41,
    34,
    3,
    1,
    41,
    0,
    3,
    1,
    41,
    34,
    42,
    37,
    20,
    0,
    42,
    37,
    20,
    34,
    20,
    17,
    35,
    0,
    20,
    17,
    35,
    34,
    43,
    16,
    32,
    0,
    43,
    16,
    32,
    34,
    2,
    23,
    0,
    0,
    2,
    23,
    0,
    34,
    2,
    18,
    23,
    0,
    2,
    18,
    23,
    34,
    30,
    14,
    44,
    0,
    30,
    14,
    44,
    34,
    5,
    38,
    28,
    0,
    5,
    38,
    28,
    34,
    25,
    5,
    28,
    0,
    25,
    5,
    28,
    34,
    23,
    19,
    6,
    0,
    23,
    19,
    6,
    34,
    6,
    19,
    4,
    0,
    6,
    19,
    4,
    34,
    34,
    25,
    13,
    0,
    34,
    25,
    13,
    34,
    5,
    25,
    7,
    0,
    5,
    25,
    7,
    34,
    17,
    20,
    21,
    0,
    17,
    20,
    21,
    34,
    22,
    18,
    17,
    0,
    22,
    18,
    17,
    34,
    11,
    32,
    3,
    0,
    11,
    32,
    3,
    34,
    9,
    11,
    3,
    0,
    9,
    11,
    3,
    34,
    39,
    10,
    27,
    0,
    39,
    10,
    27,
    34,
    27,
    44,
    39,
    0,
    27,
    44,
    39,
    34,
    14,
    30,
    12,
    0,
    14,
    30,
    12,
    34,
    12,
    30,
    41,
    0,
    12,
    30,
    41,
    34,
    18,
    32,
    16,
    0,
    18,
    32,
    16,
    34,
    3,
    32,
    18,
    0,
    3,
    32,
    18,
    34,
    3,
    41,
    9,
    0,
    3,
    41,
    9,
    34,
    41,
    30,
    9,
    0,
    41,
    30,
    9,
    34,
    38,
    36,
    45,
    0,
    38,
    36,
    45,
    34,
    38,
    37,
    36,
    0,
    38,
    37,
    36,
    34,
    32,
    31,
    43,
    0,
    32,
    31,
    43,
    34,
    40,
    43,
    31,
    0,
    40,
    43,
    31,
    34,
    28,
    45,
    24,
    0,
    28,
    45,
    24,
    34,
    45,
    28,
    38,
    0,
    45,
    28,
    38,
    34,
    31,
    15,
    40,
    0,
    31,
    15,
    40,
    34,
    15,
    10,
    40,
    0,
    15,
    10,
    40,
    34,
    37,
    4,
    20,
    0,
    37,
    4,
    20,
    34,
    37,
    38,
    4,
    0,
    37,
    38,
    4,
    34,
    13,
    33,
    34,
    0,
    13,
    33,
