{
  "metadata": {
    "formatVersion": 3.1,
    "sourceFile": "sideskirt.obj",
    "generatedBy": "OBJConverter",
    "vertices": 62,
    "faces": 96,
    "normals": 62,
    "colors": 0,
    "uvs": 0,
    "materials": 1
  },
  "scale": 0.5,
  "materials": [
    {
      "DbgColor": 15658734,
      "DbgIndex": 0,
      "DbgName": "13___Default",
      "colorAmbient": [
        0.5879999995,
        0.5879999995,
        0.5879999995
      ],
      "colorDiffuse": [
        0.5879999995,
        0.5879999995,
        0.5879999995
      ],
      "colorSpecular": [
        0,
        0,
        0
      ],
      "illumination": 2,
      "opacity": 1,
      "opticalDensity": 1.5,
      "specularCoef": 10,
      "transparent": true
    }
  ],
  "vertices": [
    -433,
    154,
    -426,
    -432,
    98,
    -121,
    -432,
    130,
    400,
    432,
    98,
    -121,
    428,
    100,
    -434,
    433,
    154,
    -426,
    432,
    130,
    400,
    -430,
    88,
    461,
    429,
    88,
    461,
    434,
    166,
    431,
    434,
    164,
    472,
    -434,
    163,
    -442,
    -436,
    196,
    -451,
    -427,
    103,
    -465,
    -434,
    164,
    472,
    -434,
    166,
    431,
    427,
    103,
    -465,
    436,
    196,
    -451,
    434,
    163,
    -442,
    -421,
    198,
    -473,
    -414,
    101,
    -468,
    -421,
    100,
    -468,
    -426,
    93,
    -66,
    417,
    88,
    464,
    414,
    101,
    -468,
    426,
    93,
    -66,
    424,
    87,
    464,
    -424,
    87,
    464,
    -417,
    88,
    464,
    433,
    136,
    418,
    421,
    100,
    -468,
    421,
    198,
    -473,
    -433,
    136,
    418,
    -434,
    197,
    -470,
    434,
    197,
    -470,
    -424,
    136,
    395,
    -425,
    158,
    -418,
    -426,
    170,
    -442,
    426,
    170,
    -442,
    425,
    158,
    -418,
    424,
    136,
    395,
    426,
    173,
    432,
    427,
    172,
    467,
    422,
    165,
    472,
    -427,
    172,
    467,
    -426,
    173,
    432,
    -422,
    165,
    472,
    425,
    152,
    425,
    -428,
    100,
    -434,
    -424,
    106,
    -468,
    -427,
    92,
    461,
    429,
    87,
    464,
    -425,
    142,
    418,
    427,
    204,
    -470,
    -427,
    204,
    -470,
    -428,
    203,
    -450,
    428,
    203,
    -450,
    427,
    92,
    461,
    424,
    106,
    -468,
    -429,
    87,
    464,
    432,
    202,
    -473,
    -432,
    202,
    -473
  ],
  "morphTargets": [],
  "morphColors": [],
  "normals": [
    -0.95717,
    0.26101,
    0.12527,
    -0.86463,
    -0.50236,
    -0.006712,
    -0.93509,
    0.34785,
    -0.067827,
    0.86463,
    -0.50236,
    -0.0067117,
    0.24796,
    -0.96719,
    -0.05535,
    0.95718,
    0.26101,
    0.12527,
    0.93868,
    0.33652,
    -0.074999,
    -0.93664,
    -0.34147,
    0.078081,
    0.93664,
    -0.34147,
    0.078082,
    0.79559,
    0.39322,
    -0.46088,
    0.69459,
    0.29232,
    0.65734,
    -0.94518,
    0.21063,
    0.24953,
    -0.82719,
    0.36286,
    0.42906,
    -0.31529,
    -0.85439,
    -0.41306,
    -0.69459,
    0.29232,
    0.65734,
    -0.82131,
    0.40395,
    -0.40283,
    0.31529,
    -0.85439,
    -0.41306,
    0.82719,
    0.36286,
    0.42906,
    0.94518,
    0.21063,
    0.24953,
    -0.13759,
    0.0098157,
    -0.99044,
    0.039989,
    -0.68924,
    -0.72343,
    -0.35656,
    -0.73284,
    -0.57949,
    -0.66119,
    -0.75012,
    -0.012465,
    -0.029557,
    -0.71982,
    0.69353,
    -0.039989,
    -0.68924,
    -0.72343,
    0.66119,
    -0.75012,
    -0.012465,
    0.23748,
    -0.80467,
    0.54415,
    -0.23748,
    -0.80467,
    0.54416,
    0.029556,
    -0.71982,
    0.69353,
    0.96422,
    0.19609,
    -0.1784,
    0.35656,
    -0.73284,
    -0.57949,
    0.13759,
    0.0098171,
    -0.99044,
    -0.93831,
    0.25117,
    -0.23768,
    -0.82396,
    0.20965,
    -0.52643,
    0.82396,
    0.20965,
    -0.52643,
    -0.63129,
    0.77255,
    -0.068129,
    -0.59359,
    0.79234,
    0.14092,
    -0.38981,
    0.45045,
    0.80321,
    0.38982,
    0.45045,
    0.80321,
    0.59359,
    0.79234,
    0.14092,
    0.66554,
    0.73974,
    -0.099223,
    0.63674,
    0.67238,
    -0.37744,
    0.55993,
    0.75222,
    0.34734,
    0.076209,
    0.21438,
    0.97377,
    -0.55993,
    0.75222,
    0.34734,
    -0.64613,
    0.68139,
    -0.34384,
    -0.076209,
    0.21438,
    0.97377,
    0.23455,
    0.4574,
    -0.85777,
    -0.24796,
    -0.96719,
    -0.05535,
    -0.37155,
    -0.32367,
    -0.87017,
    0.08903,
    -0.95388,
    -0.28668,
    0.37119,
    -0.81495,
    0.44505,
    -0.48589,
    0.56251,
    -0.66895,
    0.35485,
    0.85334,
    -0.38197,
    -0.35485,
    0.85333,
    -0.38197,
    -0.61302,
    0.67446,
    0.41147,
    0.61302,
    0.67446,
    0.41147,
    -0.08904,
    -0.95388,
    -0.28669,
    0.37155,
    -0.32367,
    -0.87017,
    -0.3712,
    -0.81495,
    0.44505,
    0.66915,
    0.51087,
    -0.53968,
    -0.66915,
    0.51087,
    -0.53967
  ],
  "colors": [],
  "uvs": [
    []
  ],