{
  "metadata": {
    "formatVersion": 3.1,
    "sourceFile": "glass.obj",
    "generatedBy": "OBJConverter",
    "vertices": 56,
    "faces": 64,
    "normals": 56,
    "colors": 0,
    "uvs": 0,
    "materials": 1
  },
  "scale": 0.5,
  "materials": [
    {
      "DbgColor": 15658734,
      "DbgIndex": 0,
      "DbgName": "Standard_16",
      "colorAmbient": [
        0.2431,
        0.2863,
        0.4353
      ],
      "colorDiffuse": [
        0.2431,
        0.2863,
        0.4353
      ],
      "colorSpecular": [
        0.792,
        0.792,
        0.792
      ],
      "illumination": 2,
      "opacity": 1,
      "opticalDensity": 1.5,
      "specularCoef": 39,
      "transparent": true
    }
  ],
  "vertices": [
    204,
    494,
    589,
    291,
    553,
    454,
    73,
    628,
    345,
    0,
    677,
    -729,
    51,
    573,
    -1013,
    -197,
    570,
    -1000,
    218,
    680,
    -678,
    215,
    668,
    232,
    -291,
    553,
    454,
    -179,
    627,
    333,
    -302,
    689,
    145,
    323,
    679,
    67,
    369,
    602,
    14,
    342,
    641,
    -395,
    -342,
    641,
    -395,
    -388,
    561,
    112,
    -323,
    679,
    67,
    -218,
    680,
    -678,
    -207,
    696,
    162,
    328,
    561,
    -971,
    197,
    570,
    -1000,
    375,
    586,
    -280,
    410,
    503,
    163,
    386,
    537,
    -580,
    -386,
    537,
    -580,
    -410,
    503,
    163,
    -375,
    586,
    -280,
    388,
    561,
    112,
    354,
    619,
    249,
    406,
    485,
    499,
    -406,
    485,
    499,
    -354,
    619,
    249,
    -71,
    650,
    297,
    -86,
    497,
    606,
    28,
    498,
    610,
    307,
    701,
    -251,
    -307,
    701,
    -251,
    -326,
    649,
    -589,
    326,
    649,
    -589,
    302,
    689,
    145,
    136,
    706,
    -616,
    298,
    690,
    -599,
    -328,
    561,
    -971,
    -298,
    690,
    -599,
    -46,
    709,
    -619,
    -22,
    702,
    176,
    -374,
    544,
    -776,
    -362,
    559,
    -818,
    362,
    559,
    -818,
    374,
    544,
    -776,
    377,
    501,
    519,
    -377,
    501,
    519,
    -204,
    494,
    589,
    343,
    596,
    343,
    -343,
    596,
    343,
    207,
    696,
    162
  ],
  "morphTargets": [],
  "morphColors": [],
  "normals": [
    0.096333,
    0.88556,
    0.45443,
    0.14496,
    0.88418,
    0.44409,
    0.040109,
    0.90551,
    0.42243,
    0.0011235,
    0.94856,
    -0.31661,
    0.01671,
    0.94117,
    -0.33753,
    -0.083205,
    0.9382,
    -0.33595,
    0.12276,
    0.94765,
    -0.29477,
    0.1102,
    0.91412,
    0.39018,
    -0.15163,
    0.88271,
    0.44478,
    -0.097367,
    0.90459,
    0.41502,
    -0.13698,
    0.90835,
    0.39515,
    0.85592,
    0.51704,
    0.0084036,
    0.88484,
    0.46589,
    -0.000016227,
    0.85617,
    0.51524,
    -0.038713,
    -0.85631,
    0.51509,
    -0.037698,
    -0.91005,
    0.41446,
    0.0051475,
    -0.87291,
    0.48789,
    0.00045865,
    -0.11802,
    0.95195,
    -0.28261,
    -0.10354,
    0.91742,
    0.38422,
    0.14224,
    0.93431,
    -0.32685,
    0.088991,
    0.93993,
    -0.32956,
    0.91482,
    0.40354,
    -0.016273,
    0.93273,
    0.36009,
    0.018844,
    0.88888,
    0.45615,
    -0.042593,
    -0.88888,
    0.45615,
    -0.042593,
    -0.93273,
    0.36009,
    0.018844,
    -0.90952,
    0.41554,
    -0.010098,
    0.9171,
    0.39848,
    0.011998,
    0.89588,
    0.44282,
    0.036096,
    0.91235,
    0.40763,
    0.038094,
    -0.91235,
    0.40763,
    0.038094,
    -0.8961,
    0.44267,
    0.032466,
    -0.031406,
    0.91283,
    0.40713,
    -0.047242,
    0.89415,
    0.44527,
    0.022306,
    0.89542,
    0.44466,
    0.85404,
    0.52012,
    -0.0093042,
    -0.85404,
    0.52012,
    -0.0093042,
    -0.8757,
    0.48044,
    -0.048186,
    0.8757,
    0.48044,
    -0.048186,
    0.1507,
    0.91201,
    0.38149,
    0.064284,
    0.95647,
    -0.28467,
    0.16062,
    0.94803,
    -0.27466,
    -0.14224,
    0.93431,
    -0.32685,
    -0.14859,
    0.95318,
    -0.26337,
    -0.029941,
    0.9587,
    -0.28284,
    -0.0056988,
    0.92446,
    0.38122,
    -0.86737,
    0.49461,
    -0.055021,
    -0.86315,
    0.50138,
    -0.059864,
    0.86315,
    0.50138,
    -0.059864,
    0.86737,
    0.49461,
    -0.055021,
    0.17867,
    0.8672,
    0.4648,
    -0.17867,
    0.8672,
    0.4648,
    -0.10702,
    0.8826,
    0.45779,
    0.12437,
    0.90364,
    0.40983,
    -0.12437,
    0.90364,
    0.40983,
    0.086348,
    0.93035,
    0.35636
  ],
  "colors": [],
  "uvs": [
    []
  ],