{
  "metadata": {
    "formatVersion": 3.1,
    "sourceFile": "reflector.obj",
    "generatedBy": "OBJConverter",
    "vertices": 90,
    "faces": 138,
    "normals": 90,
    "colors": 0,
    "uvs": 0,
    "materials": 1
  },
  "scale": 0.5,
  "materials": [
    {
      "DbgColor": 15658734,
      "DbgIndex": 0,
      "DbgName": "Standard_16",
      "colorAmbient": [
        0.5879999995,
        0.5879999995,
        0.5879999995
      ],
      "colorDiffuse": [
        0.5879999995,
        0.5879999995,
        0.5879999995
      ],
      "colorSpecular": [
        0,
        0,
        0
      ],
      "illumination": 2,
      "opacity": 1,
      "opticalDensity": 1.5,
      "specularCoef": 10,
      "transparent": true
    }
  ],
  "vertices": [
    469,
    545,
    358,
    478,
    556,
    334,
    437,
    548,
    368,
    -437,
    548,
    368,
    -478,
    556,
    334,
    -469,
    545,
    358,
    432,
    542,
    375,
    428,
    544,
    352,
    -428,
    544,
    352,
    -432,
    542,
    375,
    501,
    549,
    326,
    505,
    552,
    301,
    482,
    560,
    308,
    -482,
    560,
    308,
    -505,
    552,
    301,
    -501,
    549,
    326,
    -498,
    529,
    353,
    -489,
    522,
    362,
    -456,
    529,
    378,
    456,
    529,
    378,
    489,
    522,
    362,
    498,
    529,
    353,
    450,
    492,
    326,
    432,
    547,
    325,
    519,
    502,
    301,
    496,
    545,
    339,
    524,
    528,
    320,
    519,
    540,
    297,
    -496,
    545,
    339,
    -519,
    540,
    297,
    -524,
    528,
    320,
    441,
    558,
    346,
    447,
    565,
    320,
    430,
    548,
    328,
    447,
    560,
    344,
    -447,
    560,
    344,
    -447,
    565,
    320,
    -430,
    548,
    328,
    -441,
    558,
    346,
    -427,
    528,
    390,
    -425,
    529,
    349,
    -431,
    548,
    328,
    -448,
    564,
    320,
    448,
    564,
    320,
    431,
    548,
    328,
    425,
    529,
    349,
    427,
    528,
    390,
    528,
    529,
    296,
    525,
    529,
    296,
    482,
    559,
    308,
    -528,
    529,
    296,
    -482,
    559,
    308,
    -525,
    529,
    296,
    -510,
    548,
    298,
    -452,
    565,
    316,
    -441,
    500,
    328,
    428,
    526,
    389,
    448,
    515,
    389,
    429,
    525,
    393,
    -428,
    526,
    389,
    -429,
    525,
    393,
    -448,
    515,
    389,
    -530,
    524,
    294,
    -432,
    547,
    325,
    452,
    565,
    316,
    510,
    548,
    298,
    488,
    522,
    362,
    516,
    527,
    332,
    509,
    526,
    343,
    518,
    527,
    332,
    -509,
    526,
    343,
    -516,
    527,
    332,
    -488,
    522,
    362,
    -518,
    527,
    332,
    -434,
    535,
    384,
    434,
    535,
    384,
    429,
    532,
    330,
    428,
    532,
    330,
    -428,
    532,
    330,
    -429,
    532,
    330,
    530,
    524,
    294,
    474,
    515,
    375,
    -474,
    515,
    375,
    524,
    528,
    310,
    -505,
    498,
    306,
    -526,
    509,
    297,
    448,
    515,
    388,
    473,
    515,
    374,
    -473,
    515,
    374,
    -448,
    515,
    388
  ],
  "morphTargets": [],
  "morphColors": [],
  "normals": [
    0.34909,
    0.7156,
    0.60502,
    0.29672,
    0.88987,
    0.34654,
    -0.22114,
    0.85686,
    0.46571,
    0.22114,
    0.85686,
    0.46571,
    -0.29672,
    0.88987,
    0.34654,
    -0.34909,
    0.7156,
    0.60502,
    -0.43413,
    0.75929,
    0.48478,
    -0.87473,
    0.47694,
    0.085879,
    0.87473,
    0.47694,
    0.085879,
    0.43413,
    0.75929,
    0.48478,
    0.54621,
    0.7754,
    0.31689,
    0.25379,
    0.69604,
    -0.67165,
    0.025603,
    0.8056,
    -0.59191,
    -0.025603,
    0.8056,
    -0.59191,
    -0.25379,
    0.69604,
    -0.67165,
    -0.54621,
    0.7754,
    0.31689,
    -0.5822,
    0.43002,
    0.69001,
    -0.61739,
    -0.50115,
    0.60637,
    -0.40676,
    0.505,
    0.76126,
    0.40676,
    0.505,
    0.76126,
    0.61739,
    -0.50115,
    0.60637,
    0.5822,
    0.43002,
    0.69001,
    -0.32497,
    -0.11747,
    -0.9384,
    -0.32497,
    -0.11747,
    -0.9384,
    -0.32497,
    -0.11747,
    -0.9384,
    0.51167,
    0.68801,
    0.51463,
    0.8803,
    -0.38658,
    0.275,
    0.45789,
    0.59148,
    -0.6637,
    -0.51167,
    0.68801,
    0.51463,
    -0.45789,
    0.59148,
    -0.6637,
    -0.88028,
    -0.38688,
    0.27467,
    -0.48049,
    0.84904,
    0.21967,
    -0.33935,
    0.70815,
    -0.61916,
    -0.68401,
    0.24846,
    -0.68586,
    0.02201,
    0.93875,
    0.34389,
    -0.02201,
    0.93875,
    0.34389,
    0.33935,
    0.70815,
    -0.61916,
    0.68401,
    0.24846,
    -0.68586,
    0.48049,
    0.84904,
    0.21967,
    0.78552,
    0.26348,
    0.55995,
    0.72587,
    -0.68081,
    -0.098018,
    -0.13021,
    -0.34732,
    -0.92866,
    0.2632,
    -0.35517,
    -0.89698,
    -0.2632,
    -0.35517,
    -0.89698,
    0.13021,
    -0.34732,
    -0.92866,
    -0.72587,
    -0.68081,
    -0.098018,
    -0.78552,
    0.26348,
    0.55995,
    0.75705,
    -0.38684,
    -0.52652,
    -0.10748,
    -0.41507,
    -0.90342,
    -0.30115,
    0.051271,
    -0.9522,
    -0.75724,
    -0.38788,
    -0.52548,
    0.30115,
    0.051272,
    -0.9522,
    0.10346,
    -0.45894,
    -0.88242,
    0.32497,
    -0.11747,
    -0.9384,
    0.32497,
    -0.11747,
    -0.9384,
    0.32497,
    -0.11747,
    -0.9384,
    -0.79277,
    -0.60481,
    0.075622,
    0.10491,
    -0.52657,
    0.84364,
    -0.38067,
    -0.25,
    0.89028,
    0.79277,
    -0.60481,
    0.075622,
    0.38067,
    -0.25,
    0.89028,
    -0.10491,
    -0.52657,
    0.84364,
    0.32497,
    -0.11747,
    -0.9384,
    0.32497,
    -0.11747,
    -0.9384,
    -0.32497,
    -0.11747,
    -0.9384,
    -0.32497,
    -0.11747,
    -0.9384,
    0.11693,
    -0.96627,
    -0.22945,
    -0.09191,
    -0.9832,
    -0.15769,
    0.75791,
    -0.4037,
    0.51244,
    0.779,
    -0.47532,
    0.40893,
    -0.75791,
    -0.4037,
    0.51244,
    0.089239,
    -0.98387,
    -0.15506,
    -0.11693,
    -0.96627,
    -0.22945,
    -0.77901,
    -0.47532,
    0.40893,
    -0.078504,
    0.71323,
    0.69652,
    0.078504,
    0.71323,
    0.69652,
    -0.11271,
    -0.77456,
    -0.62238,
    -0.58828,
    -0.40657,
    -0.69902,
    0.58828,
    -0.40657,
    -0.69902,
    0.11271,
    -0.77456,
    -0.62238,
    -0.32497,
    -0.11747,
    -0.9384,
    0.57644,
    -0.37455,
    0.72624,
    -0.57644,
    -0.37455,
    0.72624,
    -0.13098,
    -0.98942,
    -0.062429,
    0.32497,
    -0.11748,
    -0.9384,
    0.32497,
    -0.11747,
    -0.9384,
    -0.13187,
    -0.97228,
    0.19309,
    0.36988,
    -0.90657,
    0.20329,
    -0.36988,
    -0.90657,
    0.20329,
    0.13187,
    -0.97228,
    0.19309
  ],
  "colors": [],
  "uvs": [
    []
  ],