{
  "metadata": {
    "formatVersion": 3.1,
    "sourceFile": "roof.obj",
    "generatedBy": "OBJConverter",
    "vertices": 43,
    "faces": 68,
    "normals": 44,
    "colors": 0,
    "uvs": 0,
    "materials": 1
  },
  "scale": 0.5,
  "materials": [
    {
      "DbgColor": 15658734,
      "DbgIndex": 0,
      "DbgName": "Standard_16",
      "colorAmbient": [
        0.5879999995,
        0.5879999995,
        0.5879999995
      ],
      "colorDiffuse": [
        0.5879999995,
        0.5879999995,
        0.5879999995
      ],
      "colorSpecular": [
        0,
        0,
        0
      ],
      "illumination": 2,
      "opacity": 1,
      "opticalDensity": 1.5,
      "specularCoef": 10,
      "transparent": true
    }
  ],
  "vertices": [
    246,
    734,
    -103,
    41,
    746,
    -69,
    132,
    730,
    59,
    41,
    745,
    -379,
    245,
    726,
    -432,
    -46,
    713,
    -618,
    -132,
    730,
    59,
    243,
    736,
    -249,
    45,
    703,
    176,
    -86,
    731,
    63,
    -138,
    701,
    170,
    86,
    731,
    63,
    256,
    719,
    58,
    244,
    731,
    -247,
    -244,
    731,
    -247,
    -83,
    750,
    -243,
    -246,
    734,
    -103,
    -256,
    719,
    58,
    257,
    714,
    55,
    -257,
    714,
    55,
    -269,
    686,
    154,
    269,
    686,
    154,
    138,
    701,
    170,
    -244,
    731,
    -374,
    -83,
    750,
    -247,
    -244,
    731,
    -247,
    0,
    705,
    -620,
    -251,
    691,
    -605,
    -250,
    699,
    -605,
    83,
    750,
    -243,
    257,
    714,
    55,
    250,
    699,
    -605,
    251,
    691,
    -605,
    -243,
    736,
    -245,
    -257,
    714,
    55,
    -243,
    736,
    -249,
    256,
    719,
    54,
    -86,
    727,
    61,
    267,
    694,
    154,
    -256,
    719,
    54,
    243,
    736,
    -245,
    -267,
    694,
    154,
    83,
    750,
    -247
  ],
  "morphTargets": [],
  "morphColors": [],
  "normals": [
    0.60171,
    0.79852,
    0.017621,
    0.012313,
    0.99748,
    0.069882,
    0.047844,
    0.63081,
    0.77446,
    0.017874,
    0.99543,
    -0.093813,
    0.66513,
    0.74332,
    -0.071301,
    -0.043825,
    0.63353,
    -0.77248,
    -0.060095,
    0.71802,
    0.69343,
    0.55142,
    0.72038,
    0.4207,
    0.022763,
    0.20231,
    0.97906,
    -0.024113,
    0.90947,
    -0.41506,
    -0.07254,
    0.2858,
    0.95554,
    0.031906,
    0.91128,
    -0.41056,
    0.51497,
    0.78941,
    -0.33413,
    0.66093,
    0.32469,
    -0.67657,
    -0.66093,
    0.32469,
    -0.67657,
    -0.028194,
    0.79942,
    -0.60011,
    -0.59767,
    0.80153,
    0.01853,
    -0.51684,
    0.7879,
    -0.3348,
    0.62608,
    0.4841,
    -0.61129,
    -0.62608,
    0.4841,
    -0.61129,
    -0.73983,
    0.078408,
    0.6682,
    0.73997,
    0.078373,
    0.66806,
    0.076874,
    0.36982,
    0.92592,
    -0.66579,
    0.74387,
    -0.058152,
    -0.034253,
    0.72419,
    0.68875,
    -0.68737,
    0.372,
    0.62381,
    0.66336,
    0.3849,
    0.64172,
    0.054646,
    0.4827,
    -0.87408,
    -0.73268,
    0.11907,
    -0.67008,
    -0.58426,
    0.5627,
    -0.58481,
    0.027924,
    0.79614,
    -0.60447,
    0.71325,
    0.24414,
    0.65702,
    0.57817,
    0.5643,
    -0.5893,
    0.73058,
    0.12267,
    -0.67172,
    -0.5431,
    0.67829,
    -0.49494,
    -0.71952,
    0.25729,
    0.64505,
    -0.52351,
    0.71593,
    0.46194,
    0.5769,
    0.62284,
    0.52845,
    -0.0017128,
    0.58935,
    0.80788,
    0.60762,
    0.54194,
    0.58061,
    -0.57599,
    0.6226,
    0.52972,
    0.5431,
    0.67829,
    -0.49494,
    -0.60762,
    0.54194,
    0.58061,
    0.038058,
    0.7265,
    0.68612
  ],
  "colors": [],
  "uvs": [
    []
  ],
  "faces": [
    34,
    0,
    1,
    2,
    0,
    0,
    1,
    2,
    34,
    3,
    4,
    5,
    0,
    3,
    4,
    5,
    34,
    1,
    6,
    2,
    0,
    1,
    6,
    2,
    34,
    3,
    7,
    4,
    0,
    3,
    7,
    4,
    34,
    8,
    9,
    10,
    0,
    8,
    9,
    10,
    34,
    11,
    8,
    12,
    0,
    11,
    8,
    12,
    34,
    13,
    14,
    15,
    0,
    13,
    14,
    15,
    34,
    6,
    1,
    16,
    0,
    6,
    1,
    16,
    34,
    9,
    17,
    10,
    0,
    9,
    17,
    10,
    34,
    18,
    19,
    9,
    0,
    18,
    19,
    9,
    34,
    8,
    20,
    21,
    0,
    8,
    20,
    21,
    34,
    22,
    12,
    8,
    0,
    22,
    12,
    8,
    34,
    5,
    23,
    3,
    0,
    5,
    23,
    3,
    34,
    24,
    25,
    13,
    0,
    24,
    25,
    26,
    34,
    5,
    26,
    27,
    0,
    5,
    27,
    28,
    34,
    5,
    28,
    23,
    0,
    5,
    29,
    23,
    34,
    13,
    15,
    29,
    0,
    13,
    15,
    30,
    34,
    0,
    30,
    13,
    0,
    0,
    31,
    13,
    34,
    5,
    31,
    26,
    0,
    5,
    32,
    27,
    34,
    13,
    32,
    4,
    0,
    26,
    33,
    4,
    34,
    15,
    33,
    16,
    0,
    15,
    34,
    16,
    34,
    14,
    34,
    16,
    0,
    14,
    35,
    16,
    34,
    23,
    35,
    24,
    0,
    23,
    36,
    24,
    34,
    23,
    27,
    25,
    0,
    23,
    28,
    25,
    34,
    0,
    2,
    36,
    0,
    0,
    2,
    37,
    34,
    37,
    30,
    2,
    0,
    38,
    31,
    2,
    34,
    21,
    22,
    8,
    0,
    21,
    22,
    8,
    34,
    21,
    12,
    38,
    0,
    21,
    12,
    39,
    34,
    37,
    2,
    6,
    0,
    38,
    2,
    6,
    34,
    39,
    6,
    16,
    0,
    40,
    6,
    16,
    34,
    40,
    0,
    13,
    0,
    41,
    0,
    13,
    34,
    1,
    0,
    29,
    0,
    1,
    0,
    30,
    34,
    8,
    10,
    20,
    0,
    8,
    10,
    20,
    34,
    41,
    17,
    20,
    0,
    42,
    17,
    20,
    34,
    32,
    31,
    4,
    0,
    33,
    32,
    4,
    34,
    4,
    31,
    5,
    0,
    4,
    32,
    5,
    34,
    27,
    28,
    5,
    0,
    28,
    29,
    5,
    34,
    23,
    28,
    27,
    0,
    23,
    29,
    28,
    34,
    4,
    7,
    13,
    0,
    4,
    7,
    26,
    34,
    42,
    24,
    13,
    0,
    43,
    24,
    26,
    34,
    18,
    11,
    12,
    0,
    18,
    11,
    12,
    34,
    21,
    18,
    12,
    0,
    21,
    18,
    12,
    34,
    15,
    1,
    29,
    0,
    15,
    1,
    30,
    34,
    15,
    16,
    1,
    0,
    15,
    16,
    1,
    34,
    17,
    9,
    19,
    0,
    17,
    9,
    19,
    34,
    17,
    19,
    20,
    0,
    17,
    19,
    20,
    34,
    39,
    16,
    34,
    0,
    40,
    16,
    35,
    34,
    37,
    6,
    39,
    0,
    38,
    6,
    40,
    34,
    18,
    9,
    11,
    0,
    18,
    9,
    11,
    34,
    11,
    9,
    8,
    0,
    11,
    9,
    8,
    34,
    0,
    40,
    29,
    0,
    0,
    41,
    30,
    34,
    13,
    29,
    40,
    0,
    13,
    30,
    41,
    34,
    24,
    42,
    3,
    0,
    24,
    43,
    3,
    34,
    24,
    3,
    23,
    0,
    24,
    3,
    23,
    34,
    14,
    33,
    15,
    0,
    14,
    34,
    15,
    34,
    14,
    16,
    33,
    0,
    14,
    16,
    34,
    34,
    7,
    3,
    42,
    0,
    7,
    3,
    43,
    34,
    7,
    42,
    13,
    0,
    7,
    43,
    26,
    34,
    30,
    0,
    36,
    0,
    31,
    0,
    37,
    34,
    36,
    2,
    30,
    0,
    37,
    2,
    31,
    34,
    25,
    35,
    23,
    0,
    25,
    36,
    23,
    34,
    25,
    24,
    35,
    0,
    25,
    24,
    36,
    34,
    39,
    34,
    37,
    0,
    40,
    35,
    38,
    34,
    21,
    38,
    22,
    0,
    21,
    39,
    22,
    34,
    12,
    22,
    38,
    0,
    12,
    22,
    39,
    34,
    10,
    41,
    20,
    0,
    10,
    42,
    20,
    34,
    41,
    10,
    17,
    0,
    42,
    10,
    17,
    34,
    32,
    26,
    31,
    0,
    33,
    27,
    32
  ]
}