{
  "metadata": {
    "formatVersion": 3.1,
    "sourceFile": "sideskirt.obj",
    "generatedBy": "OBJConverter",
    "vertices": 62,
    "faces": 92,
    "normals": 62,
    "colors": 0,
    "uvs": 0,
    "materials": 1
  },
  "scale": 0.5,
  "materials": [
    {
      "DbgColor": 15658734,
      "DbgIndex": 0,
      "DbgName": "Standard_16",
      "colorAmbient": [
        0.5879999995,
        0.5879999995,
        0.5879999995
      ],
      "colorDiffuse": [
        0.5879999995,
        0.5879999995,
        0.5879999995
      ],
      "colorSpecular": [
        0,
        0,
        0
      ],
      "illumination": 2,
      "opacity": 1,
      "opticalDensity": 1.5,
      "specularCoef": 10,
      "transparent": true
    }
  ],
  "vertices": [
    -443,
    147,
    -116,
    -436,
    117,
    -116,
    -439,
    113,
    414,
    439,
    113,
    414,
    436,
    117,
    -116,
    443,
    147,
    -116,
    -449,
    138,
    509,
    449,
    138,
    509,
    -443,
    127,
    -459,
    -450,
    168,
    -418,
    -454,
    189,
    -506,
    -441,
    109,
    -509,
    443,
    127,
    -459,
    441,
    109,
    -509,
    454,
    189,
    -506,
    450,
    168,
    -418,
    -450,
    190,
    -507,
    -426,
    108,
    -511,
    -438,
    118,
    -360,
    426,
    108,
    -511,
    450,
    190,
    -507,
    438,
    118,
    -360,
    429,
    105,
    515,
    439,
    106,
    513,
    422,
    109,
    -116,
    427,
    107,
    -116,
    432,
    105,
    414,
    -432,
    105,
    414,
    -427,
    107,
    -116,
    -422,
    109,
    -116,
    -439,
    106,
    513,
    -429,
    105,
    515,
    -427,
    108,
    -447,
    -430,
    108,
    -342,
    -437,
    109,
    -446,
    437,
    109,
    -446,
    430,
    108,
    -342,
    427,
    108,
    -447,
    440,
    154,
    -366,
    446,
    152,
    -366,
    439,
    150,
    -116,
    -439,
    150,
    -116,
    -446,
    152,
    -366,
    -440,
    154,
    -366,
    444,
    170,
    -417,
    453,
    189,
    -448,
    454,
    189,
    -441,
    -454,
    189,
    -441,
    -453,
    189,
    -448,
    -444,
    170,
    -417,
    -437,
    105,
    453,
    -427,
    106,
    456,
    427,
    106,
    456,
    437,
    105,
    453,
    444,
    141,
    511,
    -444,
    141,
    511,
    -449,
    190,
    -440,
    449,
    190,
    -440,
    453,
    189,
    -441,
    -453,
    189,
    -441,
    454,
    190,
    -506,
    -454,
    190,
    -506
  ],
  "morphTargets": [],
  "morphColors": [],
  "normals": [
    -0.91731,
    0.39806,
    0.0095802,
    -0.89092,
    -0.45416,
    0.00036604,
    -0.86856,
    -0.49444,
    -0.033705,
    0.86856,
    -0.49444,
    -0.033705,
    0.89092,
    -0.45417,
    0.00036603,
    0.91731,
    0.39806,
    0.0095801,
    -0.84771,
    0.29284,
    0.44231,
    0.84771,
    0.29284,
    0.44231,
    -0.97291,
    -0.22925,
    0.029849,
    -0.88924,
    0.33931,
    0.30679,
    -0.79562,
    0.30587,
    -0.52292,
    -0.57815,
    -0.61138,
    -0.54033,
    0.97291,
    -0.22925,
    0.029849,
    0.57815,
    -0.61138,
    -0.54033,
    0.79562,
    0.30587,
    -0.52292,
    0.88924,
    0.33931,
    0.30679,
    -0.21133,
    0.014294,
    -0.97731,
    -0.11785,
    -0.74617,
    -0.65524,
    -0.86299,
    -0.50469,
    0.023324,
    0.11785,
    -0.74617,
    -0.65524,
    0.21133,
    0.014294,
    -0.97731,
    0.86299,
    -0.50469,
    0.023324,
    0.12549,
    -0.77357,
    0.62117,
    0.53629,
    -0.6278,
    0.56414,
    -0.33203,
    -0.94327,
    -0.0013939,
    0.26081,
    -0.96539,
    -0.0019638,
    0.31983,
    -0.94693,
    -0.032178,
    -0.31983,
    -0.94693,
    -0.032178,
    -0.26081,
    -0.96539,
    -0.0019638,
    0.33203,
    -0.94327,
    -0.0013939,
    -0.53629,
    -0.6278,
    0.56414,
    -0.12549,
    -0.77357,
    0.62117,
    -0.037647,
    -0.99929,
    -0.0028356,
    -0.44218,
    -0.89691,
    0.0061176,
    -0.59786,
    -0.80138,
    0.019032,
    0.59786,
    -0.80138,
    0.019032,
    0.44218,
    -0.89691,
    0.0061176,
    0.037646,
    -0.99929,
    -0.0028356,
    0.37802,
    0.91033,
    0.16851,
    0.88855,
    0.44794,
    0.099186,
    0.4918,
    0.87062,
    0.012748,
    -0.4918,
    0.87062,
    0.012748,
    -0.88855,
    0.44794,
    0.099186,
    -0.37802,
    0.91033,
    0.16851,
    0.3353,
    0.80399,
    0.4911,
    0.39663,
    0.91798,
    -0.00021271,
    0.78607,
    0.56494,
    0.25088,
    -0.78607,
    0.56494,
    0.25088,
    -0.39663,
    0.91798,
    -0.00021271,
    -0.3353,
    0.80399,
    0.4911,
    -0.55199,
    -0.8337,
    -0.015545,
    0.058008,
    -0.9983,
    0.005957,
    -0.058008,
    -0.9983,
    0.005957,
    0.55199,
    -0.8337,
    -0.015545,
    0.5567,
    0.46869,
    0.68587,
    -0.5567,
    0.46869,
    0.68587,
    -0.29879,
    0.70916,
    0.63861,
    0.29879,
    0.70916,
    0.63861,
    0.19658,
    0.97985,
    0.035446,
    -0.19659,
    0.97985,
    0.035446,
    0.45336,
    0.58835,
    -0.66956,
    -0.45336,
    0.58835,
    -0.66956
  ],
  "colors": [],
  "uvs": [
    []
  ],