{
  "metadata": {
    "formatVersion": 3.1,
    "sourceFile": "trunk.obj",
    "generatedBy": "OBJConverter",
    "vertices": 59,
    "faces": 89,
    "normals": 59,
    "colors": 0,
    "uvs": 0,
    "materials": 1
  },
  "scale": 0.5,
  "materials": [
    {
      "DbgColor": 15658734,
      "DbgIndex": 0,
      "DbgName": "Standard_16",
      "colorAmbient": [
        0.5879999995,
        0.5879999995,
        0.5879999995
      ],
      "colorDiffuse": [
        0.5879999995,
        0.5879999995,
        0.5879999995
      ],
      "colorSpecular": [
        0,
        0,
        0
      ],
      "illumination": 2,
      "opacity": 1,
      "opticalDensity": 1.5,
      "specularCoef": 10,
      "transparent": true
    }
  ],
  "vertices": [
    -151,
    575,
    -1019,
    102,
    576,
    -1023,
    203,
    546,
    -1128,
    0,
    470,
    -1214,
    -154,
    468,
    -1203,
    -109,
    523,
    -1196,
    333,
    533,
    -1091,
    334,
    535,
    -1126,
    -161,
    551,
    -1184,
    -333,
    533,
    -1091,
    203,
    535,
    -1182,
    329,
    508,
    -1140,
    173,
    485,
    -1190,
    -174,
    487,
    -1194,
    -203,
    535,
    -1182,
    179,
    393,
    -1186,
    -234,
    461,
    -1181,
    234,
    461,
    -1181,
    -134,
    393,
    -1190,
    112,
    539,
    -1199,
    -334,
    535,
    -1126,
    -302,
    416,
    -1163,
    334,
    530,
    -1123,
    183,
    366,
    -1207,
    302,
    416,
    -1163,
    -279,
    365,
    -1182,
    0,
    348,
    -1215,
    -260,
    350,
    -1186,
    -139,
    349,
    -1212,
    -326,
    557,
    -969,
    -327,
    565,
    -984,
    -102,
    568,
    -1008,
    102,
    568,
    -1008,
    -45,
    365,
    -1219,
    139,
    349,
    -1212,
    260,
    350,
    -1186,
    -334,
    530,
    -1123,
    161,
    551,
    -1184,
    -112,
    539,
    -1199,
    109,
    523,
    -1196,
    154,
    466,
    -1198,
    -154,
    466,
    -1198,
    -152,
    466,
    -1199,
    327,
    565,
    -984,
    -329,
    508,
    -1140,
    -328,
    506,
    -1136,
    279,
    365,
    -1182,
    326,
    557,
    -969,
    -183,
    366,
    -1207,
    328,
    506,
    -1136,
    -303,
    417,
    -1159,
    152,
    471,
    -1198,
    278,
    367,
    -1186,
    -278,
    367,
    -1186,
    -235,
    465,
    -1178,
    -152,
    471,
    -1198,
    303,
    417,
    -1159,
    235,
    465,
    -1178,
    -173,
    485,
    -1190
  ],
  "morphTargets": [],
  "morphColors": [],
  "normals": [
    -0.022461,
    0.99286,
    0.11712,
    0.0086102,
    0.99668,
    0.080966,
    0.082219,
    0.99459,
    -0.063497,
    -0.0062574,
    -0.49962,
    -0.86622,
    -0.34722,
    -0.44461,
    -0.82569,
    -0.081785,
    -0.0078462,
    -0.99662,
    0.1736,
    0.97898,
    -0.10703,
    0.70717,
    0.62921,
    -0.3225,
    -0.13718,
    0.81511,
    -0.56284,
    -0.18708,
    0.97583,
    -0.11298,
    0.28532,
    0.34665,
    -0.89355,
    0.71778,
    -0.25464,
    -0.64803,
    0.206,
    0.085118,
    -0.97484,
    -0.40356,
    -0.28454,
    -0.86958,
    -0.28515,
    0.38144,
    -0.87932,
    0.079195,
    0.33823,
    -0.93772,
    -0.30612,
    0.3239,
    -0.8952,
    0.30154,
    0.33726,
    -0.89181,
    -0.049052,
    0.39178,
    -0.91875,
    0.10886,
    0.3426,
    -0.93315,
    -0.70446,
    0.633,
    -0.32102,
    -0.83712,
    0.21651,
    -0.50234,
    0.99341,
    -0.026807,
    -0.11148,
    0.16582,
    0.22267,
    -0.96069,
    0.84006,
    0.21582,
    -0.49771,
    -0.45446,
    0.29929,
    -0.83899,
    0.044245,
    -0.18581,
    -0.98159,
    -0.2484,
    -0.31805,
    -0.91495,
    -0.077213,
    -0.68369,
    -0.72568,
    -0.3893,
    0.81774,
    0.42396,
    -0.61185,
    0.78077,
    0.12661,
    0.0037063,
    0.86176,
    0.50731,
    -0.016037,
    0.89062,
    0.45446,
    0.0010294,
    0.26893,
    -0.96316,
    0.038026,
    -0.61214,
    -0.78984,
    0.2484,
    -0.31805,
    -0.91495,
    -0.99341,
    -0.026807,
    -0.11148,
    0.12298,
    0.8611,
    -0.49334,
    -0.064784,
    0.31273,
    -0.94763,
    0.19283,
    -0.094685,
    -0.97665,
    0.17352,
    0.13797,
    -0.97512,
    -0.41219,
    -0.81548,
    -0.40632,
    -0.085148,
    -0.47569,
    -0.87548,
    0.61099,
    0.78208,
    0.12264,
    -0.71959,
    -0.25363,
    -0.64643,
    -0.73766,
    -0.60117,
    -0.30733,
    0.4645,
    0.29039,
    -0.83661,
    0.3919,
    0.81554,
    0.42581,
    -0.20019,
    0.27132,
    -0.94144,
    0.73702,
    -0.60127,
    -0.30866,
    -0.92819,
    0.3572,
    -0.10432,
    0.01881,
    -0.83044,
    -0.55679,
    0.71969,
    0.53969,
    -0.43678,
    -0.71969,
    0.53969,
    -0.43678,
    -0.40285,
    0.62184,
    -0.67158,
    -0.1043,
    0.26483,
    -0.95864,
    0.92819,
    0.3572,
    -0.10432,
    0.40285,
    0.62184,
    -0.67158,
    -0.52194,
    -0.77237,
    -0.36197
  ],
  "colors": [],
  "uvs": [
    []
  ],