{
  "metadata": {
    "formatVersion": 3.1,
    "sourceFile": "roof.obj",
    "generatedBy": "OBJConverter",
    "vertices": 103,
    "faces": 154,
    "normals": 103,
    "colors": 0,
    "uvs": 0,
    "materials": 1
  },
  "scale": 0.5,
  "materials": [
    {
      "DbgColor": 15658734,
      "DbgIndex": 0,
      "DbgName": "Standard_16",
      "colorAmbient": [
        0.5879999995,
        0.5879999995,
        0.5879999995
      ],
      "colorDiffuse": [
        0.5879999995,
        0.5879999995,
        0.5879999995
      ],
      "colorSpecular": [
        0,
        0,
        0
      ],
      "illumination": 2,
      "opacity": 1,
      "opticalDensity": 1.5,
      "specularCoef": 10,
      "transparent": true
    }
  ],
  "vertices": [
    99,
    695,
    -484,
    68,
    669,
    -650,
    -99,
    695,
    -484,
    99,
    666,
    -660,
    264,
    687,
    -523,
    268,
    668,
    -606,
    275,
    692,
    -22,
    -34,
    688,
    11,
    35,
    674,
    126,
    -282,
    684,
    31,
    -224,
    670,
    107,
    -108,
    673,
    122,
    -262,
    706,
    -274,
    -194,
    705,
    -229,
    0,
    706,
    -237,
    -232,
    705,
    -221,
    -265,
    704,
    -188,
    224,
    670,
    107,
    286,
    677,
    63,
    282,
    684,
    31,
    265,
    704,
    -188,
    262,
    706,
    -274,
    232,
    705,
    -221,
    261,
    706,
    -321,
    -261,
    706,
    -321,
    -268,
    668,
    -606,
    -264,
    687,
    -523,
    -166,
    672,
    -616,
    -71,
    673,
    125,
    -275,
    692,
    -22,
    -233,
    702,
    -168,
    -238,
    693,
    -41,
    238,
    693,
    -41,
    233,
    702,
    -168,
    197,
    691,
    -25,
    -263,
    700,
    -434,
    264,
    700,
    -434,
    71,
    671,
    125,
    224,
    668,
    107,
    270,
    701,
    -124,
    -270,
    701,
    -124,
    194,
    705,
    -229,
    -197,
    691,
    -25,
    -233,
    693,
    -67,
    -233,
    700,
    -168,
    224,
    704,
    -219,
    233,
    700,
    -168,
    233,
    693,
    -67,
    0,
    673,
    127,
    -224,
    668,
    107,
    -71,
    671,
    125,
    -224,
    704,
    -219,
    227,
    691,
    -37,
    -233,
    693,
    -53,
    -227,
    691,
    -37,
    35,
    667,
    -662,
    -99,
    666,
    -660,
    -68,
    669,
    -650,
    258,
    702,
    -392,
    203,
    661,
    -651,
    -203,
    661,
    -651,
    -231,
    691,
    -45,
    -286,
    677,
    63,
    -169,
    690,
    -28,
    -214,
    690,
    -32,
    169,
    690,
    -28,
    -229,
    703,
    -210,
    229,
    703,
    -210,
    108,
    673,
    122,
    -258,
    702,
    -392,
    194,
    703,
    -224,
    223,
    703,
    -218,
    -270,
    656,
    -642,
    -68,
    665,
    -663,
    -203,
    659,
    -652,
    270,
    656,
    -642,
    203,
    659,
    -652,
    99,
    664,
    -661,
    263,
    706,
    -345,
    231,
    691,
    -45,
    233,
    693,
    -53,
    285,
    668,
    95,
    -285,
    668,
    95,
    -194,
    703,
    -224,
    -33,
    704,
    -225,
    -223,
    703,
    -218,
    273,
    653,
    -649,
    271,
    668,
    -606,
    -271,
    668,
    -606,
    -273,
    653,
    -649,
    -265,
    695,
    -477,
    265,
    695,
    -477,
    264,
    707,
    -253,
    214,
    690,
    -32,
    -278,
    690,
    -3,
    278,
    690,
    -3,
    -264,
    707,
    -253,
    -263,
    706,
    -345,
    -270,
    654,
    -643,
    270,
    654,
    -643,
    -291,
    666,
    95,
    291,
    666,
    95,
    -264,
    700,
    -434
  ],
  "morphTargets": [],
  "morphColors": [],
  "normals": [
    0.0029167,
    0.99138,
    -0.13099,
    0.019252,
    0.97888,
    -0.20354,
    -0.0033715,
    0.9919,
    -0.12701,
    0.062508,
    0.83858,
    -0.54118,
    0.1653,
    0.96867,
    -0.18534,
    -0.14521,
    0.95428,
    -0.26126,
    -0.087674,
    0.99026,
    0.10813,
    -0.0009957,
    0.99472,
    0.10264,
    0.018634,
    0.5522,
    0.8335,
    -0.013214,
    0.98636,
    0.16407,
    -0.13998,
    0.58669,
    0.79762,
    -0.099644,
    0.39538,
    0.9131,
    0.1187,
    0.99292,
    -0.0038916,
    0.016456,
    0.98238,
    0.18616,
    2e-10,
    0.99868,
    0.051279,
    0.046066,
    0.99622,
    0.07369,
    0.0079965,
    0.99873,
    0.04973,
    0.13602,
    0.58516,
    0.79943,
    0.075116,
    0.96785,
    0.24006,
    0.013888,
    0.98631,
    0.16429,
    -0.0079964,
    0.99873,
    0.04973,
    -0.1187,
    0.99292,
    -0.0038916,
    -0.046066,
    0.99622,
    0.07369,
    -0.10414,
    0.99435,
    -0.020751,
    0.10414,
    0.99435,
    -0.020751,
    0.14428,
    0.95427,
    -0.26181,
    -0.16552,
    0.9687,
    -0.18499,
    -0.055156,
    0.97445,
    -0.21772,
    -0.037308,
    0.64607,
    0.76237,
    0.087802,
    0.99024,
    0.10827,
    0.56222,
    0.82283,
    0.082885,
    0.095458,
    0.99369,
    0.058867,
    -0.095458,
    0.99369,
    0.058867,
    -0.56222,
    0.82283,
    0.082885,
    -0.020185,
    0.99721,
    -0.071929,
    0.37742,
    0.92189,
    -0.087642,
    -0.0028414,
    0.99647,
    -0.083861,
    0.056778,
    0.2068,
    0.97673,
    0.15187,
    -0.068841,
    0.986,
    -0.10369,
    0.99284,
    0.059363,
    0.10369,
    0.99284,
    0.059363,
    -0.016332,
    0.9824,
    0.18608,
    0.020277,
    0.99762,
    -0.065976,
    0.99421,
    -0.10705,
    -0.0094835,
    0.92451,
    0.37422,
    0.072345,
    -0.2318,
    0.87788,
    0.41905,
    -0.92451,
    0.37422,
    0.072345,
    -0.99421,
    -0.10704,
    -0.0094835,
    -0.0098275,
    0.77289,
    0.63446,
    -0.15774,
    -0.072774,
    0.9848,
    -0.049864,
    -0.037469,
    0.99805,
    0.2318,
    0.87788,
    0.41905,
    -0.37136,
    0.48727,
    -0.79035,
    0.46811,
    0.8826,
    0.043519,
    0.37136,
    0.48727,
    -0.79035,
    -0.00032114,
    0.57346,
    -0.81924,
    -0.082941,
    0.60119,
    -0.79479,
    -0.0082396,
    0.96944,
    -0.24521,
    -0.042851,
    0.99759,
    -0.05456,
    0.10862,
    0.80129,
    -0.58833,
    -0.10526,
    0.80165,
    -0.58846,
    0.30957,
    0.94965,
    0.048224,
    -0.075116,
    0.96785,
    0.24006,
    0.0016711,
    0.93918,
    -0.34342,
    0.26196,
    0.7071,
    -0.6568,
    -0.0016711,
    0.93918,
    -0.34342,
    0.40372,
    0.90767,
    0.11463,
    -0.40372,
    0.90767,
    0.11463,
    0.10359,
    0.35289,
    0.92991,
    0.018356,
    0.99798,
    -0.060896,
    -0.032415,
    0.93486,
    0.35353,
    -0.48208,
    0.61501,
    0.62399,
    -0.05898,
    0.85292,
    -0.51869,
    -0.017101,
    0.90808,
    -0.41844,
    -0.12065,
    0.53051,
    -0.83905,
    0.05898,
    0.85292,
    -0.51869,
    0.12602,
    0.52997,
    -0.8386,
    0.067462,
    0.59483,
    -0.80101,
    -0.35394,
    0.93487,
    -0.027341,
    -0.30957,
    0.94965,
    0.048224,
    -0.46811,
    0.8826,
    0.043519,
    0.17907,
    0.79457,
    0.58017,
    -0.17907,
    0.79457,
    0.58017,
    0.032695,
    0.9349,
    0.35341,
    -0.00064523,
    0.91599,
    0.4012,
    0.48208,
    0.61501,
    0.62399,
    -0.16535,
    0.86859,
    -0.46712,
    -0.34129,
    0.90129,
    -0.26681,
    0.34129,
    0.90129,
    -0.26681,
    0.16535,
    0.86859,
    -0.46712,
    -0.0047751,
    0.98964,
    -0.14352,
    0.0094629,
    0.98861,
    -0.15022,
    -0.59782,
    0.80053,
    0.042026,
    -0.26196,
    0.7071,
    -0.6568,
    0.68359,
    0.70896,
    0.17342,
    -0.68359,
    0.70896,
    0.17342,
    0.59782,
    0.80053,
    0.042026,
    0.35395,
    0.93486,
    -0.027572,
    0.41144,
    0.47398,
    -0.7785,
    -0.41144,
    0.47398,
    -0.7785,
    -0.23549,
    0.89799,
    0.3717,
    0.23549,
    0.89799,
    0.3717,
    0.70256,
    0.70769,
    -0.074713
  ],
  "colors": [],
  "uvs": [
    []
  ],