{
  "metadata": {
    "formatVersion": 3.1,
    "sourceFile": "hood.obj",
    "generatedBy": "OBJConverter",
    "vertices": 45,
    "faces": 75,
    "normals": 45,
    "colors": 0,
    "uvs": 0,
    "materials": 1
  },
  "scale": 0.5,
  "materials": [
    {
      "DbgColor": 15658734,
      "DbgIndex": 0,
      "DbgName": "Material__92",
      "colorAmbient": [
        0.987,
        0.987,
        0.987
      ],
      "colorDiffuse": [
        0.987,
        0.987,
        0.987
      ],
      "colorSpecular": [
        0.936,
        0.936,
        0.936
      ],
      "illumination": 2,
      "opacity": 1,
      "opticalDensity": 1.5,
      "specularCoef": 20,
      "transparent": true
    }
  ],
  "vertices": [
    145,
    468,
    704,
    0,
    496,
    519,
    0,
    447,
    864,
    122,
    431,
    885,
    -173,
    381,
    1011,
    -122,
    431,
    885,
    -308,
    487,
    472,
    352,
    488,
    437,
    94,
    384,
    1025,
    289,
    412,
    891,
    -354,
    387,
    835,
    -315,
    437,
    773,
    -366,
    484,
    442,
    -145,
    468,
    704,
    -158,
    493,
    509,
    168,
    467,
    516,
    -168,
    467,
    516,
    0,
    421,
    963,
    0,
    388,
    1042,
    308,
    487,
    472,
    158,
    493,
    509,
    243,
    371,
    998,
    303,
    349,
    981,
    -289,
    412,
    891,
    -352,
    488,
    437,
    -303,
    349,
    981,
    0,
    378,
    1034,
    245,
    359,
    991,
    366,
    484,
    442,
    315,
    437,
    773,
    354,
    387,
    835,
    -322,
    351,
    952,
    -245,
    359,
    991,
    -322,
    351,
    932,
    382,
    434,
    523,
    -367,
    468,
    443,
    -382,
    434,
    523,
    322,
    351,
    932,
    322,
    351,
    952,
    -236,
    345,
    1016,
    -243,
    371,
    998,
    236,
    345,
    1016,
    367,
    468,
    443,
    380,
    402,
    721,
    -380,
    402,
    721
  ],
  "morphTargets": [],
  "morphColors": [],
  "normals": [
    0.11006,
    0.97721,
    0.18153,
    0.000023029,
    0.78779,
    -0.61594,
    -0.00026236,
    0.9767,
    0.21461,
    0.3365,
    0.88815,
    0.31298,
    -0.18916,
    0.39865,
    0.89739,
    -0.17449,
    0.94878,
    0.26337,
    0.12151,
    0.89003,
    -0.43941,
    -0.25191,
    0.52939,
    -0.81011,
    0.19434,
    0.33426,
    0.92223,
    0.29788,
    0.90118,
    0.31485,
    -0.92778,
    0.2481,
    0.2787,
    -0.08078,
    0.97965,
    0.18375,
    -0.66718,
    0.5625,
    -0.48833,
    -0.11008,
    0.97721,
    0.18148,
    0.072834,
    0.67014,
    -0.73865,
    -0.17204,
    -0.26997,
    -0.94738,
    0.17194,
    -0.27003,
    -0.94738,
    -0.015639,
    0.94221,
    0.33465,
    -0.01223,
    0.27215,
    0.96218,
    -0.11348,
    0.89413,
    -0.43318,
    -0.072968,
    0.67007,
    -0.7387,
    0.10543,
    0.54489,
    0.83185,
    0.5956,
    -0.41244,
    0.68932,
    -0.26408,
    0.9145,
    0.3065,
    0.25053,
    0.52916,
    -0.81069,
    -0.5956,
    -0.41244,
    0.68932,
    -0.0025958,
    -0.58371,
    0.81196,
    -0.55408,
    -0.82157,
    -0.13425,
    0.66718,
    0.5625,
    -0.48833,
    0.08078,
    0.97965,
    0.18375,
    0.92778,
    0.2481,
    0.2787,
    -0.83477,
    -0.32358,
    0.44549,
    0.56163,
    -0.81701,
    -0.13065,
    -0.6151,
    -0.78845,
    -0.00060709,
    0.85178,
    0.5058,
    0.13651,
    -0.64474,
    -0.20144,
    -0.73739,
    -0.85178,
    0.5058,
    0.13651,
    0.6151,
    -0.78845,
    -0.0006071,
    0.83477,
    -0.32358,
    0.44549,
    0.54398,
    -0.48844,
    0.68228,
    -0.11538,
    0.52689,
    0.84207,
    -0.54398,
    -0.48844,
    0.68228,
    0.64474,
    -0.20144,
    -0.73739,
    0.16781,
    0.97198,
    0.16461,
    -0.16781,
    0.97198,
    0.16461
  ],
  "colors": [],
  "uvs": [
    []
  ],
  "faces": [
    34,
    0,
    1,
    2,
    0,
    0,
    1,
    2,
    34,
    2,
    3,
    0,
    0,
    2,
    3,
    0,
    34,
    4,
    5,
    6,
    0,
    4,
    5,
    6,
    34,
    7,
    8,
    9,
    0,
    7,
    8,
    9,
    34,
    10,
    11,
    12,
    0,
    10,
    11,
    12,
    34,
    6,
    13,
    14,
    0,
    6,
    13,
    14,
    34,
    15,
    16,
    1,
    0,
    15,
    16,
    1,
    34,
    17,
    18,
    8,
    0,
    17,
    18,
    8,
    34,
    4,
    18,
    5,
    0,
    4,
    18,
    5,
    34,
    0,
    3,
    19,
    0,
    0,
    3,
    19,
    34,
    1,
    20,
    15,
    0,
    1,
    20,
    15,
    34,
    21,
    22,
    9,
    0,
    21,
    22,
    9,
    34,
    23,
    4,
    24,
    0,
    23,
    4,
    24,
    34,
    10,
    25,
    23,
    0,
    10,
    25,
    23,
    34,
    8,
    26,
    27,
    0,
    8,
    26,
    27,
    34,
    21,
    9,
    8,
    0,
    21,
    9,
    8,
    34,
    6,
    14,
    16,
    0,
    6,
    14,
    16,
    34,
    28,
    29,
    30,
    0,
    28,
    29,
    30,
    34,
    9,
    22,
    30,
    0,
    9,
    22,
    30,
    34,
    10,
    31,
    25,
    0,
    10,
    31,
    25,
    34,
    32,
    26,
    4,
    0,
    32,
    26,
    4,
    34,
    33,
    32,
    25,
    0,
    33,
    32,
    25,
    34,
    30,
    34,
    28,
    0,
    30,
    34,
    28,
    34,
    15,
    20,
    19,
    0,
    15,
    20,
    19,
    34,
    16,
    35,
    6,
    0,
    16,
    35,
    6,
    34,
    12,
    36,
    10,
    0,
    12,
    36,
    10,
    34,
    17,
    5,
    18,
    0,
    17,
    5,
    18,
    34,
    1,
    13,
    2,
    0,
    1,
    13,
    2,
    34,
    22,
    27,
    37,
    0,
    22,
    27,
    37,
    34,
    22,
    38,
    30,
    0,
    22,
    38,
    30,
    34,
    25,
    39,
    40,
    0,
    25,
    39,
    40,
    34,
    23,
    25,
    40,
    0,
    23,
    25,
    40,
    34,
    18,
    4,
    26,
    0,
    18,
    4,
    26,
    34,
    26,
    8,
    18,
    0,
    26,
    8,
    18,
    34,
    21,
    41,
    22,
    0,
    21,
    41,
    22,
    34,
    27,
    22,
    41,
    0,
    27,
    22,
    41,
    34,
    39,
    25,
    32,
    0,
    39,
    25,
    32,
    34,
    40,
    39,
    32,
    0,
    40,
    39,
    32,
    34,
    19,
    42,
    15,
    0,
    19,
    42,
    15,
    34,
    19,
    3,
    8,
    0,
    19,
    3,
    8,
    34,
    8,
    3,
    17,
    0,
    8,
    3,
    17,
    34,
    1,
    14,
    13,
    0,
    1,
    14,
    13,
    34,
    14,
    1,
    16,
    0,
    14,
    1,
    16,
    34,
    27,
    41,
    21,
    0,
    27,
    41,
    21,
    34,
    27,
    21,
    8,
    0,
    27,
    21,
    8,
    34,
    43,
    34,
    30,
    0,
    43,
    34,
    30,
    34,
    30,
    37,
    43,
    0,
    30,
    37,
    43,
    34,
    44,
    33,
    10,
    0,
    44,
    33,
    10,
    34,
    10,
    36,
    44,
    0,
    10,
    36,
    44,
    34,
    6,
    5,
    13,
    0,
    6,
    5,
    13,
    34,
    2,
    13,
    5,
    0,
    2,
    13,
    5,
    34,
    42,
    7,
    28,
    0,
    42,
    7,
    28,
    34,
    7,
    29,
    28,
    0,
    7,
    29,
    28,
    34,
    12,
    24,
    35,
    0,
    12,
    24,
    35,
    34,
    12,
    11,
    24,
    0,
    12,
    11,
    24,
    34,
    36,
    12,
    35,
    0,
    36,
    12,
    35,
    34,
    42,
    28,
    34,
    0,
    42,
    28,
    34,
    34,
    24,
    11,
    23,
    0,
    24,
    11,
    23,
    34,
    23,
    11,
    10,
    0,
    23,
    11,
    10,
    34,
    30,
    29,
    9,
    0,
    30,
    29,
    9,
    34,
    9,
    29,
    7,
    0,
    9,
    29,
    7,
    34,
    37,
    38,
    22,
    0,
    37,
    38,
    22,
    34,
    37,
    30,
    38,
    0,
    37,
    30,
    38,
    34,
    25,
    31,
    33,
    0,
    25,
    31,
    33,
    34,
    31,
    10,
    33,
    0,
    31,
    10,
    33,
    34,
    20,
    1,
    0,
    0,
    20,
    1,
    0,
    34,
    20,
    0,
    19,
    0,
    20,
    0,
    19,
