{
  "metadata": {
    "formatVersion": 3.1,
    "sourceFile": "reflector.obj",
    "generatedBy": "OBJConverter",
    "vertices": 31,
    "faces": 34,
    "normals": 31,
    "colors": 0,
    "uvs": 0,
    "materials": 1
  },
  "scale": 0.5,
  "materials": [
    {
      "DbgColor": 15658734,
      "DbgIndex": 0,
      "DbgName": "Material__92",
      "colorAmbient": [
        0.4431372881,
        0,
        0
      ],
      "colorDiffuse": [
        0.4431372881,
        0,
        0
      ],
      "colorSpecular": [
        0.5399999619,
        0.5399999619,
        0.5399999619
      ],
      "illumination": 2,
      "opacity": 1,
      "opticalDensity": 1.5,
      "specularCoef": 21,
      "transparent": true
    }
  ],
  "vertices": [
    412,
    542,
    269,
    394,
    501,
    308,
    479,
    506,
    250,
    -479,
    506,
    250,
    -394,
    501,
    308,
    -412,
    542,
    269,
    -468,
    535,
    240,
    468,
    535,
    240,
    -480,
    492,
    217,
    480,
    492,
    217,
    -395,
    502,
    260,
    395,
    502,
    260,
    478,
    490,
    217,
    396,
    478,
    256,
    412,
    542,
    248,
    -412,
    542,
    248,
    -396,
    478,
    256,
    -478,
    490,
    217,
    -474,
    490,
    242,
    -450,
    489,
    270,
    474,
    490,
    242,
    450,
    489,
    270,
    394,
    486,
    301,
    -394,
    486,
    301,
    412,
    542,
    251,
    476,
    534,
    218,
    -475,
    533,
    221,
    -412,
    542,
    251,
    -476,
    532,
    218,
    476,
    532,
    218,
    475,
    533,
    221
  ],
  "morphTargets": [],
  "morphColors": [],
  "normals": [
    -0.27387,
    0.85603,
    0.43841,
    -0.43238,
    0.1815,
    0.88323,
    0.88009,
    0.071297,
    0.46943,
    -0.88009,
    0.071297,
    0.46943,
    0.43238,
    0.1815,
    0.88323,
    0.27091,
    0.85882,
    0.43478,
    -0.56748,
    0.76379,
    0.30755,
    0.58391,
    0.73276,
    0.34945,
    -0.9947,
    0.041733,
    0.093938,
    0.99473,
    0.041225,
    0.093826,
    0.93949,
    0.34258,
    0.00058502,
    -0.93949,
    0.34258,
    0.00058503,
    -0.42137,
    -0.0029993,
    -0.90688,
    -0.42349,
    -0.0063059,
    -0.90588,
    -0.4224,
    -0.0045953,
    -0.9064,
    0.4224,
    -0.0045953,
    -0.9064,
    0.42349,
    -0.0063059,
    -0.90588,
    0.42137,
    -0.0029993,
    -0.90688,
    -0.80394,
    -0.49386,
    0.33134,
    -0.44536,
    -0.6942,
    0.56545,
    0.80394,
    -0.49386,
    0.33134,
    0.44536,
    -0.6942,
    0.56545,
    -0.45582,
    -0.41807,
    0.78578,
    0.45582,
    -0.41807,
    0.78578,
    -0.3973,
    0.91767,
    -0.0059914,
    0.5349,
    0.13489,
    -0.83408,
    -0.85786,
    0.45125,
    0.24587,
    0.37996,
    0.925,
    0.00066634,
    0.41962,
    -0.00027336,
    -0.9077,
    -0.41962,
    -0.00027336,
    -0.9077,
    -0.69364,
    -0.54885,
    -0.46651
  ],
  "colors": [],
  "uvs": [
    []
  ],
  "faces": [
    34,
    0,
    1,
    2,
    0,
    0,
    1,
    2,
    34,
    3,
    4,
    5,
    0,
    3,
    4,
    5,
    34,
    5,
    6,
    3,
    0,
    5,
    6,
    3,
    34,
    2,
    7,
    0,
    0,
    2,
    7,
    0,
    34,
    8,
    3,
    6,
    0,
    8,
    3,
    6,
    34,
    7,
    2,
    9,
    0,
    7,
    2,
    9,
    34,
    5,
    4,
    10,
    0,
    5,
    4,
    10,
    34,
    11,
    1,
    0,
    0,
    11,
    1,
    0,
    34,
    12,
    13,
    14,
    0,
    12,
    13,
    14,
    34,
    15,
    16,
    17,
    0,
    15,
    16,
    17,
    34,
    8,
    18,
    3,
    0,
    8,
    18,
    3,
    34,
    4,
    3,
    19,
    0,
    4,
    3,
    19,
    34,
    2,
    20,
    9,
    0,
    2,
    20,
    9,
    34,
    21,
    2,
    1,
    0,
    21,
    2,
    1,
    34,
    21,
    1,
    22,
    0,
    21,
    1,
    22,
    34,
    11,
    22,
    1,
    0,
    11,
    22,
    1,
    34,
    4,
    23,
    10,
    0,
    4,
    23,
    10,
    34,
    23,
    4,
    19,
    0,
    23,
    4,
    19,
    34,
    0,
    24,
    11,
    0,
    0,
    24,
    11,
    34,
    24,
    0,
    25,
    0,
    24,
    0,
    25,
    34,
    26,
    5,
    27,
    0,
    26,
    5,
    27,
    34,
    10,
    27,
    5,
    0,
    10,
    27,
    5,
    34,
    9,
    25,
    7,
    0,
    9,
    25,
    7,
    34,
    25,
    0,
    7,
    0,
    25,
    0,
    7,
    34,
    6,
    26,
    8,
    0,
    6,
    26,
    8,
    34,
    6,
    5,
    26,
    0,
    6,
    5,
    26,
    34,
    17,
    28,
    15,
    0,
    17,
    28,
    15,
    34,
    14,
    29,
    12,
    0,
    14,
    29,
    12,
    34,
    19,
    18,
    23,
    0,
    19,
    18,
    23,
    34,
    18,
    19,
    3,
    0,
    18,
    19,
    3,
    34,
    2,
    21,
    20,
    0,
    2,
    21,
    20,
    34,
    22,
    20,
    21,
    0,
    22,
    20,
    21,
    34,
    25,
    9,
    30,
    0,
    25,
    9,
    30,
    34,
    25,
    30,
    24,
    0,
    25,
    30,
    24
  ]
}