{
  "metadata": {
    "formatVersion": 3.1,
    "sourceFile": "roof.obj",
    "generatedBy": "OBJConverter",
    "vertices": 61,
    "faces": 96,
    "normals": 61,
    "colors": 0,
    "uvs": 0,
    "materials": 1
  },
  "scale": 0.5,
  "materials": [
    {
      "DbgColor": 15658734,
      "DbgIndex": 0,
      "DbgName": "Material__92",
      "colorAmbient": [
        0.4431372881,
        0,
        0
      ],
      "colorDiffuse": [
        0.4431372881,
        0,
        0
      ],
      "colorSpecular": [
        0.5399999619,
        0.5399999619,
        0.5399999619
      ],
      "illumination": 2,
      "opacity": 1,
      "opticalDensity": 1.5,
      "specularCoef": 21,
      "transparent": true
    }
  ],
  "vertices": [
    -46,
    683,
    -574,
    -183,
    682,
    -536,
    -184,
    694,
    -388,
    184,
    694,
    -388,
    -204,
    697,
    -199,
    -267,
    688,
    -332,
    -268,
    690,
    -169,
    -47,
    661,
    109,
    -47,
    689,
    5,
    -199,
    685,
    -8,
    288,
    653,
    90,
    210,
    696,
    -182,
    209,
    688,
    -40,
    278,
    674,
    10,
    -272,
    683,
    -56,
    -209,
    688,
    -40,
    -210,
    696,
    -182,
    266,
    690,
    -247,
    270,
    667,
    -572,
    268,
    690,
    -169,
    -278,
    674,
    10,
    0,
    655,
    -696,
    183,
    643,
    -668,
    -92,
    645,
    -680,
    -269,
    671,
    -493,
    -268,
    681,
    -136,
    -183,
    651,
    -680,
    -2,
    713,
    -638,
    -4,
    688,
    -626,
    -3,
    697,
    -592,
    3,
    697,
    -592,
    4,
    688,
    -626,
    3,
    713,
    -638,
    183,
    651,
    -680,
    269,
    671,
    -493,
    -270,
    667,
    -572,
    -273,
    647,
    -653,
    0,
    655,
    106,
    291,
    646,
    88,
    -288,
    653,
    90,
    199,
    685,
    -8,
    278,
    667,
    8,
    268,
    681,
    -136,
    196,
    698,
    -204,
    -176,
    694,
    -208,
    204,
    692,
    -199,
    181,
    680,
    -1,
    -181,
    680,
    -1,
    6,
    683,
    -569,
    273,
    647,
    -653,
    -278,
    667,
    8,
    -204,
    681,
    -16,
    -204,
    692,
    -199,
    -176,
    699,
    -208,
    -291,
    646,
    88,
    -272,
    639,
    -641,
    272,
    639,
    -641,
    204,
    681,
    -16,
    -14,
    671,
    -627,
    -6,
    683,
    -569,
    14,
    671,
    -627
  ],
  "morphTargets": [],
  "morphColors": [],
  "normals": [
    -0.0060148,
    0.9877,
    -0.15622,
    -0.079081,
    0.98789,
    -0.13346,
    -0.064997,
    0.99625,
    -0.057039,
    0.07682,
    0.99502,
    -0.063475,
    0.31313,
    0.85235,
    0.41887,
    -0.69225,
    0.72115,
    -0.027056,
    -0.74312,
    0.66901,
    0.014016,
    -0.031695,
    0.33766,
    0.94073,
    -0.0030093,
    0.95936,
    -0.28217,
    0.20443,
    0.96304,
    -0.17538,
    0.50777,
    0.47772,
    0.71691,
    -0.29965,
    0.95169,
    0.067002,
    -0.35649,
    0.93284,
    0.052142,
    0.68938,
    0.72175,
    0.061903,
    -0.68948,
    0.72401,
    0.02086,
    0.37644,
    0.92433,
    0.062577,
    0.30735,
    0.95017,
    0.052014,
    0.68786,
    0.72565,
    -0.016574,
    0.70618,
    0.70111,
    -0.098767,
    0.75513,
    0.65525,
    0.020523,
    -0.69633,
    0.71362,
    0.076644,
    0.036231,
    0.14294,
    -0.98907,
    0.085521,
    -0.82939,
    -0.55209,
    -0.046054,
    -0.732,
    -0.67975,
    -0.99545,
    -0.092386,
    0.023421,
    -0.98408,
    -0.17102,
    -0.048396,
    -0.22676,
    0.066594,
    -0.97167,
    -0.49124,
    0.57462,
    -0.65459,
    -0.70362,
    0.10162,
    -0.70327,
    -0.46479,
    0.84371,
    0.26857,
    -0.01639,
    0.83614,
    0.54827,
    0.70352,
    0.094064,
    -0.70442,
    0.57095,
    0.54865,
    -0.61074,
    0.16893,
    0.19319,
    -0.96651,
    0.96868,
    -0.24652,
    0.029745,
    -0.71836,
    0.68792,
    -0.10353,
    -0.65657,
    0.13814,
    -0.74151,
    0.063837,
    0.13562,
    0.9887,
    0.80369,
    0.15838,
    0.57359,
    -0.52489,
    0.4806,
    0.70251,
    -0.21147,
    0.96349,
    -0.16423,
    0.99073,
    0.098651,
    -0.093369,
    0.95602,
    -0.28348,
    -0.07529,
    -0.034026,
    0.93504,
    0.3529,
    0.1517,
    0.023234,
    0.98815,
    -0.76706,
    -0.1582,
    0.62177,
    -0.10157,
    -0.62166,
    -0.77668,
    0.13362,
    -0.55031,
    -0.8242,
    0.40116,
    0.83187,
    0.38348,
    0.67053,
    0.14699,
    -0.72717,
    -0.99101,
    0.1066,
    -0.080853,
    0.90874,
    -0.12905,
    -0.39691,
    0.72165,
    0.13847,
    0.67827,
    0.062768,
    0.76834,
    0.63696,
    -0.81147,
    0.17217,
    0.55846,
    -0.85844,
    -0.43708,
    -0.26841,
    0.87296,
    -0.41706,
    -0.25298,
    -0.90874,
    -0.12905,
    -0.39691,
    -0.64648,
    0.44604,
    -0.61896,
    -0.40486,
    0.82238,
    0.39973,
    0.64648,
    0.44604,
    -0.61895
  ],
  "colors": [],
  "uvs": [
    []
  ],