{
  "metadata": {
    "formatVersion": 3.1,
    "sourceFile": "trunk.obj",
    "generatedBy": "OBJConverter",
    "vertices": 66,
    "faces": 102,
    "normals": 66,
    "colors": 0,
    "uvs": 0,
    "materials": 1
  },
  "scale": 0.5,
  "materials": [
    {
      "DbgColor": 15658734,
      "DbgIndex": 0,
      "DbgName": "Material__92",
      "colorAmbient": [
        0.4431372881,
        0,
        0
      ],
      "colorDiffuse": [
        0.4431372881,
        0,
        0
      ],
      "colorSpecular": [
        0.5399999619,
        0.5399999619,
        0.5399999619
      ],
      "illumination": 2,
      "opacity": 1,
      "opticalDensity": 1.5,
      "specularCoef": 21,
      "transparent": true
    }
  ],
  "vertices": [
    0,
    428,
    -1167,
    -201,
    432,
    -1154,
    -130,
    432,
    -1195,
    -198,
    432,
    -1166,
    21,
    326,
    -1193,
    -155,
    330,
    -1189,
    121,
    522,
    -1152,
    298,
    536,
    -967,
    278,
    524,
    -1062,
    198,
    432,
    -1166,
    318,
    350,
    -1147,
    163,
    331,
    -1197,
    206,
    432,
    -1174,
    -206,
    432,
    -1174,
    -163,
    331,
    -1197,
    -318,
    350,
    -1147,
    -278,
    524,
    -1062,
    -298,
    536,
    -967,
    -121,
    522,
    -1152,
    322,
    500,
    -1100,
    322,
    493,
    -1090,
    320,
    436,
    -1111,
    242,
    434,
    -1162,
    148,
    484,
    -1174,
    -148,
    484,
    -1174,
    -242,
    434,
    -1162,
    -320,
    436,
    -1111,
    -322,
    493,
    -1090,
    -322,
    500,
    -1100,
    0,
    472,
    -1205,
    130,
    432,
    -1195,
    328,
    511,
    -1011,
    277,
    522,
    -950,
    284,
    537,
    -952,
    0,
    542,
    -999,
    -277,
    522,
    -950,
    0,
    526,
    -998,
    -284,
    537,
    -952,
    -328,
    511,
    -1011,
    319,
    436,
    -1129,
    -319,
    436,
    -1129,
    -234,
    508,
    -1124,
    -121,
    501,
    -1164,
    234,
    508,
    -1124,
    321,
    501,
    -1010,
    -321,
    501,
    -1010,
    320,
    437,
    -1129,
    201,
    432,
    -1154,
    121,
    501,
    -1164,
    0,
    430,
    -1215,
    153,
    330,
    -1178,
    -320,
    437,
    -1129,
    -153,
    330,
    -1178,
    -204,
    432,
    -1161,
    0,
    496,
    -1191,
    204,
    432,
    -1161,
    155,
    330,
    -1189,
    -318,
    350,
    -1136,
    318,
    350,
    -1136,
    250,
    518,
    -1104,
    -250,
    518,
    -1104,
    -320,
    436,
    -1117,
    320,
    436,
    -1117,
    0,
    522,
    -1179,
    251,
    518,
    -1109,
    -251,
    518,
    -1109
  ],
  "morphTargets": [],
  "morphColors": [],
  "normals": [
    -0.00017568,
    -0.99847,
    -0.055351,
    -0.041553,
    -0.99654,
    -0.071995,
    -0.18544,
    -0.55938,
    -0.8079,
    0.18889,
    0.87687,
    -0.44207,
    -0.011282,
    -0.74658,
    -0.6652,
    0.15477,
    -0.71236,
    -0.68454,
    0.036443,
    0.99282,
    -0.11394,
    0.68993,
    0.612,
    0.38659,
    0.2201,
    0.95227,
    -0.2115,
    -0.18849,
    0.87703,
    -0.44191,
    0.68648,
    -0.50699,
    -0.52125,
    -0.2422,
    -0.50137,
    -0.83064,
    -0.071907,
    0.68744,
    -0.72267,
    0.071907,
    0.68744,
    -0.72267,
    0.2422,
    -0.50137,
    -0.83064,
    -0.68648,
    -0.50699,
    -0.52125,
    -0.2201,
    0.95227,
    -0.2115,
    -0.68993,
    0.612,
    0.38659,
    -0.036538,
    0.99281,
    -0.11397,
    0.72674,
    0.53724,
    -0.42804,
    0.99705,
    -0.064319,
    -0.041786,
    0.84537,
    -0.53064,
    -0.061376,
    0.32139,
    -0.51638,
    -0.79376,
    0.21835,
    0.50239,
    -0.83661,
    -0.2179,
    0.50479,
    -0.83528,
    -0.32139,
    -0.51638,
    -0.79376,
    -0.84537,
    -0.53064,
    -0.061376,
    -0.99705,
    -0.064319,
    -0.041786,
    -0.72674,
    0.53724,
    -0.42804,
    0.000918,
    0.37799,
    -0.92581,
    0.17597,
    -0.55393,
    -0.81376,
    0.95455,
    0.22689,
    0.19325,
    0.25695,
    -0.012389,
    0.96635,
    0.39604,
    0.59959,
    0.69544,
    -0.0024863,
    0.80493,
    0.59336,
    -0.25265,
    -0.0073768,
    0.96753,
    -0.0037237,
    0.060229,
    0.99818,
    -0.39384,
    0.59958,
    0.6967,
    -0.95455,
    0.22689,
    0.19325,
    0.65759,
    0.638,
    -0.40067,
    -0.65759,
    0.638,
    -0.40067,
    -0.22891,
    0.73363,
    -0.63983,
    -0.13943,
    0.65189,
    -0.74539,
    0.22891,
    0.73363,
    -0.63983,
    0.78294,
    -0.48081,
    0.39474,
    -0.78294,
    -0.48081,
    0.39474,
    0.67073,
    -0.46153,
    -0.58062,
    0.041542,
    -0.99654,
    -0.071975,
    0.15331,
    0.675,
    -0.72171,
    0.010306,
    -0.56117,
    -0.82764,
    0.0681,
    -0.99744,
    0.021824,
    -0.67073,
    -0.46153,
    -0.58062,
    -0.053903,
    -0.99849,
    0.010506,
    0.0099739,
    0.99872,
    -0.049604,
    -0.014607,
    0.5228,
    -0.85233,
    -0.0099739,
    0.99872,
    -0.049604,
    -0.1403,
    -0.71184,
    -0.68819,
    -0.82077,
    -0.57121,
    -0.0078099,
    0.82077,
    -0.57121,
    -0.0078099,
    -0.74786,
    -0.37776,
    -0.54589,
    0.74786,
    -0.37776,
    -0.54589,
    -0.74287,
    0.66902,
    -0.023752,
    0.74287,
    0.66902,
    -0.023752,
    -0.00007018,
    0.99399,
    -0.10949,
    0.53657,
    0.41811,
    -0.73299,
    -0.53658,
    0.41811,
    -0.73299
  ],
  "colors": [],
  "uvs": [
    []
  ],