{
  "metadata": {
    "formatVersion": 3.1,
    "sourceFile": "glass.obj",
    "generatedBy": "OBJConverter",
    "vertices": 55,
    "faces": 49,
    "normals": 55,
    "colors": 0,
    "uvs": 0,
    "materials": 1
  },
  "scale": 0.5,
  "materials": [
    {
      "DbgColor": 15658734,
      "DbgIndex": 0,
      "DbgName": "07___Default",
      "colorAmbient": [
        0.2431,
        0.2863,
        0.4353
      ],
      "colorDiffuse": [
        0.2431,
        0.2863,
        0.4353
      ],
      "colorSpecular": [
        0.792,
        0.792,
        0.792
      ],
      "illumination": 2,
      "opacity": 1,
      "opticalDensity": 1.5,
      "specularCoef": 39,
      "transparent": true
    }
  ],
  "vertices": [
    74,
    489,
    439,
    64,
    618,
    210,
    -31,
    619,
    212,
    118,
    622,
    -387,
    118,
    571,
    -547,
    -29,
    541,
    -643,
    -169,
    618,
    -384,
    0,
    626,
    -390,
    -149,
    614,
    202,
    -208,
    505,
    381,
    -106,
    509,
    403,
    173,
    507,
    391,
    150,
    614,
    202,
    -349,
    493,
    -232,
    -349,
    477,
    263,
    -299,
    615,
    1,
    350,
    493,
    -232,
    304,
    600,
    100,
    355,
    487,
    1,
    -347,
    493,
    -227,
    -293,
    585,
    -262,
    -323,
    494,
    -496,
    333,
    494,
    -496,
    303,
    585,
    -262,
    356,
    493,
    -227,
    -168,
    566,
    -542,
    -241,
    522,
    -618,
    -248,
    605,
    -375,
    303,
    605,
    -157,
    -302,
    605,
    -157,
    170,
    618,
    -384,
    249,
    605,
    -375,
    242,
    522,
    -618,
    154,
    489,
    -750,
    267,
    602,
    181,
    213,
    487,
    407,
    312,
    482,
    366,
    -266,
    602,
    181,
    -311,
    482,
    366,
    -37,
    490,
    442,
    212,
    494,
    -709,
    -211,
    494,
    -709,
    326,
    529,
    248,
    350,
    477,
    263,
    -325,
    529,
    248,
    112,
    489,
    -760,
    -31,
    489,
    -767,
    -303,
    600,
    100,
    -153,
    489,
    -750,
    300,
    615,
    1,
    -308,
    580,
    -258,
    336,
    487,
    -489,
    -326,
    487,
    -489,
    309,
    580,
    -258,
    -212,
    487,
    407
  ],
  "morphTargets": [],
  "morphColors": [],
  "normals": [
    0.054195,
    0.86494,
    0.49894,
    0.049553,
    0.87114,
    0.48853,
    -0.025938,
    0.87468,
    0.48401,
    0.067696,
    0.94767,
    -0.312,
    0.10636,
    0.93863,
    -0.32812,
    -0.031939,
    0.93415,
    -0.35545,
    -0.12004,
    0.94349,
    -0.3089,
    -0.0068556,
    0.94785,
    -0.31866,
    -0.12877,
    0.87167,
    0.47287,
    -0.20027,
    0.83666,
    0.5098,
    -0.10184,
    0.83279,
    0.54413,
    0.15168,
    0.83925,
    0.52216,
    0.13209,
    0.86828,
    0.47816,
    -0.92106,
    0.38896,
    -0.019066,
    -0.91562,
    0.40036,
    0.036712,
    -0.93137,
    0.3639,
    0.011524,
    0.91596,
    0.40068,
    -0.021612,
    0.92055,
    0.38995,
    0.022839,
    0.91312,
    0.40769,
    0.0034628,
    -0.87755,
    0.47338,
    -0.076213,
    -0.87666,
    0.47506,
    -0.076128,
    -0.90257,
    0.42332,
    -0.078578,
    0.90257,
    0.42332,
    -0.078578,
    0.87666,
    0.47506,
    -0.076128,
    0.87755,
    0.47338,
    -0.076213,
    -0.13518,
    0.93556,
    -0.32627,
    -0.20243,
    0.91851,
    -0.33965,
    -0.19165,
    0.93119,
    -0.31009,
    0.92266,
    0.38551,
    -0.00912,
    -0.92012,
    0.39135,
    -0.015108,
    0.15115,
    0.93581,
    -0.31846,
    0.18065,
    0.92872,
    -0.3238,
    0.15802,
    0.92989,
    -0.33216,
    0.11729,
    0.92985,
    -0.34873,
    0.2024,
    0.85667,
    0.4745,
    0.21604,
    0.83246,
    0.51024,
    0.24997,
    0.83895,
    0.4834,
    -0.20403,
    0.85849,
    0.47049,
    -0.26672,
    0.83158,
    0.48717,
    -0.021198,
    0.86078,
    0.50854,
    0.16322,
    0.92697,
    -0.33776,
    -0.1787,
    0.91926,
    -0.35075,
    0.90103,
    0.4279,
    0.071087,
    0.91202,
    0.40682,
    0.052044,
    -0.90708,
    0.41809,
    0.048963,
    0.054991,
    0.92954,
    -0.36459,
    -0.024226,
    0.92813,
    -0.37148,
    -0.95173,
    0.30689,
    0.0052959,
    -0.093034,
    0.93181,
    -0.35083,
    0.95506,
    0.29639,
    0.003521,
    -0.91046,
    0.41058,
    -0.049851,
    0.91619,
    0.3927,
    -0.079876,
    -0.91619,
    0.3927,
    -0.079876,
    0.91046,
    0.41058,
    -0.049851,
    -0.20325,
    0.80949,
    0.55083
  ],
  "colors": [],
  "uvs": [
    []
  ],
  "faces": [
    34,
    0,
    1,
    2,
    0,
    0,
    1,
    2,
    34,
    3,
    4,
    5,
    0,
    3,
    4,
    5,
    34,
    6,
    7,
    5,
    0,
    6,
    7,
    5,
    34,
    8,
    9,
    10,
    0,
    8,
    9,
    10,
    34,
    0,
    11,
    12,
    0,
    0,
    11,
    12,
    34,
    13,
    14,
    15,
    0,
    13,
    14,
    15,
    34,
    16,
    17,
    18,
    0,
    16,
    17,
    18,
    34,
    19,
    20,
    21,
    0,
    19,
    20,
    21,
    34,
    22,
    23,
    24,
    0,
    22,
    23,
    24,
    34,
    25,
    26,
    27,
    0,
    25,
    26,
    27,
    34,
    17,
    16,
    28,
    0,
    17,
    16,
    28,
    34,
    15,
    29,
    13,
    0,
    15,
    29,
    13,
    34,
    30,
    31,
    32,
    0,
    30,
    31,
    32,
    34,
    32,
    33,
    30,
    0,
    32,
    33,
    30,
    34,
    10,
    2,
    8,
    0,
    10,
    2,
    8,
    34,
    34,
    12,
    11,
    0,
    34,
    12,
    11,
    34,
    5,
    25,
    6,
    0,
    5,
    25,
    6,
    34,
    35,
    36,
    34,
    0,
    35,
    36,
    34,
    34,
    37,
    38,
    9,
    0,
    37,
    38,
    9,
    34,
    2,
    39,
    0,
    0,
    2,
    39,
    0,
    34,
    33,
    32,
    40,
    0,
    33,
    32,
    40,
    34,
    41,
    26,
    25,
    0,
    41,
    26,
    25,
    34,
    17,
    42,
    43,
    0,
    17,
    42,
    43,
    34,
    15,
    14,
    44,
    0,
    15,
    14,
    44,
    34,
    30,
    33,
    4,
    0,
    30,
    33,
    4,
    34,
    5,
    4,
    45,
    0,
    5,
    4,
    45,
    34,
    25,
    5,
    46,
    0,
    25,
    5,
    46,
    34,
    45,
    46,
    5,
    0,
    45,
    46,
    5,
    34,
    27,
    6,
    25,
    0,
    27,
    6,
    25,
    34,
    5,
    7,
    3,
    0,
    5,
    7,
    3,
    34,
    9,
    8,
    37,
    0,
    9,
    8,
    37,
    34,
    44,
    47,
    15,
    0,
    44,
    47,
    15,
    34,
    46,
    48,
    25,
    0,
    46,
    48,
    25,
    34,
    25,
    48,
    41,
    0,
    25,
    48,
    41,
    34,
    28,
    49,
    17,
    0,
    28,
    49,
    17,
    34,
    33,
    45,
    4,
    0,
    33,
    45,
    4,
    34,
    29,
    50,
    13,
    0,
    29,
    50,
    13,
    34,
    24,
    51,
    22,
    0,
    24,
    51,
    22,
    34,
    21,
    52,
    19,
    0,
    21,
    52,
    19,
    34,
    16,
    53,
    28,
    0,
    16,
    53,
    28,
    34,
    10,
    9,
    54,
    0,
    10,
    9,
    54,
    34,
    38,
    54,
    9,
    0,
    38,
    54,
    9,
    34,
    11,
    35,
    34,
    0,
    11,
    35,
    34,
    34,
    35,
    11,
    0,
    0,
    35,
    11,
    0,
    34,
    54,
    39,
    10,
    0,
    54,
    39,
    10,
    34,
    2,
    10,
    39,
    0,
    2,
    10,
    39,
    34,
    12,
    1,
    0,
    0,
    12,
    1,
    0,
    34,
    18,
    17,
    43,
    0,
    18,
    17,
    43,
    34,
    4,
    3,
    30,
    0,
    4,
    3,
    30
  ]
}