{
  "metadata": {
    "formatVersion": 3.1,
    "sourceFile": "lens.obj",
    "generatedBy": "OBJConverter",
    "vertices": 24,
    "faces": 26,
    "normals": 24,
    "colors": 0,
    "uvs": 0,
    "materials": 1
  },
  "scale": 0.5,
  "materials": [
    {
      "DbgColor": 15658734,
      "DbgIndex": 0,
      "DbgName": "07___Default",
      "colorAmbient": [
        0.2431,
        0.2863,
        0.4353
      ],
      "colorDiffuse": [
        0.2431,
        0.2863,
        0.4353
      ],
      "colorSpecular": [
        0.792,
        0.792,
        0.792
      ],
      "illumination": 2,
      "opacity": 1,
      "opticalDensity": 1.5,
      "specularCoef": 39,
      "transparent": true
    }
  ],
  "vertices": [
    -283,
    364,
    879,
    -341,
    376,
    812,
    -344,
    340,
    852,
    344,
    340,
    852,
    341,
    376,
    812,
    283,
    364,
    879,
    225,
    302,
    969,
    343,
    311,
    871,
    284,
    328,
    915,
    -285,
    328,
    915,
    -343,
    311,
    871,
    -225,
    302,
    969,
    -391,
    369,
    759,
    -383,
    349,
    792,
    383,
    349,
    792,
    390,
    369,
    759,
    225,
    354,
    922,
    225,
    319,
    958,
    -225,
    319,
    958,
    -225,
    354,
    922,
    -385,
    314,
    814,
    385,
    314,
    814,
    -390,
    386,
    740,
    390,
    386,
    740
  ],
  "morphTargets": [],
  "morphColors": [],
  "normals": [
    -0.46092,
    0.64671,
    0.60771,
    -0.59168,
    0.62061,
    0.51455,
    -0.64405,
    0.50162,
    0.57756,
    0.64405,
    0.50162,
    0.57756,
    0.59168,
    0.62061,
    0.51455,
    0.46092,
    0.64672,
    0.60771,
    0.49438,
    0.44575,
    0.74625,
    0.67095,
    0.37178,
    0.64156,
    0.53039,
    0.45391,
    0.716,
    -0.53039,
    0.45391,
    0.716,
    -0.67095,
    0.37178,
    0.64156,
    -0.49438,
    0.44575,
    0.74625,
    -0.66498,
    0.55185,
    0.50326,
    -0.76759,
    0.44378,
    0.46246,
    0.76759,
    0.44378,
    0.46246,
    0.66498,
    0.55185,
    0.50326,
    0.36614,
    0.66791,
    0.64795,
    0.42314,
    0.56893,
    0.70518,
    -0.42314,
    0.56893,
    0.70518,
    -0.36614,
    0.66791,
    0.64795,
    -0.74642,
    0.38971,
    0.53943,
    0.74642,
    0.38971,
    0.53943,
    -0.64464,
    0.56088,
    0.51947,
    0.64465,
    0.56088,
    0.51947
  ],
  "colors": [],
  "uvs": [
    []
  ],
  "faces": [
    34,
    0,
    1,
    2,
    0,
    0,
    1,
    2,
    34,
    3,
    4,
    5,
    0,
    3,
    4,
    5,
    34,
    6,
    7,
    8,
    0,
    6,
    7,
    8,
    34,
    9,
    10,
    11,
    0,
    9,
    10,
    11,
    34,
    2,
    12,
    13,
    0,
    2,
    12,
    13,
    34,
    14,
    15,
    3,
    0,
    14,
    15,
    3,
    34,
    10,
    2,
    13,
    0,
    10,
    2,
    13,
    34,
    10,
    9,
    2,
    0,
    10,
    9,
    2,
    34,
    3,
    8,
    7,
    0,
    3,
    8,
    7,
    34,
    14,
    3,
    7,
    0,
    14,
    3,
    7,
    34,
    5,
    8,
    3,
    0,
    5,
    8,
    3,
    34,
    16,
    17,
    8,
    0,
    16,
    17,
    8,
    34,
    2,
    9,
    0,
    0,
    2,
    9,
    0,
    34,
    9,
    18,
    19,
    0,
    9,
    18,
    19,
    34,
    11,
    18,
    9,
    0,
    11,
    18,
    9,
    34,
    8,
    17,
    6,
    0,
    8,
    17,
    6,
    34,
    12,
    2,
    1,
    0,
    12,
    2,
    1,
    34,
    4,
    3,
    15,
    0,
    4,
    3,
    15,
    34,
    19,
    0,
    9,
    0,
    19,
    0,
    9,
    34,
    8,
    5,
    16,
    0,
    8,
    5,
    16,
    34,
    20,
    13,
    12,
    0,
    20,
    13,
    12,
    34,
    13,
    20,
    10,
    0,
    13,
    20,
    10,
    34,
    7,
    21,
    14,
    0,
    7,
    21,
    14,
    34,
    15,
    14,
    21,
    0,
    15,
    14,
    21,
    34,
    1,
    22,
    12,
    0,
    1,
    22,
    12,
    34,
    15,
    23,
    4,
    0,
    15,
    23,
    4
  ]
}