{
  "metadata": {
    "formatVersion": 3.1,
    "sourceFile": "lens.obj",
    "generatedBy": "OBJConverter",
    "vertices": 48,
    "faces": 30,
    "normals": 48,
    "colors": 0,
    "uvs": 1,
    "materials": 1
  },
  "scale": 0.5,
  "materials": [
    {
      "DbgColor": 15658734,
      "DbgIndex": 0,
      "DbgName": "Audi_TT_Lens",
      "colorAmbient": [
        0.2431,
        0.2863,
        0.4353
      ],
      "colorDiffuse": [
        0.2431,
        0.2863,
        0.4353
      ],
      "colorSpecular": [
        0.792,
        0.792,
        0.792
      ],
      "illumination": 2,
      "opacity": 0.1499999762,
      "opticalDensity": 1.5,
      "specularCoef": 39,
      "transparent": true,
      "shading": "phong"
    }
  ],
  "vertices": [
    363,
    359,
    882,
    361,
    378,
    858,
    299,
    365,
    928,
    300,
    346,
    950,
    405,
    368,
    817,
    403,
    386,
    795,
    413,
    370,
    801,
    412,
    389,
    782,
    249,
    356,
    968,
    250,
    338,
    988,
    238,
    354,
    974,
    239,
    336,
    994,
    299,
    305,
    979,
    363,
    309,
    920,
    364,
    340,
    900,
    301,
    327,
    966,
    403,
    310,
    873,
    405,
    349,
    837,
    407,
    313,
    859,
    412,
    351,
    817,
    249,
    302,
    1018,
    249,
    319,
    1006,
    238,
    300,
    1024,
    238,
    318,
    1011,
    -363,
    359,
    882,
    -301,
    346,
    950,
    -300,
    365,
    928,
    -361,
    378,
    858,
    -405,
    368,
    817,
    -403,
    386,
    795,
    -413,
    370,
    801,
    -412,
    389,
    782,
    -250,
    338,
    988,
    -249,
    356,
    968,
    -239,
    336,
    994,
    -238,
    354,
    974,
    -300,
    305,
    979,
    -301,
    327,
    966,
    -364,
    340,
    900,
    -363,
    309,
    920,
    -405,
    349,
    837,
    -403,
    310,
    873,
    -412,
    351,
    817,
    -407,
    313,
    859,
    -249,
    302,
    1018,
    -249,
    319,
    1006,
    -238,
    300,
    1024,
    -238,
    318,
    1011
  ],
  "morphTargets": [],
  "morphColors": [],
  "normals": [
    0.56704,
    0.63,
    0.53063,
    0.54297,
    0.68657,
    0.48353,
    0.4319,
    0.69878,
    0.57023,
    0.45152,
    0.63722,
    0.62457,
    0.71486,
    0.52303,
    0.46413,
    0.63429,
    0.5912,
    0.49816,
    0.71699,
    0.5238,
    0.45995,
    0.62824,
    0.57022,
    0.52931,
    0.30499,
    0.71656,
    0.62731,
    0.3189,
    0.67592,
    0.66441,
    0.22206,
    0.72942,
    0.64702,
    0.24817,
    0.68525,
    0.68472,
    0.5756,
    0.39474,
    0.71614,
    0.65288,
    0.41023,
    0.63675,
    0.66052,
    0.46231,
    0.59159,
    0.53872,
    0.48486,
    0.68898,
    0.72176,
    0.45094,
    0.52509,
    0.791,
    0.41455,
    0.44996,
    0.89624,
    0.27302,
    0.34958,
    0.8513,
    0.35329,
    0.38791,
    0.38435,
    0.52364,
    0.76031,
    0.36915,
    0.585,
    0.72215,
    0.31613,
    0.54618,
    0.77572,
    0.29737,
    0.58855,
    0.75178,
    -0.56704,
    0.63,
    0.53063,
    -0.45152,
    0.63722,
    0.62457,
    -0.4319,
    0.69878,
    0.57023,
    -0.54297,
    0.68657,
    0.48353,
    -0.71486,
    0.52303,
    0.46413,
    -0.63429,
    0.5912,
    0.49816,
    -0.71699,
    0.5238,
    0.45995,
    -0.62824,
    0.57022,
    0.52931,
    -0.3189,
    0.67592,
    0.66441,
    -0.30499,
    0.71656,
    0.62731,
    -0.24817,
    0.68525,
    0.68472,
    -0.22205,
    0.72942,
    0.64702,
    -0.5756,
    0.39474,
    0.71614,
    -0.53872,
    0.48486,
    0.68898,
    -0.66053,
    0.4623,
    0.59159,
    -0.65288,
    0.41023,
    0.63675,
    -0.791,
    0.41455,
    0.44996,
    -0.72176,
    0.45094,
    0.52509,
    -0.8513,
    0.35329,
    0.38791,
    -0.89624,
    0.27302,
    0.34958,
    -0.38435,
    0.52364,
    0.76031,
    -0.36915,
    0.585,
    0.72215,
    -0.31613,
    0.54618,
    0.77572,
    -0.29737,
    0.58855,
    0.75178
  ],
  "colors": [],
  "uvs": [
    [
      0.87678,
      0.79438
    ]
  ],
  "faces": [
    43,
    0,
    1,
    2,
    3,
    0,
    0,
    0,
    0,
    0,
    0,
    1,
    2,
    3,
    43,
    4,
    5,
    1,
    0,
    0,
    0,
    0,
    0,
    0,
    4,
    5,
    1,
    0,
    43,
    6,
    7,
    5,
    4,
    0,
    0,
    0,
    0,
    0,
    6,
    7,
    5,
    4,
    43,
    3,
    2,
    8,
    9,
    0,
    0,
    0,
    0,
    0,
    3,
    2,
    8,
    9,
    43,
    9,
    8,
    10,
    11,
    0,
    0,
    0,
    0,
    0,
    9,
    8,
    10,
    11,
    43,
    12,
    13,
    14,
    15,
    0,
    0,
    0,
    0,
    0,
    12,
    13,
    14,
    15,
    43,
    13,
    16,
    17,
    14,
    0,
    0,
    0,
    0,
    0,
    13,
    16,
    17,
    14,
    43,
    16,
    18,
    19,
    17,
    0,
    0,
    0,
    0,
    0,
    16,
    18,
    19,
    17,
    43,
    20,
    12,
    15,
    21,
    0,
    0,
    0,
    0,
    0,
    20,
    12,
    15,
    21,
    43,
    22,
    20,
    21,
    23,
    0,
    0,
    0,
    0,
    0,
    22,
    20,
    21,
    23,
    43,
    14,
    0,
    3,
    15,
    0,
    0,
    0,
    0,
    0,
    14,
    0,
    3,
    15,
    43,
    17,
    4,
    0,
    14,
    0,
    0,
    0,
    0,
    0,
    17,
    4,
    0,
    14,
    43,
    19,
    6,
    4,
    17,
    0,
    0,
    0,
    0,
    0,
    19,
    6,
    4,
    17,
    43,
    15,
    3,
    9,
    21,
    0,
    0,
    0,
    0,
    0,
    15,
    3,
    9,
    21,
    43,
    21,
    9,
    11,
    23,
    0,
    0,
    0,
    0,
    0,
    21,
    9,
    11,
    23,
    43,
    24,
    25,
    26,
    27,
    0,
    0,
    0,
    0,
    0,
    24,
    25,
    26,
    27,
    43,
    28,
    24,
    27,
    29,
    0,
    0,
    0,
    0,
    0,
    28,
    24,
    27,
    29,
    43,
    30,
    28,
    29,
    31,
    0,
    0,
    0,
    0,
    0,
    30,
    28,
    29,
    31,
    43,
    25,
    32,
    33,
    26,
    0,
    0,
    0,
    0,
    0,
    25,
    32,
    33,
    26,
    43,
    32,
    34,
    35,
    33,
    0,
    0,
    0,
    0,
    0,
    32,
    34,
    35,
    33,
    43,
    36,
    37,
    38,
    39,
    0,
    0,
    0,
    0,
    0,
    36,
    37,
    38,
    39,
    43,
    39,
    38,
    40,
    41,
    0,
    0,
    0,
    0,
    0,
    39,
    38,
    40,
    41,
    43,
    41,
    40,
    42,
    43,
    0,
    0,
    0,
    0,
    0,
    41,
    40,
    42,
    43,
    43,
    44,
    45,
    37,
    36,
    0,
    0,
    0,
    0,
    0,
    44,
    45,
    37,
    36,
    43,
    46,
    47,
    45,
    44,
    0,
    0,
    0,
    0,
    0,
    46,
    47,
    45,
    44,
    43,
    38,
    37,
    25,
    24,
    0,
    0,
    0,
    0,
    0,
    38,
    37,
    25,
    24,
    43,
    40,
    38,
    24,
    28,
    0,
    0,
    0,
    0,
    0,
    40,
    38,
    24,
    28,
    43,
    42,
    40,
    28,
    30,
    0,
    0,
    0,
    0,
    0,
    42,
    40,
    28,
    30,
    43,
    37,
    45,
    32,
    25,
    0,
    0,
    0,
    0,
    0,
    37,
    45,
    32,
    25,
    43,
    45,
    47,
    34,
    32,
    0,
    0,
    0,
    0,
    0,
    45,
    47,
    34,
    32
  ]
}