{
  "metadata": {
    "formatVersion": 3.1,
    "sourceFile": "roof.obj",
    "generatedBy": "OBJConverter",
    "vertices": 39,
    "faces": 74,
    "normals": 85,
    "colors": 0,
    "uvs": 0,
    "materials": 1
  },
  "scale": 0.5,
  "materials": [
    {
      "DbgColor": 15658734,
      "DbgIndex": 0,
      "DbgName": "07___Default",
      "colorAmbient": [
        0.2941176593,
        0.2941176593,
        0.2941176593
      ],
      "colorDiffuse": [
        0.2941176593,
        0.2941176593,
        0.2941176593
      ],
      "colorSpecular": [
        0,
        0,
        0
      ],
      "illumination": 2,
      "opacity": 1,
      "opticalDensity": 1.5,
      "specularCoef": 9.9999990463,
      "transparent": true
    }
  ],
  "vertices": [
    116,
    630,
    143,
    173,
    625,
    137,
    271,
    625,
    128,
    172,
    622,
    -278,
    115,
    628,
    -282,
    58,
    648,
    -294,
    -57,
    658,
    -19,
    262,
    631,
    -91,
    263,
    634,
    -20,
    223,
    619,
    129,
    268,
    624,
    67,
    263,
    649,
    -18,
    262,
    616,
    -208,
    262,
    624,
    -278,
    218,
    615,
    -273,
    271,
    612,
    121,
    262,
    607,
    -268,
    58,
    631,
    -285,
    0,
    632,
    149,
    58,
    632,
    146,
    0,
    646,
    156,
    0,
    631,
    -287,
    -269,
    625,
    128,
    -171,
    625,
    137,
    -114,
    630,
    143,
    -260,
    624,
    -278,
    -114,
    628,
    -282,
    -170,
    622,
    -278,
    -261,
    634,
    -20,
    -260,
    631,
    -91,
    -222,
    619,
    129,
    -261,
    649,
    -18,
    -266,
    624,
    67,
    -261,
    616,
    -208,
    -217,
    615,
    -273,
    -269,
    612,
    121,
    -260,
    607,
    -268,
    -56,
    631,
    -285,
    -56,
    632,
    146
  ],
  "morphTargets": [],
  "morphColors": [],
  "normals": [
    0.09193,
    -0.12863,
    0.98742,
    0.092069,
    -0.17638,
    0.98001,
    0.078688,
    -0.45364,
    0.8877,
    0.011026,
    -0.50631,
    -0.86228,
    0.024719,
    -0.45767,
    -0.88878,
    0.01604,
    -0.47993,
    -0.87716,
    0.023861,
    -0.9995,
    -0.020658,
    -0.1103,
    -0.99296,
    -0.043193,
    -0.07562,
    -0.99301,
    -0.090571,
    -0.083674,
    -0.99483,
    0.057514,
    -0.13408,
    -0.99084,
    0.015874,
    -0.062939,
    -0.99414,
    0.087833,
    -0.074318,
    -0.99655,
    -0.037045,
    0.080889,
    -0.49673,
    0.86413,
    0.99822,
    -0.015858,
    -0.057417,
    0.99952,
    0.004322,
    -0.030763,
    0.99947,
    -0.000044239,
    -0.032662,
    0.99799,
    -0.063284,
    0.0019401,
    0.99993,
    0.011548,
    -0.000043036,
    1,
    -0.0022019,
    -0.00099308,
    0.0030989,
    -0.50216,
    -0.86477,
    0.0094239,
    -0.52782,
    -0.8493,
    0.99777,
    0.031179,
    -0.059052,
    0.99799,
    0.023479,
    -0.058868,
    -0.14221,
    -0.98973,
    0.014644,
    1,
    -0.00046607,
    -0.0014097,
    -0.17767,
    -0.98364,
    -0.029757,
    -0.10656,
    -0.99214,
    0.065652,
    -0.041714,
    -0.98843,
    0.1458,
    -0.035424,
    -0.99569,
    0.085698,
    0,
    -0.46019,
    0.88782,
    0.020015,
    -0.5312,
    0.84701,
    -0.0010468,
    -0.45221,
    0.89191,
    0.019479,
    -0.49193,
    -0.87042,
    -0.027664,
    -0.32889,
    -0.94396,
    -0.037075,
    -0.99131,
    -0.12619,
    -0.0016919,
    -0.98897,
    -0.14811,
    -0.056865,
    -0.98379,
    -0.17008,
    0.077416,
    -0.46467,
    0.88209,
    0.0010511,
    -0.49673,
    -0.8679,
    -0.081493,
    -0.98825,
    -0.12929,
    -0.0011342,
    -0.99509,
    0.098948,
    -0.078306,
    -0.45363,
    0.88775,
    -0.092069,
    -0.17638,
    0.98001,
    -0.060803,
    0.93306,
    0.35456,
    -0.0031563,
    -0.50009,
    -0.86597,
    -0.021291,
    -0.30448,
    -0.95228,
    -0.011329,
    -0.55866,
    -0.82932,
    0.074336,
    -0.98682,
    -0.14375,
    0.11617,
    -0.98607,
    -0.11902,
    0.13423,
    -0.98806,
    0.075628,
    0.080115,
    -0.99225,
    0.09493,
    0.11604,
    -0.99261,
    -0.035573,
    0.097292,
    -0.99108,
    0.091072,
    -0.080889,
    -0.49673,
    0.86413,
    -0.99947,
    -0.000044233,
    -0.032662,
    -0.99952,
    0.004322,
    -0.030763,
    -0.99822,
    -0.015858,
    -0.057417,
    -0.99799,
    -0.063284,
    0.0019401,
    -1,
    -0.0022019,
    -0.00099308,
    -0.99993,
    0.011548,
    -0.000043036,
    -0.0094239,
    -0.52782,
    -0.8493,
    -0.99799,
    0.023479,
    -0.058868,
    -0.99777,
    0.031179,
    -0.059052,
    0.15438,
    -0.98465,
    -0.081396,
    -1,
    -0.00046607,
    -0.0014097,
    0.063385,
    -0.98699,
    0.14775,
    0.13989,
    -0.98634,
    0.086925,
    0.18234,
    -0.98205,
    0.048378,
    0.030203,
    -0.99442,
    0.10107,
    -0.064729,
    -0.38557,
    0.9204,
    -0.017748,
    -0.39963,
    -0.9165,
    0.029808,
    -0.988,
    -0.15158,
    0.087114,
    -0.98119,
    -0.17227,
    -0.077416,
    -0.46467,
    0.88209,
    -0.0010511,
    -0.49673,
    -0.8679,
    0.11374,
    -0.98272,
    -0.146,
    -0.022656,
    0.99863,
    -0.047162,
    0,
    0.99939,
    0.034784,
    0.037089,
    0.99885,
    0.030272,
    -0.015454,
    0.99468,
    0.10186,
    -0.04082,
    0.99809,
    -0.046348,
    0.090753,
    0.98426,
    0.15161,
    -0.016236,
    0.99981,
    0.010728,
    0.12297,
    0.98811,
    -0.09225
  ],
  "colors": [],
  "uvs": [
    []
  ],