{
  "metadata": {
    "formatVersion": 3.1,
    "sourceFile": "lens.obj",
    "generatedBy": "OBJConverter",
    "vertices": 41,
    "faces": 37,
    "normals": 41,
    "colors": 0,
    "uvs": 0,
    "materials": 1
  },
  "scale": 0.5,
  "materials": [
    {
      "DbgColor": 15658734,
      "DbgIndex": 0,
      "DbgName": "Material__965",
      "colorAmbient": [
        0.2431,
        0.2863,
        0.4353
      ],
      "colorDiffuse": [
        0.2431,
        0.2863,
        0.4353
      ],
      "colorSpecular": [
        0.792,
        0.792,
        0.792
      ],
      "illumination": 2,
      "opacity": 1,
      "opticalDensity": 1.5,
      "specularCoef": 39,
      "transparent": true
    }
  ],
  "vertices": [
    -385,
    438,
    -950,
    -365,
    514,
    -940,
    -325,
    438,
    -986,
    325,
    438,
    -986,
    365,
    514,
    -940,
    385,
    438,
    -950,
    273,
    394,
    985,
    373,
    390,
    924,
    409,
    419,
    812,
    -409,
    419,
    812,
    -373,
    390,
    924,
    -273,
    394,
    985,
    -350,
    377,
    959,
    -230,
    359,
    1024,
    230,
    359,
    1024,
    350,
    377,
    959,
    398,
    510,
    -868,
    410,
    433,
    -898,
    -410,
    433,
    -898,
    -398,
    510,
    -868,
    -412,
    346,
    894,
    -371,
    343,
    955,
    371,
    343,
    955,
    412,
    346,
    894,
    215,
    470,
    -996,
    287,
    512,
    -971,
    -287,
    512,
    -971,
    -215,
    470,
    -996,
    307,
    335,
    999,
    -307,
    335,
    999,
    -209,
    322,
    1040,
    209,
    322,
    1040,
    188,
    438,
    -1005,
    160,
    465,
    -1004,
    -160,
    465,
    -1004,
    -188,
    438,
    -1005,
    413,
    498,
    -779,
    -416,
    483,
    -784,
    157,
    463,
    -990,
    -157,
    463,
    -990,
    -413,
    498,
    -779
  ],
  "morphTargets": [],
  "morphColors": [],
  "normals": [
    -0.72958,
    0.2691,
    -0.62873,
    -0.66487,
    0.30763,
    -0.68067,
    -0.32167,
    0.27624,
    -0.90566,
    0.32167,
    0.27624,
    -0.90566,
    0.66487,
    0.30763,
    -0.68067,
    0.72958,
    0.2691,
    -0.62873,
    0.36896,
    0.55079,
    0.74867,
    0.56718,
    0.68138,
    0.46263,
    0.6246,
    0.68374,
    0.37731,
    -0.6246,
    0.68374,
    0.37731,
    -0.56718,
    0.68138,
    0.46263,
    -0.36896,
    0.55079,
    0.74867,
    -0.50194,
    0.52543,
    0.68701,
    -0.36597,
    0.2679,
    0.89123,
    0.36597,
    0.2679,
    0.89123,
    0.50194,
    0.52543,
    0.68701,
    0.9397,
    0.24097,
    -0.2427,
    0.91066,
    0.26162,
    -0.31978,
    -0.91333,
    0.25977,
    -0.31361,
    -0.93942,
    0.24156,
    -0.24321,
    -0.80337,
    0.40721,
    0.43449,
    -0.67167,
    0.31727,
    0.66947,
    0.67167,
    0.31727,
    0.66947,
    0.80337,
    0.40721,
    0.43449,
    0.14499,
    0.184,
    -0.97217,
    0.24492,
    0.30792,
    -0.91935,
    -0.24492,
    0.30792,
    -0.91935,
    -0.14499,
    0.184,
    -0.97217,
    0.41076,
    0.34863,
    0.84246,
    -0.41076,
    0.34863,
    0.84246,
    -0.35329,
    0.19023,
    0.91597,
    0.35329,
    0.19023,
    0.91597,
    0.03218,
    0.050863,
    -0.99819,
    -0.53194,
    -0.52971,
    -0.66064,
    0.53194,
    -0.52971,
    -0.66064,
    -0.03218,
    0.050863,
    -0.99819,
    0.97013,
    0.20237,
    -0.13376,
    -0.9692,
    0.207,
    -0.13341,
    -0.68642,
    -0.69579,
    -0.21146,
    0.68642,
    -0.69579,
    -0.21146,
    -0.96887,
    0.20901,
    -0.13271
  ],
  "colors": [],
  "uvs": [
    []
  ],
  "faces": [
    34,
    0,
    1,
    2,
    0,
    0,
    1,
    2,
    34,
    3,
    4,
    5,
    0,
    3,
    4,
    5,
    34,
    6,
    7,
    8,
    0,
    6,
    7,
    8,
    34,
    9,
    10,
    11,
    0,
    9,
    10,
    11,
    34,
    12,
    13,
    11,
    0,
    12,
    13,
    11,
    34,
    6,
    14,
    15,
    0,
    6,
    14,
    15,
    34,
    4,
    16,
    17,
    0,
    4,
    16,
    17,
    34,
    18,
    19,
    1,
    0,
    18,
    19,
    1,
    34,
    10,
    20,
    21,
    0,
    10,
    20,
    21,
    34,
    9,
    20,
    10,
    0,
    9,
    20,
    10,
    34,
    22,
    23,
    7,
    0,
    22,
    23,
    7,
    34,
    7,
    23,
    8,
    0,
    7,
    23,
    8,
    34,
    3,
    24,
    25,
    0,
    3,
    24,
    25,
    34,
    26,
    27,
    2,
    0,
    26,
    27,
    2,
    34,
    28,
    15,
    14,
    0,
    28,
    15,
    14,
    34,
    13,
    12,
    29,
    0,
    13,
    12,
    29,
    34,
    4,
    17,
    5,
    0,
    4,
    17,
    5,
    34,
    0,
    18,
    1,
    0,
    0,
    18,
    1,
    34,
    1,
    26,
    2,
    0,
    1,
    26,
    2,
    34,
    3,
    25,
    4,
    0,
    3,
    25,
    4,
    34,
    29,
    30,
    13,
    0,
    29,
    30,
    13,
    34,
    14,
    31,
    28,
    0,
    14,
    31,
    28,
    34,
    24,
    32,
    33,
    0,
    24,
    32,
    33,
    34,
    24,
    3,
    32,
    0,
    24,
    3,
    32,
    34,
    34,
    35,
    27,
    0,
    34,
    35,
    27,
    34,
    35,
    2,
    27,
    0,
    35,
    2,
    27,
    34,
    11,
    10,
    12,
    0,
    11,
    10,
    12,
    34,
    21,
    12,
    10,
    0,
    21,
    12,
    10,
    34,
    7,
    15,
    22,
    0,
    7,
    15,
    22,
    34,
    15,
    7,
    6,
    0,
    15,
    7,
    6,
    34,
    36,
    17,
    16,
    0,
    36,
    17,
    16,
    34,
    19,
    18,
    37,
    0,
    19,
    18,
    37,
    34,
    38,
    33,
    32,
    0,
    38,
    33,
    32,
    34,
    35,
    34,
    39,
    0,
    35,
    34,
    39,
    34,
    12,
    21,
    29,
    0,
    12,
    21,
    29,
    34,
    28,
    22,
    15,
    0,
    28,
    22,
    15,
    34,
    37,
    40,
    19,
    0,
    37,
    40,
    19
  ]
}