{
  "metadata": {
    "formatVersion": 3.1,
    "sourceFile": "roof.obj",
    "generatedBy": "OBJConverter",
    "vertices": 48,
    "faces": 74,
    "normals": 48,
    "colors": 0,
    "uvs": 0,
    "materials": 1
  },
  "scale": 0.5,
  "materials": [
    {
      "DbgColor": 15658734,
      "DbgIndex": 0,
      "DbgName": "Material__965",
      "colorAmbient": [
        0.5879999995,
        0.5879999995,
        0.5879999995
      ],
      "colorDiffuse": [
        0.5879999995,
        0.5879999995,
        0.5879999995
      ],
      "colorSpecular": [
        0,
        0,
        0
      ],
      "illumination": 2,
      "opacity": 1,
      "opticalDensity": 1.5,
      "specularCoef": 10,
      "transparent": true
    }
  ],
  "vertices": [
    -269,
    732,
    -449,
    -269,
    739,
    -290,
    44,
    744,
    -278,
    0,
    734,
    -486,
    269,
    732,
    -449,
    270,
    698,
    -755,
    271,
    719,
    -48,
    269,
    713,
    -494,
    0,
    711,
    164,
    272,
    724,
    54,
    -45,
    735,
    28,
    -271,
    719,
    -48,
    -183,
    733,
    19,
    -187,
    709,
    153,
    -269,
    713,
    -494,
    270,
    682,
    -755,
    -270,
    682,
    -755,
    93,
    705,
    -755,
    183,
    741,
    -97,
    269,
    739,
    -290,
    271,
    735,
    -48,
    187,
    709,
    153,
    284,
    685,
    195,
    274,
    716,
    97,
    94,
    687,
    227,
    -47,
    671,
    229,
    191,
    670,
    217,
    -274,
    716,
    97,
    -270,
    740,
    -168,
    -94,
    687,
    227,
    0,
    752,
    -637,
    0,
    742,
    -678,
    -12,
    723,
    -592,
    12,
    723,
    -592,
    8,
    715,
    -674,
    1,
    755,
    -656,
    -1,
    753,
    -680,
    -191,
    670,
    217,
    -284,
    685,
    195,
    -270,
    698,
    -755,
    284,
    669,
    195,
    0,
    743,
    -616,
    -284,
    669,
    195,
    -137,
    724,
    -578,
    -4,
    743,
    -616,
    -17,
    719,
    -630,
    17,
    719,
    -630,
    -8,
    715,
    -674
  ],
  "morphTargets": [],
  "morphColors": [],
  "normals": [
    -0.6962,
    0.71615,
    -0.049436,
    -0.67287,
    0.73953,
    -0.018467,
    0.0017245,
    0.99988,
    -0.01523,
    0.0037292,
    0.99712,
    -0.075743,
    0.69464,
    0.71723,
    -0.055282,
    0.5945,
    0.54262,
    -0.59341,
    0.99955,
    0.027604,
    -0.011571,
    0.99969,
    0.024912,
    -0.00076229,
    0.001668,
    0.96514,
    0.26172,
    0.65075,
    0.75476,
    0.082834,
    -0.0056373,
    0.99407,
    0.10861,
    -0.99907,
    -0.03823,
    -0.020036,
    -0.050998,
    0.99297,
    0.10681,
    -0.056965,
    0.96107,
    0.27037,
    -0.99969,
    0.024912,
    -0.00076229,
    0.67316,
    0.025464,
    -0.73906,
    -0.67255,
    0.026276,
    -0.73958,
    0.013771,
    0.67917,
    -0.73385,
    0.024063,
    0.99898,
    0.038135,
    0.67428,
    0.73832,
    -0.014991,
    0.70445,
    0.70851,
    0.041996,
    0.05501,
    0.96204,
    0.26729,
    0.68458,
    0.47666,
    0.55149,
    0.63556,
    0.75825,
    0.14529,
    0.057931,
    0.46382,
    0.88403,
    -0.0071896,
    0.11862,
    0.99291,
    0.15808,
    0.31693,
    0.93518,
    -0.64922,
    0.7518,
    0.11536,
    -0.70007,
    0.71399,
    0.011329,
    -0.070654,
    0.54585,
    0.8349,
    -0.03596,
    0.98634,
    0.16077,
    -0.68145,
    -0.018184,
    -0.73164,
    -0.4228,
    0.78147,
    0.45885,
    0.42532,
    0.78919,
    0.44304,
    0.94865,
    0.28915,
    -0.12826,
    0.3297,
    0.944,
    -0.012729,
    -0.20044,
    0.61914,
    -0.75927,
    -0.15942,
    0.32686,
    0.93153,
    -0.68458,
    0.47666,
    0.55149,
    -0.59284,
    0.54042,
    -0.59707,
    0.77882,
    0.035343,
    0.62625,
    0.32314,
    0.83926,
    0.43729,
    -0.77901,
    0.035505,
    0.626,
    -0.022681,
    0.99412,
    -0.10589,
    -0.64563,
    0.70955,
    0.2823,
    -0.79979,
    0.60026,
    -0.0049638,
    -0.042293,
    0.99455,
    -0.095277,
    -0.93925,
    0.27633,
    -0.2036
  ],
  "colors": [],
  "uvs": [
    []
  ],