{
  "metadata": {
    "formatVersion": 3.1,
    "sourceFile": "sideskirt.obj",
    "generatedBy": "OBJConverter",
    "vertices": 46,
    "faces": 66,
    "normals": 46,
    "colors": 0,
    "uvs": 0,
    "materials": 1
  },
  "scale": 0.5,
  "materials": [
    {
      "DbgColor": 15658734,
      "DbgIndex": 0,
      "DbgName": "Material__965",
      "colorAmbient": [
        0.5879999995,
        0.5879999995,
        0.5879999995
      ],
      "colorDiffuse": [
        0.5879999995,
        0.5879999995,
        0.5879999995
      ],
      "colorSpecular": [
        0,
        0,
        0
      ],
      "illumination": 2,
      "opacity": 1,
      "opticalDensity": 1.5,
      "specularCoef": 10,
      "transparent": true
    }
  ],
  "vertices": [
    405,
    136,
    -302,
    405,
    140,
    419,
    438,
    136,
    -302,
    434,
    104,
    -302,
    404,
    102,
    470,
    409,
    103,
    -473,
    -409,
    103,
    -473,
    -404,
    102,
    470,
    -434,
    104,
    -302,
    -436,
    104,
    470,
    -405,
    140,
    419,
    -438,
    136,
    -302,
    -438,
    140,
    420,
    436,
    104,
    470,
    438,
    140,
    420,
    -415,
    204,
    -476,
    -441,
    105,
    -473,
    -447,
    204,
    -476,
    -447,
    198,
    -437,
    -411,
    146,
    -413,
    -415,
    198,
    -437,
    -443,
    140,
    -402,
    443,
    140,
    -402,
    447,
    198,
    -437,
    411,
    146,
    -413,
    447,
    204,
    -476,
    441,
    105,
    -473,
    415,
    204,
    -476,
    439,
    135,
    470,
    440,
    175,
    471,
    408,
    175,
    471,
    -408,
    175,
    471,
    -440,
    175,
    471,
    -439,
    135,
    470,
    -402,
    176,
    433,
    402,
    176,
    433,
    -405,
    136,
    -302,
    415,
    198,
    -437,
    435,
    176,
    434,
    -435,
    176,
    434,
    -398,
    205,
    -439,
    -420,
    206,
    -449,
    -448,
    205,
    -449,
    448,
    205,
    -449,
    420,
    206,
    -449,
    398,
    205,
    -439
  ],
  "morphTargets": [],
  "morphColors": [],
  "normals": [
    0.02609,
    0.9994,
    0.022891,
    0.014102,
    0.82316,
    -0.56764,
    0.75454,
    0.65561,
    0.029095,
    0.6706,
    -0.74172,
    0.012366,
    0.044486,
    -0.73699,
    0.67444,
    0.044172,
    -0.74218,
    -0.66874,
    -0.043967,
    -0.74231,
    -0.66862,
    -0.044486,
    -0.73699,
    0.67444,
    -0.6706,
    -0.74172,
    0.012366,
    -0.57696,
    -0.57928,
    0.57581,
    -0.014102,
    0.82316,
    -0.56764,
    -0.75454,
    0.65561,
    0.029095,
    -0.86831,
    0.40579,
    -0.28524,
    0.57696,
    -0.57928,
    0.57581,
    0.86831,
    0.4058,
    -0.28524,
    -0.0041632,
    0.60873,
    -0.79337,
    -0.57873,
    -0.58498,
    -0.56822,
    -0.58592,
    0.53845,
    -0.60562,
    -0.66118,
    0.48737,
    0.57037,
    -0.0054394,
    0.78779,
    0.61593,
    -0.094612,
    0.57651,
    0.81159,
    -0.85828,
    0.42455,
    0.2883,
    0.85828,
    0.42455,
    0.2883,
    0.66118,
    0.48737,
    0.57037,
    0.0054394,
    0.78779,
    0.61593,
    0.58588,
    0.53836,
    -0.60574,
    0.57869,
    -0.58488,
    -0.56836,
    0.0043916,
    0.60854,
    -0.79351,
    0.73471,
    -0.026679,
    0.67786,
    0.63604,
    0.54671,
    0.54456,
    0.0097601,
    0.71052,
    0.70361,
    -0.0097601,
    0.71052,
    0.70361,
    -0.63605,
    0.54671,
    0.54456,
    -0.73471,
    -0.026679,
    0.67786,
    -0.010257,
    0.82014,
    -0.57207,
    0.010257,
    0.82014,
    -0.57207,
    -0.02609,
    0.9994,
    0.022891,
    0.094612,
    0.57651,
    0.81159,
    0.55831,
    0.68575,
    -0.46694,
    -0.55831,
    0.68575,
    -0.46694,
    -0.11955,
    0.80221,
    0.58495,
    -0.0048024,
    0.99995,
    0.0083888,
    -0.68989,
    0.70204,
    0.17663,
    0.68989,
    0.70204,
    0.17663,
    0.0048024,
    0.99995,
    0.0083888,
    0.11955,
    0.80221,
    0.58495
  ],
  "colors": [],
  "uvs": [
    []
  ],