{
  "metadata": {
    "formatVersion": 3.1,
    "sourceFile": "lens.obj",
    "generatedBy": "OBJConverter",
    "vertices": 58,
    "faces": 76,
    "normals": 58,
    "colors": 0,
    "uvs": 0,
    "materials": 1
  },
  "scale": 0.5,
  "materials": [
    {
      "DbgColor": 15658734,
      "DbgIndex": 0,
      "DbgName": "Standard_8",
      "colorAmbient": [
        0.2431,
        0.2863,
        0.4353
      ],
      "colorDiffuse": [
        0.2431,
        0.2863,
        0.4353
      ],
      "colorSpecular": [
        0.792,
        0.792,
        0.792
      ],
      "illumination": 2,
      "opacity": 1,
      "opticalDensity": 1.5,
      "specularCoef": 39,
      "transparent": true
    }
  ],
  "vertices": [
    259,
    369,
    1056,
    317,
    404,
    934,
    253,
    369,
    1032,
    387,
    389,
    957,
    404,
    319,
    955,
    410,
    376,
    868,
    -410,
    376,
    868,
    -405,
    319,
    955,
    -388,
    389,
    957,
    -253,
    369,
    1032,
    -318,
    404,
    934,
    -260,
    369,
    1056,
    385,
    312,
    986,
    317,
    311,
    1038,
    236,
    301,
    1050,
    -237,
    301,
    1050,
    -318,
    311,
    1038,
    -385,
    312,
    986,
    -404,
    407,
    842,
    -379,
    413,
    890,
    -389,
    408,
    823,
    -399,
    342,
    892,
    378,
    413,
    890,
    404,
    407,
    842,
    399,
    342,
    892,
    389,
    408,
    823,
    318,
    462,
    -1057,
    373,
    477,
    -983,
    383,
    405,
    -1052,
    -384,
    405,
    -1052,
    -374,
    477,
    -983,
    -319,
    462,
    -1057,
    -342,
    375,
    1018,
    341,
    375,
    1018,
    297,
    371,
    1044,
    241,
    303,
    1073,
    -298,
    371,
    1044,
    -242,
    303,
    1073,
    355,
    369,
    -1090,
    309,
    380,
    -1109,
    -310,
    380,
    -1109,
    -356,
    369,
    -1090,
    381,
    313,
    949,
    -382,
    313,
    949,
    -390,
    436,
    -1018,
    -412,
    413,
    -985,
    411,
    413,
    -985,
    390,
    436,
    -1018,
    237,
    440,
    -1106,
    -238,
    440,
    -1106,
    176,
    381,
    -1135,
    -177,
    381,
    -1135,
    392,
    375,
    -1054,
    -392,
    375,
    -1054,
    349,
    417,
    859,
    -350,
    417,
    859,
    -393,
    468,
    -912,
    392,
    468,
    -912
  ],
  "morphTargets": [],
  "morphColors": [],
  "normals": [
    -0.33373,
    0.63791,
    0.69404,
    0.064991,
    0.95532,
    0.28833,
    -0.64027,
    0.7502,
    0.16507,
    0.65857,
    0.62904,
    0.41303,
    0.85672,
    -0.49887,
    0.13097,
    0.93236,
    -0.2128,
    -0.29228,
    -0.93236,
    -0.2128,
    -0.29228,
    -0.85672,
    -0.49887,
    0.13097,
    -0.65857,
    0.62904,
    0.41303,
    0.64027,
    0.7502,
    0.16507,
    -0.064991,
    0.95532,
    0.28833,
    0.33373,
    0.63791,
    0.69404,
    0.63777,
    -0.60791,
    0.47297,
    0.43805,
    -0.56899,
    0.69596,
    -0.65486,
    -0.7217,
    0.2243,
    0.65486,
    -0.7217,
    0.2243,
    -0.43805,
    -0.56899,
    0.69596,
    -0.63777,
    -0.60791,
    0.47297,
    -0.78744,
    0.51183,
    -0.34347,
    -0.27561,
    0.9466,
    0.16726,
    -0.51732,
    0.74085,
    -0.42839,
    -0.77668,
    -0.54413,
    -0.31733,
    0.27561,
    0.9466,
    0.16726,
    0.78744,
    0.51183,
    -0.34347,
    0.77668,
    -0.54413,
    -0.31733,
    0.51732,
    0.74085,
    -0.42839,
    0.4752,
    0.51826,
    -0.71105,
    0.74979,
    0.57442,
    -0.32842,
    0.67303,
    0.40813,
    -0.61682,
    -0.67303,
    0.40813,
    -0.61682,
    -0.74979,
    0.57442,
    -0.32842,
    -0.4752,
    0.51826,
    -0.71105,
    -0.45224,
    0.59423,
    0.66511,
    0.45224,
    0.59423,
    0.66511,
    0.27748,
    0.65855,
    0.69951,
    -0.42169,
    -0.45706,
    0.78312,
    -0.27748,
    0.65855,
    0.69951,
    0.42169,
    -0.45706,
    0.78312,
    0.48935,
    0.41033,
    -0.76952,
    0.35748,
    0.41605,
    -0.83613,
    -0.35748,
    0.41605,
    -0.83613,
    -0.48935,
    0.41033,
    -0.76952,
    0.24527,
    -0.95636,
    -0.15883,
    -0.24527,
    -0.95636,
    -0.15883,
    -0.64467,
    0.56759,
    -0.5121,
    -0.86319,
    0.42804,
    -0.26773,
    0.86319,
    0.42804,
    -0.26773,
    0.64467,
    0.56759,
    -0.5121,
    0.25831,
    0.34589,
    -0.90202,
    -0.25831,
    0.34589,
    -0.90202,
    0.1852,
    0.26141,
    -0.94729,
    -0.1852,
    0.26141,
    -0.94729,
    0.75481,
    0.26677,
    -0.59925,
    -0.75481,
    0.26677,
    -0.59925,
    0.092959,
    0.99505,
    0.035026,
    -0.092959,
    0.99505,
    0.035026,
    -0.83993,
    0.51679,
    -0.16569,
    0.83993,
    0.51679,
    -0.16569
  ],
  "colors": [],
  "uvs": [
    []
  ],