{
  "metadata": {
    "formatVersion": 3.1,
    "sourceFile": "roof.obj",
    "generatedBy": "OBJConverter",
    "vertices": 52,
    "faces": 69,
    "normals": 52,
    "colors": 0,
    "uvs": 0,
    "materials": 1
  },
  "scale": 0.5,
  "materials": [
    {
      "DbgColor": 15658734,
      "DbgIndex": 0,
      "DbgName": "Standard_8",
      "colorAmbient": [
        0.4156863093,
        0.4156863093,
        0.4156863093
      ],
      "colorDiffuse": [
        0.4156863093,
        0.4156863093,
        0.4156863093
      ],
      "colorSpecular": [
        0,
        0,
        0
      ],
      "illumination": 2,
      "opacity": 1,
      "opticalDensity": 1.5,
      "specularCoef": 10,
      "transparent": true
    }
  ],
  "vertices": [
    -20,
    735,
    -411,
    20,
    748,
    -298,
    124,
    734,
    -383,
    180,
    738,
    -297,
    -244,
    734,
    -162,
    -66,
    745,
    -297,
    -239,
    729,
    -295,
    24,
    730,
    97,
    204,
    720,
    81,
    22,
    751,
    -71,
    19,
    714,
    -511,
    18,
    684,
    -600,
    18,
    689,
    -600,
    129,
    685,
    -595,
    243,
    734,
    -162,
    238,
    729,
    -295,
    66,
    751,
    -117,
    -232,
    695,
    -510,
    -225,
    670,
    -591,
    -240,
    724,
    -295,
    -130,
    685,
    -595,
    -124,
    715,
    -487,
    240,
    724,
    -295,
    224,
    670,
    -591,
    231,
    695,
    -510,
    123,
    715,
    -487,
    -69,
    746,
    -28,
    -181,
    738,
    -297,
    -237,
    715,
    -411,
    -240,
    729,
    -296,
    -267,
    694,
    139,
    19,
    710,
    165,
    -60,
    727,
    98,
    150,
    723,
    91,
    266,
    694,
    139,
    -205,
    720,
    81,
    -250,
    729,
    -37,
    -151,
    723,
    91,
    249,
    729,
    -37,
    257,
    712,
    74,
    -225,
    674,
    -591,
    -125,
    734,
    -383,
    108,
    743,
    -296,
    224,
    674,
    -591,
    236,
    715,
    -411,
    -97,
    740,
    -297,
    240,
    729,
    -296,
    19,
    728,
    100,
    21,
    746,
    -297,
    257,
    714,
    72,
    -258,
    714,
    72,
    -258,
    712,
    74
  ],
  "morphTargets": [],
  "morphColors": [],
  "normals": [
    -0.010003,
    0.98747,
    -0.1575,
    0.0080293,
    0.80771,
    0.58952,
    0.078104,
    0.98677,
    -0.14209,
    0.08362,
    0.80485,
    0.58756,
    -0.081609,
    0.99666,
    -0.0040507,
    -0.050786,
    0.9986,
    -0.014839,
    -0.095307,
    0.99458,
    -0.041499,
    0.019991,
    0.99072,
    0.13447,
    0.093738,
    0.9884,
    0.1195,
    0.011506,
    0.99845,
    0.054507,
    0.0086781,
    0.97119,
    -0.23817,
    0.005643,
    -0.040412,
    -0.99917,
    0.0058691,
    0.58726,
    -0.80937,
    0.082155,
    0.60892,
    -0.78897,
    0.09291,
    0.99563,
    -0.0098327,
    0.096804,
    0.99486,
    -0.029555,
    0.048151,
    0.99874,
    0.014113,
    -0.8207,
    0.54171,
    -0.18168,
    -0.66978,
    -0.016587,
    -0.74237,
    -0.73795,
    0.16784,
    0.65365,
    -0.072197,
    0.58491,
    -0.80788,
    -0.082147,
    0.97107,
    -0.2242,
    0.72261,
    0.16815,
    0.67049,
    0.67255,
    -0.013539,
    -0.73993,
    0.8207,
    0.54171,
    -0.18168,
    0.083755,
    0.97231,
    -0.21818,
    -0.050424,
    0.99577,
    0.07678,
    -0.083882,
    0.81323,
    0.57587,
    -0.80801,
    0.57462,
    -0.13015,
    -0.62906,
    0.6265,
    0.46019,
    -0.11636,
    0.952,
    0.28311,
    0.011074,
    0.95512,
    0.29602,
    -0.065736,
    0.94155,
    0.33041,
    0.094898,
    0.94582,
    0.31052,
    0.12133,
    0.95346,
    0.27604,
    -0.10049,
    0.98567,
    0.13549,
    -0.10268,
    0.99171,
    0.077249,
    -0.083275,
    0.93114,
    0.35502,
    0.094074,
    0.99211,
    0.082894,
    0.13557,
    0.95991,
    0.24535,
    -0.59653,
    0.46049,
    -0.65734,
    -0.079911,
    0.98763,
    -0.1349,
    0.079722,
    0.99651,
    -0.024937,
    0.59653,
    0.46049,
    -0.65734,
    0.80801,
    0.57462,
    -0.13015,
    -0.015235,
    0.43637,
    0.89964,
    0.62906,
    0.6265,
    0.46019,
    0.020254,
    0.96251,
    0.27049,
    0.0087517,
    0.99965,
    -0.0249,
    0.13281,
    0.98249,
    0.13067,
    -0.13281,
    0.98249,
    0.13067,
    -0.13557,
    0.95991,
    0.24535
  ],
  "colors": [],
  "uvs": [
    []
  ],