{
  "metadata": {
    "formatVersion": 3.1,
    "sourceFile": "sideskirt.obj",
    "generatedBy": "OBJConverter",
    "vertices": 85,
    "faces": 139,
    "normals": 85,
    "colors": 0,
    "uvs": 0,
    "materials": 1
  },
  "scale": 0.5,
  "materials": [
    {
      "DbgColor": 15658734,
      "DbgIndex": 0,
      "DbgName": "Standard_8",
      "colorAmbient": [
        0.4156863093,
        0.4156863093,
        0.4156863093
      ],
      "colorDiffuse": [
        0.4156863093,
        0.4156863093,
        0.4156863093
      ],
      "colorSpecular": [
        0,
        0,
        0
      ],
      "illumination": 2,
      "opacity": 1,
      "opticalDensity": 1.5,
      "specularCoef": 10,
      "transparent": true
    }
  ],
  "vertices": [
    427,
    170,
    -200,
    434,
    151,
    -404,
    433,
    158,
    -481,
    -434,
    158,
    -481,
    -434,
    151,
    -404,
    -428,
    170,
    -200,
    408,
    131,
    434,
    414,
    153,
    -127,
    425,
    153,
    8,
    425,
    168,
    -96,
    412,
    170,
    -152,
    400,
    147,
    481,
    -401,
    147,
    481,
    -413,
    170,
    -152,
    -426,
    168,
    -96,
    -426,
    153,
    8,
    -415,
    153,
    -127,
    -408,
    131,
    434,
    -421,
    118,
    -177,
    -416,
    117,
    424,
    -430,
    129,
    -97,
    -436,
    150,
    -481,
    -443,
    140,
    -482,
    -443,
    141,
    -421,
    429,
    129,
    -97,
    415,
    117,
    424,
    420,
    118,
    -177,
    442,
    141,
    -421,
    442,
    140,
    -482,
    436,
    150,
    -481,
    421,
    125,
    440,
    420,
    123,
    480,
    405,
    107,
    479,
    -406,
    107,
    479,
    -421,
    123,
    480,
    -422,
    125,
    440,
    422,
    145,
    -417,
    430,
    160,
    -256,
    435,
    130,
    -405,
    424,
    132,
    -418,
    415,
    130,
    -54,
    -431,
    160,
    -256,
    -423,
    145,
    -417,
    -416,
    130,
    -54,
    -424,
    132,
    -418,
    -436,
    130,
    -405,
    414,
    114,
    -483,
    425,
    116,
    -483,
    -426,
    116,
    -483,
    -415,
    114,
    -483,
    420,
    128,
    434,
    415,
    140,
    481,
    430,
    178,
    -481,
    -431,
    178,
    -481,
    -416,
    140,
    481,
    -421,
    128,
    434,
    389,
    104,
    478,
    -390,
    104,
    478,
    418,
    179,
    -481,
    430,
    179,
    -480,
    -419,
    179,
    -481,
    -430,
    179,
    -480,
    -437,
    132,
    -418,
    436,
    132,
    -418,
    414,
    153,
    -256,
    -415,
    153,
    -256,
    410,
    117,
    -226,
    402,
    106,
    478,
    -403,
    106,
    478,
    -411,
    117,
    -226,
    392,
    105,
    442,
    -416,
    117,
    433,
    -409,
    129,
    439,
    415,
    117,
    433,
    408,
    129,
    439,
    -430,
    139,
    -421,
    -436,
    149,
    -417,
    435,
    149,
    -417,
    429,
    139,
    -421,
    403,
    123,
    433,
    -404,
    123,
    433,
    415,
    147,
    480,
    -416,
    147,
    480,
    427,
    160,
    -127,
    -428,
    160,
    -127
  ],
  "morphTargets": [],
  "morphColors": [],
  "normals": [
    0.90805,
    0.41815,
    0.024448,
    0.89206,
    -0.44671,
    0.068406,
    0.67884,
    0.17525,
    -0.71307,
    -0.67884,
    0.17525,
    -0.71306,
    -0.89206,
    -0.44671,
    0.068406,
    -0.90805,
    0.41815,
    0.024448,
    -0.23484,
    -0.94528,
    -0.22649,
    0.46911,
    -0.88302,
    -0.014506,
    0.87249,
    -0.48858,
    -0.0072611,
    0.68736,
    0.72533,
    0.037898,
    0.036426,
    0.99894,
    0.028319,
    -0.0076546,
    0.60031,
    0.79973,
    0.0076547,
    0.60031,
    0.79973,
    -0.036426,
    0.99894,
    0.028319,
    -0.68736,
    0.72533,
    0.037898,
    -0.87249,
    -0.48859,
    -0.0072611,
    -0.46911,
    -0.88302,
    -0.014506,
    0.23484,
    -0.94528,
    -0.22649,
    -0.48671,
    -0.87356,
    0.002798,
    -0.99423,
    0.10713,
    0.006199,
    -0.93129,
    0.36399,
    0.014483,
    -0.60544,
    0.32302,
    -0.72739,
    -0.79385,
    -0.014105,
    -0.60795,
    -0.86473,
    0.064302,
    0.4981,
    0.93129,
    0.36399,
    0.014483,
    0.99423,
    0.10713,
    0.006199,
    0.48671,
    -0.87356,
    0.002798,
    0.86473,
    0.064301,
    0.4981,
    0.79385,
    -0.014105,
    -0.60795,
    0.60544,
    0.32302,
    -0.72739,
    0.9272,
    -0.21477,
    -0.30687,
    0.75435,
    -0.23971,
    0.61114,
    0.44297,
    -0.60845,
    0.65845,
    -0.44297,
    -0.60845,
    0.65845,
    -0.75435,
    -0.23971,
    0.61114,
    -0.9272,
    -0.21477,
    -0.30687,
    0.32162,
    -0.81627,
    0.47985,
    0.90594,
    -0.42252,
    0.027294,
    0.93021,
    0.36383,
    0.048264,
    0.044807,
    0.89737,
    0.43899,
    0.17822,
    0.98365,
    0.026051,
    -0.90594,
    -0.42252,
    0.027294,
    -0.32162,
    -0.81627,
    0.47985,
    -0.17822,
    0.98365,
    0.026051,
    -0.044807,
    0.89737,
    0.43899,
    -0.93021,
    0.36383,
    0.048264,
    0.1527,
    -0.75201,
    -0.64122,
    0.42248,
    -0.64627,
    -0.63549,
    -0.42248,
    -0.64627,
    -0.63549,
    -0.1527,
    -0.75201,
    -0.64122,
    0.77139,
    -0.5936,
    -0.22932,
    0.66042,
    0.098599,
    0.74439,
    0.65048,
    0.34467,
    -0.67682,
    -0.65048,
    0.34467,
    -0.67681,
    -0.66043,
    0.098599,
    0.74439,
    -0.77139,
    -0.5936,
    -0.22932,
    0.09588,
    -0.79636,
    0.59717,
    -0.097275,
    -0.80645,
    0.58324,
    -0.015803,
    0.70928,
    -0.70474,
    0.43832,
    0.82784,
    -0.35009,
    0.015803,
    0.70929,
    -0.70474,
    -0.43832,
    0.82784,
    -0.35009,
    -0.85728,
    -0.076108,
    0.5092,
    0.85728,
    -0.076108,
    0.5092,
    0.42119,
    -0.90638,
    0.03282,
    -0.42119,
    -0.90638,
    0.03282,
    0.12823,
    -0.99171,
    0.0080329,
    0.2346,
    -0.73203,
    0.63961,
    -0.23271,
    -0.73416,
    0.63785,
    -0.12804,
    -0.99174,
    0.0080172,
    0.15868,
    -0.98726,
    -0.012092,
    -0.94411,
    -0.11051,
    -0.31057,
    -0.041907,
    -0.21021,
    -0.97676,
    0.94411,
    -0.11051,
    -0.31057,
    0.041907,
    -0.21021,
    -0.97676,
    -0.015082,
    0.06683,
    0.99765,
    -0.89406,
    -0.032948,
    0.44674,
    0.89406,
    -0.032948,
    0.44674,
    0.015082,
    0.06683,
    0.99765,
    0.44115,
    0.81401,
    -0.37786,
    -0.44115,
    0.81401,
    -0.37786,
    0.55649,
    0.61545,
    0.55816,
    -0.55649,
    0.61545,
    0.55816,
    0.90738,
    -0.42025,
    0.0065938,
    -0.90738,
    -0.42025,
    0.0065938
  ],
  "colors": [],
  "uvs": [
    []
  ],