{
  "metadata": {
    "formatVersion": 3.1,
    "sourceFile": "glass.obj",
    "generatedBy": "OBJConverter",
    "vertices": 52,
    "faces": 35,
    "normals": 52,
    "colors": 0,
    "uvs": 0,
    "materials": 1
  },
  "scale": 0.5,
  "materials": [
    {
      "DbgColor": 15658734,
      "DbgIndex": 0,
      "DbgName": "mattemetal",
      "colorAmbient": [
        0.2431,
        0.2863,
        0.4353
      ],
      "colorDiffuse": [
        0.2431,
        0.2863,
        0.4353
      ],
      "colorSpecular": [
        0.792,
        0.792,
        0.792
      ],
      "illumination": 2,
      "opacity": 1,
      "opticalDensity": 1.5,
      "specularCoef": 39,
      "transparent": true
    }
  ],
  "vertices": [
    115,
    442,
    535,
    136,
    633,
    259,
    0,
    633,
    279,
    231,
    440,
    501,
    -274,
    439,
    473,
    -56,
    442,
    541,
    -136,
    633,
    259,
    226,
    621,
    -760,
    285,
    485,
    -853,
    180,
    484,
    -899,
    -180,
    484,
    -899,
    -285,
    485,
    -853,
    -226,
    621,
    -760,
    -149,
    621,
    -796,
    0,
    619,
    -809,
    0,
    548,
    -872,
    149,
    621,
    -796,
    265,
    622,
    102,
    322,
    464,
    -105,
    262,
    623,
    -141,
    -262,
    623,
    -141,
    -322,
    464,
    -105,
    -265,
    622,
    102,
    -311,
    479,
    -537,
    -322,
    464,
    -116,
    -257,
    625,
    -150,
    257,
    625,
    -150,
    322,
    464,
    -116,
    311,
    479,
    -537,
    -207,
    633,
    222,
    332,
    452,
    293,
    -332,
    452,
    293,
    -312,
    478,
    -542,
    -245,
    635,
    -494,
    -305,
    482,
    -773,
    305,
    482,
    -773,
    245,
    635,
    -494,
    312,
    478,
    -542,
    233,
    628,
    -700,
    -233,
    628,
    -700,
    250,
    623,
    -484,
    -250,
    623,
    -484,
    324,
    440,
    398,
    207,
    633,
    222,
    0,
    484,
    -918,
    0,
    484,
    -918,
    248,
    635,
    158,
    -324,
    440,
    398,
    -248,
    635,
    158,
    297,
    485,
    -836,
    -297,
    485,
    -836,
    0,
    619,
    -809
  ],
  "morphTargets": [],
  "morphColors": [],
  "normals": [
    0.1002,
    0.80735,
    0.5815,
    0.18898,
    0.81049,
    0.55444,
    -0.00075832,
    0.81576,
    0.57839,
    0.31092,
    0.78593,
    0.53445,
    -0.36014,
    0.77539,
    0.51873,
    -0.074879,
    0.80341,
    0.5907,
    -0.19378,
    0.80321,
    0.56329,
    0.34363,
    0.61805,
    -0.70706,
    0.47768,
    0.62617,
    -0.61622,
    0.20704,
    0.6147,
    -0.76111,
    -0.19571,
    0.62266,
    -0.75762,
    -0.47768,
    0.62617,
    -0.61622,
    -0.34363,
    0.61805,
    -0.70706,
    -0.19769,
    0.61535,
    -0.76306,
    -0.074552,
    0.61597,
    -0.78424,
    -0.65745,
    0.46566,
    -0.59239,
    0.20982,
    0.62431,
    -0.75247,
    0.93521,
    0.35388,
    -0.012479,
    0.93539,
    0.35341,
    -0.012072,
    0.93562,
    0.35282,
    -0.011565,
    -0.93562,
    0.35282,
    -0.011565,
    -0.93539,
    0.35341,
    -0.012072,
    -0.93521,
    0.35388,
    -0.012479,
    -0.92064,
    0.38996,
    -0.018765,
    -0.92801,
    0.37239,
    -0.011121,
    -0.92566,
    0.37812,
    -0.013606,
    0.92566,
    0.37812,
    -0.013606,
    0.92801,
    0.37239,
    -0.011121,
    0.92064,
    0.38996,
    -0.018765,
    -0.47522,
    0.75423,
    0.45311,
    0.93504,
    0.3543,
    -0.012851,
    -0.93504,
    0.3543,
    -0.012851,
    -0.91664,
    0.39913,
    -0.021429,
    -0.90347,
    0.42684,
    -0.039489,
    -0.8995,
    0.43463,
    -0.044625,
    0.8995,
    0.43463,
    -0.044625,
    0.90347,
    0.42684,
    -0.039489,
    0.91664,
    0.39913,
    -0.021429,
    0.88227,
    0.46615,
    -0.065659,
    -0.88227,
    0.46615,
    -0.065659,
    0.91686,
    0.39857,
    -0.022538,
    -0.91686,
    0.39857,
    -0.022538,
    0.51903,
    0.7257,
    0.45162,
    0.47703,
    0.75385,
    0.45184,
    -0.084304,
    0.624,
    -0.77686,
    0.051095,
    0.58125,
    -0.81212,
    0.58971,
    0.70915,
    0.38646,
    -0.58411,
    0.71076,
    0.39195,
    -0.58971,
    0.70915,
    0.38646,
    0.6516,
    0.59869,
    -0.46581,
    -0.6516,
    0.59869,
    -0.46581,
    0.031898,
    0.66112,
    -0.7496
  ],
  "colors": [],
  "uvs": [
    []
  ],
  "faces": [
    34,
    0,
    1,
    2,
    0,
    0,
    1,
    2,
    34,
    3,
    1,
    0,
    0,
    3,
    1,
    0,
    34,
    4,
    5,
    6,
    0,
    4,
    5,
    6,
    34,
    7,
    8,
    9,
    0,
    7,
    8,
    9,
    34,
    10,
    11,
    12,
    0,
    10,
    11,
    12,
    34,
    13,
    14,
    10,
    0,
    13,
    14,
    10,
    34,
    9,
    15,
    16,
    0,
    9,
    15,
    16,
    34,
    17,
    18,
    19,
    0,
    17,
    18,
    19,
    34,
    20,
    21,
    22,
    0,
    20,
    21,
    22,
    34,
    23,
    24,
    25,
    0,
    23,
    24,
    25,
    34,
    26,
    27,
    28,
    0,
    26,
    27,
    28,
    34,
    6,
    29,
    4,
    0,
    6,
    29,
    4,
    34,
    18,
    17,
    30,
    0,
    18,
    17,
    30,
    34,
    31,
    22,
    21,
    0,
    31,
    22,
    21,
    34,
    32,
    33,
    34,
    0,
    32,
    33,
    34,
    34,
    35,
    36,
    37,
    0,
    35,
    36,
    37,
    34,
    35,
    38,
    36,
    0,
    35,
    38,
    36,
    34,
    33,
    39,
    34,
    0,
    33,
    39,
    34,
    34,
    28,
    40,
    26,
    0,
    28,
    40,
    26,
    34,
    25,
    41,
    23,
    0,
    25,
    41,
    23,
    34,
    42,
    43,
    3,
    0,
    42,
    43,
    3,
    34,
    10,
    14,
    44,
    0,
    10,
    14,
    44,
    34,
    45,
    15,
    9,
    0,
    45,
    15,
    9,
    34,
    42,
    46,
    43,
    0,
    42,
    46,
    43,
    34,
    4,
    29,
    47,
    0,
    4,
    29,
    47,
    34,
    9,
    16,
    7,
    0,
    9,
    16,
    7,
    34,
    12,
    13,
    10,
    0,
    12,
    13,
    10,
    34,
    2,
    5,
    0,
    0,
    2,
    5,
    0,
    34,
    2,
    6,
    5,
    0,
    2,
    6,
    5,
    34,
    29,
    48,
    47,
    0,
    29,
    48,
    47,
    34,
    3,
    43,
    1,
    0,
    3,
    43,
    1,
    34,
    49,
    8,
    7,
    0,
    49,
    8,
    7,
    34,
    12,
    11,
    50,
    0,
    12,
    11,
    50,
    34,
    45,
    51,
    15,
    0,
    45,
    51,
    15,
    34,
    15,
    51,
    16,
    0,
    15,
    51,
    16
  ]
}