{
  "metadata": {
    "formatVersion": 3.1,
    "sourceFile": "lens.obj",
    "generatedBy": "OBJConverter",
    "vertices": 42,
    "faces": 52,
    "normals": 42,
    "colors": 0,
    "uvs": 0,
    "materials": 1
  },
  "scale": 0.5,
  "materials": [
    {
      "DbgColor": 15658734,
      "DbgIndex": 0,
      "DbgName": "mattemetal",
      "colorAmbient": [
        0.2431,
        0.2863,
        0.4353
      ],
      "colorDiffuse": [
        0.2431,
        0.2863,
        0.4353
      ],
      "colorSpecular": [
        0.792,
        0.792,
        0.792
      ],
      "illumination": 2,
      "opacity": 1,
      "opticalDensity": 1.5,
      "specularCoef": 39,
      "transparent": true
    }
  ],
  "vertices": [
    -242,
    345,
    912,
    -238,
    375,
    887,
    -281,
    389,
    886,
    281,
    389,
    886,
    238,
    375,
    887,
    242,
    345,
    912,
    277,
    339,
    919,
    315,
    356,
    884,
    299,
    380,
    884,
    330,
    390,
    817,
    286,
    417,
    819,
    -299,
    380,
    884,
    -315,
    356,
    884,
    -277,
    339,
    919,
    -286,
    417,
    819,
    -330,
    390,
    817,
    -149,
    395,
    -942,
    -310,
    395,
    -902,
    -223,
    393,
    -939,
    -299,
    454,
    -900,
    -166,
    440,
    -945,
    223,
    393,
    -939,
    310,
    395,
    -902,
    149,
    395,
    -942,
    166,
    440,
    -945,
    299,
    454,
    -900,
    257,
    407,
    845,
    -257,
    407,
    845,
    -157,
    439,
    -934,
    157,
    439,
    -934,
    312,
    450,
    -884,
    308,
    398,
    -913,
    -308,
    398,
    -913,
    -312,
    450,
    -884,
    302,
    320,
    898,
    278,
    319,
    916,
    -302,
    320,
    898,
    -278,
    319,
    916,
    -264,
    323,
    918,
    264,
    323,
    918,
    335,
    360,
    842,
    -335,
    360,
    842
  ],
  "morphTargets": [],
  "morphColors": [],
  "normals": [
    0.13008,
    0.46828,
    0.87395,
    0.20489,
    0.69439,
    0.68981,
    -0.13436,
    0.75926,
    0.63676,
    0.13436,
    0.75926,
    0.63676,
    -0.20489,
    0.69439,
    0.68981,
    -0.13008,
    0.46828,
    0.87395,
    0.25459,
    0.21042,
    0.94388,
    0.79429,
    0.1852,
    0.57863,
    0.54456,
    0.60441,
    0.5815,
    0.62547,
    0.67891,
    0.38454,
    0.35317,
    0.85964,
    0.36917,
    -0.54456,
    0.60441,
    0.5815,
    -0.79429,
    0.1852,
    0.57863,
    -0.25459,
    0.21042,
    0.94388,
    -0.35317,
    0.85964,
    0.36917,
    -0.62547,
    0.67891,
    0.38454,
    0.1329,
    -0.16903,
    -0.97661,
    -0.80935,
    -0.53687,
    -0.23819,
    -0.18339,
    -0.65328,
    -0.73457,
    -0.31074,
    0.86936,
    -0.38427,
    0.23421,
    0.61941,
    -0.74932,
    0.18339,
    -0.65328,
    -0.73457,
    0.80935,
    -0.53687,
    -0.23819,
    -0.1329,
    -0.16903,
    -0.97661,
    -0.23421,
    0.61941,
    -0.74932,
    0.31074,
    0.86936,
    -0.38427,
    -0.044534,
    0.90226,
    0.42889,
    0.044534,
    0.90226,
    0.42889,
    0.58681,
    0.70018,
    -0.4067,
    -0.58681,
    0.70018,
    -0.4067,
    0.717,
    0.59778,
    -0.35855,
    0.64776,
    -0.37247,
    -0.66459,
    -0.64776,
    -0.37247,
    -0.66459,
    -0.717,
    0.59778,
    -0.35855,
    0.72199,
    -0.10961,
    0.68316,
    0.12244,
    -0.85862,
    0.49778,
    -0.72199,
    -0.10961,
    0.68316,
    -0.12244,
    -0.85862,
    0.49778,
    0.12842,
    -0.13497,
    0.98249,
    -0.12842,
    -0.13497,
    0.98249,
    0.82723,
    0.36685,
    0.42556,
    -0.82723,
    0.36685,
    0.42556
  ],
  "colors": [],
  "uvs": [
    []
  ],
  "faces": [
    34,
    0,
    1,
    2,
    0,
    0,
    1,
    2,
    34,
    3,
    4,
    5,
    0,
    3,
    4,
    5,
    34,
    6,
    7,
    8,
    0,
    6,
    7,
    8,
    34,
    9,
    10,
    8,
    0,
    9,
    10,
    8,
    34,
    11,
    12,
    13,
    0,
    11,
    12,
    13,
    34,
    11,
    14,
    15,
    0,
    11,
    14,
    15,
    34,
    16,
    17,
    18,
    0,
    16,
    17,
    18,
    34,
    18,
    19,
    20,
    0,
    18,
    19,
    20,
    34,
    21,
    22,
    23,
    0,
    21,
    22,
    23,
    34,
    24,
    25,
    21,
    0,
    24,
    25,
    21,
    34,
    3,
    10,
    26,
    0,
    3,
    10,
    26,
    34,
    27,
    14,
    2,
    0,
    27,
    14,
    2,
    34,
    20,
    16,
    18,
    0,
    20,
    16,
    18,
    34,
    20,
    19,
    28,
    0,
    20,
    19,
    28,
    34,
    21,
    23,
    24,
    0,
    21,
    23,
    24,
    34,
    29,
    25,
    24,
    0,
    29,
    25,
    24,
    34,
    2,
    13,
    0,
    0,
    2,
    13,
    0,
    34,
    5,
    6,
    3,
    0,
    5,
    6,
    3,
    34,
    30,
    31,
    25,
    0,
    30,
    31,
    25,
    34,
    25,
    29,
    30,
    0,
    25,
    29,
    30,
    34,
    19,
    32,
    33,
    0,
    19,
    32,
    33,
    34,
    33,
    28,
    19,
    0,
    33,
    28,
    19,
    34,
    7,
    6,
    34,
    0,
    7,
    6,
    34,
    34,
    35,
    34,
    6,
    0,
    35,
    34,
    6,
    34,
    13,
    36,
    37,
    0,
    13,
    36,
    37,
    34,
    36,
    13,
    12,
    0,
    36,
    13,
    12,
    34,
    28,
    16,
    20,
    0,
    28,
    16,
    20,
    34,
    24,
    23,
    29,
    0,
    24,
    23,
    29,
    34,
    17,
    33,
    32,
    0,
    17,
    33,
    32,
    34,
    31,
    30,
    22,
    0,
    31,
    30,
    22,
    34,
    8,
    7,
    9,
    0,
    8,
    7,
    9,
    34,
    15,
    12,
    11,
    0,
    15,
    12,
    11,
    34,
    0,
    13,
    38,
    0,
    0,
    13,
    38,
    34,
    39,
    6,
    5,
    0,
    39,
    6,
    5,
    34,
    1,
    27,
    2,
    0,
    1,
    27,
    2,
    34,
    3,
    26,
    4,
    0,
    3,
    26,
    4,
    34,
    22,
    21,
    31,
    0,
    22,
    21,
    31,
    34,
    25,
    31,
    21,
    0,
    25,
    31,
    21,
    34,
    19,
    18,
    32,
    0,
    19,
    18,
    32,
    34,
    32,
    18,
    17,
    0,
    32,
    18,
    17,
    34,
    11,
    2,
    14,
    0,
    11,
    2,
    14,
    34,
    11,
    13,
    2,
    0,
    11,
    13,
    2,
    34,
    10,
    3,
    8,
    0,
    10,
    3,
    8,
    34,
    3,
    6,
    8,
    0,
    3,
    6,
    8,
    34,
    39,
    34,
    35,
    0,
    39,
    34,
    35,
    34,
    6,
    39,
    35,
    0,
    6,
    39,
    35,
    34,
    37,
    36,
    38,
    0,
    37,
    36,
    38,
    34,
    37,
    38,
    13,
    0,
    37,
    38,
    13,
    34,
    9,
    7,
    40,
    0,
    9,
    7,
    40,
    34,
    34,
    40,
    7,
    0,
    34,
    40,
    7,
    34,
    41,
    12,
    15,
    0,
    41,
    12,
    15,
    34,
    12,
    41,
    36,
    0,
    12,
    41,
    36
  ]
}