{
  "metadata": {
    "formatVersion": 3.1,
    "sourceFile": "reflector.obj",
    "generatedBy": "OBJConverter",
    "vertices": 37,
    "faces": 46,
    "normals": 33,
    "colors": 0,
    "uvs": 0,
    "materials": 1
  },
  "scale": 0.5,
  "materials": [
    {
      "DbgColor": 15658734,
      "DbgIndex": 0,
      "DbgName": "mattemetal",
      "colorAmbient": [
        0.8274510503,
        0.8274510503,
        0.8274510503
      ],
      "colorDiffuse": [
        0.8274510503,
        0.8274510503,
        0.8274510503
      ],
      "colorSpecular": [
        0.2609999776,
        0.2609999776,
        0.2609999776
      ],
      "illumination": 2,
      "opacity": 1,
      "opticalDensity": 1.5,
      "specularCoef": 16,
      "transparent": true
    }
  ],
  "vertices": [
    -398,
    511,
    295,
    -398,
    518,
    243,
    -431,
    492,
    235,
    -399,
    467,
    305,
    -416,
    464,
    239,
    -365,
    460,
    286,
    431,
    492,
    235,
    398,
    518,
    243,
    398,
    511,
    295,
    365,
    460,
    286,
    416,
    464,
    239,
    399,
    467,
    305,
    -360,
    514,
    252,
    -360,
    508,
    287,
    -345,
    489,
    256,
    345,
    489,
    256,
    378,
    497,
    314,
    360,
    514,
    252,
    376,
    481,
    317,
    -376,
    481,
    317,
    430,
    491,
    275,
    -430,
    491,
    275,
    404,
    489,
    311,
    -404,
    489,
    311,
    -378,
    497,
    314,
    -351,
    467,
    255,
    -351,
    483,
    288,
    -381,
    453,
    247,
    351,
    483,
    288,
    351,
    467,
    255,
    381,
    453,
    247,
    364,
    459,
    245,
    355,
    507,
    247,
    431,
    487,
    230,
    -431,
    487,
    230,
    -355,
    507,
    247,
    -364,
    459,
    245
  ],
  "morphTargets": [],
  "morphColors": [],
  "normals": [
    -0.29662,
    0.85852,
    0.41828,
    -0.34363,
    0.93025,
    0.12865,
    -0.9782,
    0.19606,
    0.068499,
    -0.36434,
    -0.73826,
    0.56764,
    -0.63464,
    -0.7563,
    0.15886,
    0.40107,
    -0.85355,
    0.33256,
    0.9782,
    0.19606,
    0.068499,
    0.34363,
    0.93025,
    0.12865,
    0.25154,
    0.87037,
    0.42329,
    -0.40107,
    -0.85355,
    0.33256,
    0.63464,
    -0.7563,
    0.15886,
    0.36434,
    -0.73826,
    0.56764,
    0.45597,
    0.87865,
    0.14164,
    0.58094,
    0.72045,
    0.37876,
    0.97811,
    0.14427,
    0.14994,
    -0.93367,
    0.22846,
    0.27579,
    -0.29276,
    0.55253,
    0.78038,
    -0.48191,
    0.82093,
    0.30633,
    -0.3134,
    -0.24253,
    0.91813,
    0.32473,
    -0.23228,
    0.91684,
    0.9547,
    0.13192,
    0.26674,
    -0.9547,
    0.13192,
    0.26674,
    0.56639,
    0.11378,
    0.81625,
    -0.56639,
    0.11378,
    0.81625,
    0.27206,
    0.49246,
    0.82672,
    0.76014,
    -0.64286,
    0.094393,
    0.89357,
    -0.081914,
    0.44138,
    -0.11174,
    -0.96865,
    0.22189,
    -0.90092,
    0.10043,
    0.42222,
    -0.76014,
    -0.64286,
    0.094393,
    0.11174,
    -0.96865,
    0.22189,
    -0.22863,
    0.0015127,
    -0.97351,
    0.22863,
    0.0015127,
    -0.97351
  ],
  "colors": [],
  "uvs": [
    []
  ],
  "faces": [
    34,
    0,
    1,
    2,
    0,
    0,
    1,
    2,
    34,
    3,
    4,
    5,
    0,
    3,
    4,
    5,
    34,
    6,
    7,
    8,
    0,
    6,
    7,
    8,
    34,
    9,
    10,
    11,
    0,
    9,
    10,
    11,
    34,
    12,
    13,
    14,
    0,
    12,
    13,
    14,
    34,
    15,
    16,
    17,
    0,
    15,
    16,
    17,
    34,
    11,
    18,
    9,
    0,
    11,
    18,
    9,
    34,
    16,
    8,
    17,
    0,
    16,
    8,
    17,
    34,
    12,
    0,
    13,
    0,
    12,
    0,
    13,
    34,
    5,
    19,
    3,
    0,
    5,
    19,
    3,
    34,
    10,
    20,
    11,
    0,
    10,
    20,
    11,
    34,
    3,
    21,
    4,
    0,
    3,
    21,
    4,
    34,
    20,
    8,
    22,
    0,
    20,
    8,
    22,
    34,
    16,
    22,
    8,
    0,
    16,
    22,
    8,
    34,
    23,
    0,
    21,
    0,
    23,
    0,
    21,
    34,
    0,
    23,
    24,
    0,
    0,
    23,
    24,
    34,
    25,
    26,
    5,
    0,
    25,
    26,
    5,
    34,
    5,
    27,
    25,
    0,
    5,
    27,
    25,
    34,
    9,
    28,
    29,
    0,
    9,
    28,
    29,
    34,
    29,
    30,
    9,
    0,
    29,
    30,
    9,
    34,
    17,
    8,
    7,
    0,
    17,
    8,
    7,
    34,
    1,
    0,
    12,
    0,
    1,
    0,
    12,
    34,
    31,
    32,
    33,
    0,
    31,
    31,
    31,
    34,
    34,
    35,
    36,
    0,
    32,
    32,
    32,
    34,
    14,
    13,
    26,
    0,
    14,
    13,
    26,
    34,
    23,
    19,
    24,
    0,
    23,
    19,
    24,
    34,
    28,
    16,
    15,
    0,
    28,
    16,
    15,
    34,
    16,
    18,
    22,
    0,
    16,
    18,
    22,
    34,
    0,
    2,
    21,
    0,
    0,
    2,
    21,
    34,
    21,
    2,
    4,
    0,
    21,
    2,
    4,
    34,
    20,
    6,
    8,
    0,
    20,
    6,
    8,
    34,
    10,
    6,
    20,
    0,
    10,
    6,
    20,
    34,
    10,
    9,
    30,
    0,
    10,
    9,
    30,
    34,
    27,
    5,
    4,
    0,
    27,
    5,
    4,
    34,
    23,
    21,
    3,
    0,
    23,
    21,
    3,
    34,
    19,
    23,
    3,
    0,
    19,
    23,
    3,
    34,
    11,
    20,
    22,
    0,
    11,
    20,
    22,
    34,
    11,
    22,
    18,
    0,
    11,
    22,
    18,
    34,
    15,
    29,
    28,
    0,
    15,
    29,
    28,
    34,
    26,
    25,
    14,
    0,
    26,
    25,
    14,
    34,
    28,
    9,
    18,
    0,
    28,
    9,
    18,
    34,
    16,
    28,
    18,
    0,
    16,
    28,
    18,
    34,
    19,
    5,
    26,
    0,
    19,
    5,
    26,
    34,
    19,
    26,
    13,
    0,
    19,
    26,
    13,
    34,
    0,
    24,
    13,
    0,
    0,
    24,
    13,
    34,
    13,
    24,
    19,
    0,
    13,
    24,
    19
  ]
}