{
  "metadata": {
    "formatVersion": 3.1,
    "sourceFile": "roof.obj",
    "generatedBy": "OBJConverter",
    "vertices": 74,
    "faces": 123,
    "normals": 74,
    "colors": 0,
    "uvs": 0,
    "materials": 1
  },
  "scale": 0.5,
  "materials": [
    {
      "DbgColor": 15658734,
      "DbgIndex": 0,
      "DbgName": "mattemetal",
      "colorAmbient": [
        0.8274510503,
        0.8274510503,
        0.8274510503
      ],
      "colorDiffuse": [
        0.8274510503,
        0.8274510503,
        0.8274510503
      ],
      "colorSpecular": [
        0.2609999776,
        0.2609999776,
        0.2609999776
      ],
      "illumination": 2,
      "opacity": 1,
      "opticalDensity": 1.5,
      "specularCoef": 16,
      "transparent": true
    }
  ],
  "vertices": [
    0,
    671,
    -505,
    -25,
    669,
    155,
    192,
    668,
    -32,
    -192,
    668,
    -32,
    -183,
    664,
    -506,
    62,
    634,
    -847,
    -19,
    655,
    -742,
    160,
    650,
    -742,
    -62,
    634,
    -847,
    -91,
    645,
    247,
    146,
    652,
    214,
    -221,
    623,
    -795,
    -207,
    622,
    -779,
    -230,
    621,
    -743,
    -171,
    632,
    -829,
    -160,
    650,
    -742,
    187,
    665,
    -587,
    228,
    672,
    -38,
    224,
    662,
    -510,
    -250,
    634,
    165,
    -204,
    633,
    218,
    -201,
    660,
    148,
    -228,
    672,
    -38,
    -250,
    651,
    -197,
    -245,
    656,
    98,
    171,
    632,
    -829,
    230,
    621,
    -743,
    207,
    622,
    -779,
    221,
    623,
    -795,
    181,
    644,
    -742,
    -204,
    640,
    -742,
    -42,
    656,
    -742,
    -224,
    662,
    -510,
    -187,
    665,
    -587,
    201,
    660,
    148,
    262,
    636,
    52,
    250,
    651,
    -197,
    -180,
    642,
    -742,
    -216,
    631,
    -794,
    -216,
    639,
    -742,
    250,
    634,
    165,
    208,
    643,
    -742,
    119,
    653,
    -742,
    -208,
    643,
    -742,
    216,
    639,
    -742,
    216,
    631,
    -794,
    -157,
    633,
    255,
    -262,
    636,
    52,
    -253,
    634,
    82,
    68,
    627,
    -855,
    172,
    625,
    -831,
    -172,
    625,
    -831,
    -68,
    627,
    -855,
    -239,
    621,
    -741,
    -230,
    622,
    -742,
    -249,
    628,
    -514,
    204,
    633,
    218,
    253,
    634,
    82,
    239,
    621,
    -741,
    249,
    628,
    -514,
    69,
    624,
    -805,
    62,
    633,
    279,
    -69,
    624,
    -805,
    157,
    633,
    255,
    62,
    633,
    271,
    -239,
    622,
    -743,
    239,
    622,
    -743,
    67,
    629,
    -852,
    230,
    622,
    -742,
    -62,
    633,
    271,
    183,
    664,
    -506,
    195,
    677,
    -111,
    -195,
    677,
    -111,
    -67,
    629,
    -852
  ],
  "morphTargets": [],
  "morphColors": [],
  "normals": [
    0.00029819,
    0.99952,
    -0.030968,
    -0.0057142,
    0.99183,
    0.1274,
    -0.34327,
    0.9384,
    0.039699,
    0.34219,
    0.93884,
    0.038613,
    0.23983,
    0.97041,
    -0.028052,
    0.025037,
    0.95267,
    -0.30296,
    -0.0036303,
    0.77834,
    0.62783,
    0.080023,
    0.77057,
    0.63231,
    -0.025325,
    0.95146,
    -0.30674,
    -0.067019,
    0.92279,
    0.37944,
    0.13302,
    0.94914,
    0.28536,
    -0.74507,
    -0.41104,
    -0.52528,
    -0.034632,
    -0.99624,
    -0.079375,
    -0.049163,
    -0.60081,
    0.79788,
    -0.3001,
    0.72086,
    -0.62473,
    -0.081325,
    0.7812,
    0.61896,
    -0.78568,
    0.5954,
    -0.16794,
    0.39519,
    0.91761,
    0.04261,
    0.5118,
    0.85791,
    -0.045255,
    -0.84709,
    -0.21391,
    0.48649,
    -0.36763,
    0.82849,
    0.42244,
    -0.20449,
    0.9581,
    0.20055,
    -0.38022,
    0.92437,
    0.031348,
    -0.81168,
    0.58358,
    -0.02474,
    -0.57259,
    0.81199,
    0.11321,
    0.3001,
    0.72086,
    -0.62473,
    0.039873,
    -0.58164,
    0.81247,
    0.034632,
    -0.99624,
    -0.079375,
    0.74507,
    -0.41104,
    -0.52528,
    0.0076714,
    0.065279,
    -0.99784,
    -0.012196,
    0.024053,
    -0.99964,
    -0.018553,
    0.69812,
    -0.71574,
    -0.5118,
    0.85791,
    -0.045255,
    0.78568,
    0.5954,
    -0.16795,
    0.2529,
    0.95071,
    0.17942,
    0.96551,
    -0.21573,
    0.14579,
    0.81167,
    0.58359,
    -0.024512,
    -0.005889,
    0.025866,
    0.99965,
    -0.52368,
    0.75954,
    -0.38582,
    -0.32284,
    0.71533,
    0.61974,
    0.89277,
    -0.17856,
    0.41362,
    0.25263,
    0.6631,
    -0.70461,
    0.044797,
    0.70558,
    -0.70721,
    -0.24745,
    0.68223,
    -0.68799,
    0.31913,
    0.71979,
    0.61648,
    0.52368,
    0.75954,
    -0.38582,
    -0.42109,
    -0.16747,
    0.89142,
    -0.9388,
    -0.34341,
    0.027071,
    -0.12488,
    -0.99216,
    0.0039059,
    -0.33118,
    -0.26342,
    -0.90605,
    0.34543,
    -0.52401,
    -0.77852,
    -0.34543,
    -0.52401,
    -0.77852,
    0.33118,
    -0.26342,
    -0.90605,
    -0.76291,
    -0.32132,
    -0.561,
    -0.03528,
    -0.41386,
    -0.90966,
    -0.96601,
    -0.25386,
    -0.04883,
    0.35047,
    0.86524,
    0.35851,
    0.12488,
    -0.99216,
    0.0039059,
    0.7597,
    -0.3206,
    -0.56575,
    0.96601,
    -0.25386,
    -0.04883,
    -0.01759,
    -0.99732,
    -0.071022,
    0.078384,
    -0.13676,
    0.9875,
    0.017591,
    -0.99732,
    -0.071022,
    0.41531,
    -0.18819,
    0.89,
    0.00070662,
    -0.99985,
    0.017274,
    -0.86037,
    -0.25978,
    0.4385,
    0.86243,
    -0.26072,
    0.43388,
    -0.72699,
    -0.68663,
    -0.0054635,
    0.04705,
    -0.32015,
    -0.9462,
    -0.047842,
    0.84159,
    0.53799,
    -0.23969,
    0.97048,
    -0.026828,
    -0.43998,
    0.89801,
    -0.0018535,
    0.43998,
    0.89801,
    -0.0018534,
    0.72699,
    -0.68663,
    -0.0054636
  ],
  "colors": [],
  "uvs": [
    []
  ],