{
  "metadata": {
    "formatVersion": 3.1,
    "sourceFile": "glass.obj",
    "generatedBy": "OBJConverter",
    "vertices": 41,
    "faces": 33,
    "normals": 41,
    "colors": 0,
    "uvs": 0,
    "materials": 1
  },
  "scale": 0.5,
  "materials": [
    {
      "DbgColor": 15658734,
      "DbgIndex": 0,
      "DbgName": "23___Default",
      "colorAmbient": [
        0.2431,
        0.2863,
        0.4353
      ],
      "colorDiffuse": [
        0.2431,
        0.2863,
        0.4353
      ],
      "colorSpecular": [
        0.792,
        0.792,
        0.792
      ],
      "illumination": 2,
      "opacity": 1,
      "opticalDensity": 1.5,
      "specularCoef": 39,
      "transparent": true
    }
  ],
  "vertices": [
    -62,
    748,
    238,
    -221,
    748,
    187,
    -112,
    637,
    382,
    112,
    637,
    382,
    251,
    637,
    325,
    221,
    748,
    187,
    -251,
    637,
    325,
    -187,
    577,
    -922,
    -39,
    736,
    -816,
    187,
    577,
    -922,
    62,
    748,
    238,
    236,
    734,
    -781,
    82,
    520,
    525,
    370,
    555,
    -150,
    359,
    570,
    -584,
    332,
    657,
    -569,
    -332,
    657,
    -569,
    -359,
    570,
    -584,
    -370,
    555,
    -150,
    292,
    745,
    119,
    360,
    532,
    350,
    298,
    756,
    -175,
    -298,
    756,
    -175,
    -360,
    532,
    350,
    -292,
    745,
    119,
    -298,
    755,
    -193,
    298,
    755,
    -193,
    -177,
    736,
    -797,
    371,
    553,
    -130,
    -371,
    553,
    -130,
    345,
    520,
    396,
    284,
    748,
    142,
    -236,
    734,
    -781,
    -272,
    576,
    -886,
    272,
    576,
    -886,
    -82,
    520,
    525,
    281,
    520,
    448,
    -345,
    520,
    396,
    -284,
    748,
    142,
    -294,
    731,
    -539,
    294,
    731,
    -539
  ],
  "morphTargets": [],
  "morphColors": [],
  "normals": [
    -0.082346,
    0.80295,
    0.59033,
    -0.30258,
    0.77899,
    0.5492,
    -0.13381,
    0.77099,
    0.62263,
    0.10302,
    0.77469,
    0.6239,
    0.36271,
    0.73853,
    0.56834,
    0.30258,
    0.77899,
    0.5492,
    -0.36273,
    0.72656,
    0.58356,
    -0.17145,
    0.58532,
    -0.79247,
    -0.0082581,
    0.59654,
    -0.80254,
    0.16497,
    0.60182,
    -0.78141,
    0.081586,
    0.80007,
    0.59433,
    0.15994,
    0.63047,
    -0.75956,
    0.098454,
    0.76188,
    0.64019,
    0.94342,
    0.33155,
    -0.0057801,
    0.95385,
    0.29995,
    -0.01447,
    0.93213,
    0.36147,
    -0.021859,
    -0.93213,
    0.36147,
    -0.021859,
    -0.95385,
    0.29995,
    -0.01447,
    -0.94342,
    0.33155,
    -0.0057801,
    0.9416,
    0.33537,
    0.030377,
    0.93899,
    0.3423,
    0.033626,
    0.938,
    0.34489,
    0.034842,
    -0.938,
    0.34489,
    0.034842,
    -0.93899,
    0.3423,
    0.033626,
    -0.9416,
    0.33537,
    0.030377,
    -0.93533,
    0.35367,
    -0.008858,
    0.93533,
    0.35367,
    -0.0088581,
    -0.17147,
    0.61359,
    -0.77078,
    0.9365,
    0.34874,
    0.036657,
    -0.9365,
    0.34874,
    0.036657,
    0.46655,
    0.69773,
    0.54361,
    0.41271,
    0.74326,
    0.52654,
    -0.25791,
    0.59909,
    -0.75801,
    -0.32933,
    0.57151,
    -0.75161,
    0.32933,
    0.57151,
    -0.75161,
    -0.11645,
    0.74956,
    0.65162,
    0.34303,
    0.71737,
    0.60639,
    -0.37886,
    0.67928,
    0.62853,
    -0.41271,
    0.74326,
    0.52654,
    -0.88399,
    0.46555,
    -0.042703,
    0.88399,
    0.46555,
    -0.042703
  ],
  "colors": [],
  "uvs": [
    []
  ],
  "faces": [
    34,
    0,
    1,
    2,
    0,
    0,
    1,
    2,
    34,
    3,
    4,
    5,
    0,
    3,
    4,
    5,
    34,
    1,
    6,
    2,
    0,
    1,
    6,
    2,
    34,
    7,
    8,
    9,
    0,
    7,
    8,
    9,
    34,
    3,
    5,
    10,
    0,
    3,
    5,
    10,
    34,
    9,
    8,
    11,
    0,
    9,
    8,
    11,
    34,
    2,
    12,
    10,
    0,
    2,
    12,
    10,
    34,
    13,
    14,
    15,
    0,
    13,
    14,
    15,
    34,
    16,
    17,
    18,
    0,
    16,
    17,
    18,
    34,
    19,
    20,
    21,
    0,
    19,
    20,
    21,
    34,
    22,
    23,
    24,
    0,
    22,
    23,
    24,
    34,
    16,
    18,
    25,
    0,
    16,
    18,
    25,
    34,
    26,
    13,
    15,
    0,
    26,
    13,
    15,
    34,
    27,
    8,
    7,
    0,
    27,
    8,
    7,
    34,
    20,
    28,
    21,
    0,
    20,
    28,
    21,
    34,
    22,
    29,
    23,
    0,
    22,
    29,
    23,
    34,
    4,
    30,
    31,
    0,
    4,
    30,
    31,
    34,
    32,
    7,
    33,
    0,
    32,
    7,
    33,
    34,
    34,
    9,
    11,
    0,
    34,
    9,
    11,
    34,
    2,
    35,
    12,
    0,
    2,
    35,
    12,
    34,
    6,
    35,
    2,
    0,
    6,
    35,
    2,
    34,
    10,
    12,
    3,
    0,
    10,
    12,
    3,
    34,
    3,
    12,
    36,
    0,
    3,
    12,
    36,
    34,
    35,
    6,
    37,
    0,
    35,
    6,
    37,
    34,
    38,
    37,
    6,
    0,
    38,
    37,
    6,
    34,
    4,
    31,
    5,
    0,
    4,
    31,
    5,
    34,
    1,
    38,
    6,
    0,
    1,
    38,
    6,
    34,
    4,
    36,
    30,
    0,
    4,
    36,
    30,
    34,
    3,
    36,
    4,
    0,
    3,
    36,
    4,
    34,
    10,
    0,
    2,
    0,
    10,
    0,
    2,
    34,
    39,
    16,
    25,
    0,
    39,
    16,
    25,
    34,
    26,
    15,
    40,
    0,
    26,
    15,
    40,
    34,
    32,
    27,
    7,
    0,
    32,
    27,
    7
  ]
}