{
  "metadata": {
    "formatVersion": 3.1,
    "sourceFile": "roof.obj",
    "generatedBy": "OBJConverter",
    "vertices": 49,
    "faces": 96,
    "normals": 50,
    "colors": 0,
    "uvs": 0,
    "materials": 1
  },
  "scale": 0.5,
  "materials": [
    {
      "DbgColor": 15658734,
      "DbgIndex": 0,
      "DbgName": "23___Default",
      "colorAmbient": [
        0.5882353187,
        0.5882353187,
        0.5882353187
      ],
      "colorDiffuse": [
        0.5882353187,
        0.5882353187,
        0.5882353187
      ],
      "colorSpecular": [
        0,
        0,
        0
      ],
      "illumination": 2,
      "opacity": 1,
      "opticalDensity": 1.5,
      "specularCoef": 9.9999990463,
      "transparent": true
    }
  ],
  "vertices": [
    -135,
    752,
    -854,
    -209,
    735,
    -788,
    209,
    735,
    -788,
    297,
    759,
    -130,
    273,
    732,
    -724,
    262,
    730,
    -699,
    273,
    732,
    -724,
    297,
    759,
    -130,
    -96,
    763,
    -860,
    -221,
    740,
    -815,
    -207,
    782,
    -721,
    0,
    791,
    -664,
    207,
    782,
    -721,
    207,
    782,
    -721,
    -207,
    782,
    -721,
    -221,
    740,
    -815,
    -297,
    759,
    -130,
    -273,
    732,
    -724,
    -262,
    730,
    -699,
    -273,
    732,
    -724,
    -297,
    759,
    -130,
    260,
    780,
    106,
    -260,
    780,
    106,
    -238,
    800,
    -127,
    -290,
    748,
    136,
    -165,
    744,
    197,
    -274,
    746,
    119,
    238,
    800,
    -127,
    274,
    746,
    119,
    238,
    800,
    -127,
    -257,
    790,
    -518,
    -238,
    800,
    -127,
    -290,
    748,
    136,
    290,
    748,
    136,
    165,
    744,
    197,
    290,
    748,
    136,
    221,
    740,
    -815,
    164,
    787,
    -784,
    0,
    749,
    248,
    -164,
    787,
    -784,
    164,
    787,
    -784,
    221,
    740,
    -815,
    -260,
    780,
    106,
    96,
    757,
    -862,
    260,
    780,
    106,
    265,
    755,
    -730,
    265,
    755,
    -730,
    -265,
    755,
    -730,
    -265,
    755,
    -730
  ],
  "morphTargets": [],
  "morphColors": [],
  "normals": [
    0.19431,
    -0.0098947,
    0.98089,
    0.64349,
    0.20717,
    -0.73688,
    -0.24379,
    -0.22182,
    0.94412,
    -0.99987,
    -0.0099536,
    0.012542,
    -0.83281,
    0.51806,
    0.19503,
    -0.96519,
    -0.24543,
    0.090437,
    0.91233,
    -0.40015,
    -0.086833,
    0.99991,
    0.0087705,
    -0.0098133,
    -0.082331,
    0.044016,
    -0.99563,
    -0.54989,
    -0.24164,
    -0.79952,
    -0.23359,
    0.9668,
    -0.10362,
    0.0096184,
    0.99753,
    -0.069597,
    0.30307,
    0.95188,
    -0.045479,
    -0.24941,
    -0.96507,
    0.080254,
    4.1e-9,
    -0.9969,
    0.078635,
    0.23058,
    -0.95886,
    0.16558,
    0.55178,
    0.16978,
    0.81653,
    -0.99988,
    -0.00081302,
    0.015476,
    -0.82403,
    -0.52518,
    -0.21251,
    0.96455,
    -0.24792,
    0.090471,
    0.83288,
    0.51792,
    0.19509,
    0.99987,
    -0.010087,
    0.012544,
    -0.35871,
    -0.90049,
    -0.24585,
    0.35871,
    -0.90049,
    -0.24585,
    0.29107,
    -0.95667,
    -0.0076808,
    0.79086,
    0.20915,
    -0.57515,
    0.29201,
    0.30567,
    -0.90625,
    0.9259,
    -0.20673,
    -0.31618,
    0.28838,
    0.95749,
    0.0063546,
    -0.92657,
    -0.20368,
    -0.31619,
    -0.29107,
    -0.95667,
    -0.0076808,
    -0.52979,
    0.84646,
    -0.053102,
    -0.28003,
    0.95971,
    0.023168,
    -0.79082,
    -0.20935,
    0.57513,
    0.79081,
    -0.20949,
    0.57509,
    -0.29234,
    0.3025,
    -0.90721,
    -0.79086,
    0.20929,
    -0.5751,
    -0.56531,
    0.23349,
    0.79115,
    -0.18991,
    -0.94547,
    0.26461,
    0.00053057,
    -0.21964,
    0.97558,
    -0.20429,
    0.94721,
    -0.24711,
    0.17251,
    0.92087,
    -0.34963,
    0.51699,
    -0.21837,
    -0.82767,
    -0.35879,
    0.90044,
    0.24592,
    -0.074536,
    0.0095997,
    0.99717,
    0.35879,
    0.90044,
    0.24592,
    -0.75244,
    -0.61136,
    0.24511,
    0.75531,
    0.62336,
    0.2023,
    -0.75118,
    0.60087,
    -0.27328,
    0.74018,
    -0.62112,
    0.25756
  ],
  "colors": [],
  "uvs": [
    []
  ],