{
  "metadata": {
    "formatVersion": 3.1,
    "sourceFile": "trunk.obj",
    "generatedBy": "OBJConverter",
    "vertices": 70,
    "faces": 136,
    "normals": 170,
    "colors": 0,
    "uvs": 0,
    "materials": 1
  },
  "scale": 0.5,
  "materials": [
    {
      "DbgColor": 15658734,
      "DbgIndex": 0,
      "DbgName": "_trunk05___Default",
      "colorAmbient": [
        0.4156863093,
        0.4156863093,
        0.4156863093
      ],
      "colorDiffuse": [
        0.4156863093,
        0.4156863093,
        0.4156863093
      ],
      "colorSpecular": [
        0,
        0,
        0
      ],
      "illumination": 2,
      "opacity": 1,
      "opticalDensity": 1.5,
      "specularCoef": 9.9999990463,
      "transparent": true
    }
  ],
  "vertices": [
    -286,
    508,
    -932,
    -276,
    559,
    -895,
    -289,
    418,
    -929,
    0,
    548,
    -977,
    -84,
    329,
    -995,
    0,
    360,
    -999,
    -181,
    502,
    -971,
    -27,
    502,
    -988,
    -28,
    329,
    -998,
    289,
    418,
    -929,
    291,
    419,
    -949,
    286,
    508,
    -932,
    -75,
    578,
    -956,
    -286,
    508,
    -932,
    286,
    508,
    -932,
    291,
    419,
    -949,
    139,
    329,
    -989,
    181,
    502,
    -971,
    200,
    577,
    -918,
    125,
    577,
    -953,
    226,
    578,
    -930,
    0,
    577,
    -938,
    121,
    577,
    -932,
    75,
    578,
    -956,
    139,
    329,
    -989,
    181,
    502,
    -971,
    227,
    330,
    -971,
    223,
    330,
    -951,
    227,
    330,
    -971,
    -291,
    419,
    -949,
    -27,
    502,
    -988,
    -181,
    502,
    -971,
    -291,
    419,
    -949,
    -139,
    329,
    -989,
    -81,
    328,
    -975,
    -223,
    330,
    -951,
    0,
    548,
    -977,
    226,
    578,
    -930,
    125,
    577,
    -953,
    -75,
    578,
    -956,
    75,
    578,
    -956,
    276,
    559,
    -895,
    -226,
    578,
    -930,
    -259,
    576,
    -892,
    -200,
    577,
    -918,
    -226,
    578,
    -930,
    0,
    578,
    -958,
    0,
    578,
    -958,
    84,
    329,
    -995,
    0,
    360,
    -999,
    -288,
    364,
    -956,
    -227,
    330,
    -971,
    -282,
    358,
    -938,
    -125,
    577,
    -953,
    259,
    576,
    -892,
    -125,
    577,
    -953,
    -227,
    330,
    -971,
    -288,
    364,
    -956,
    -276,
    569,
    -909,
    276,
    569,
    -909,
    -276,
    569,
    -909,
    276,
    569,
    -909,
    -121,
    577,
    -932,
    288,
    364,
    -956,
    282,
    358,
    -938,
    288,
    364,
    -956,
    253,
    577,
    -916,
    -253,
    577,
    -916,
    -253,
    577,
    -916,
    -27,
    328,
    -978
  ],
  "morphTargets": [],
  "morphColors": [],
  "normals": [
    0.99087,
    -0.073,
    -0.11338,
    0.97903,
    -0.17734,
    -0.10026,
    0.9957,
    -0.027965,
    -0.088361,
    -0.02887,
    -0.17586,
    0.98399,
    0.083631,
    -0.031378,
    0.996,
    7.6e-9,
    -0.030892,
    0.99952,
    -0.20668,
    0.16526,
    -0.96435,
    -0.02887,
    0.17586,
    -0.98399,
    -0.083631,
    0.031375,
    -0.996,
    0.9957,
    0.027965,
    0.088361,
    0.99577,
    0.038591,
    0.083407,
    0.99087,
    0.073011,
    0.11332,
    -0.05944,
    0.51533,
    -0.85493,
    -0.9957,
    0.027965,
    0.088361,
    -0.97903,
    0.17734,
    0.10026,
    -0.99087,
    0.073011,
    0.11332,
    -0.99087,
    -0.073,
    -0.11337,
    -0.99577,
    -0.038585,
    -0.083441,
    -0.9957,
    -0.027965,
    -0.088361,
    -0.15063,
    -0.033287,
    0.98803,
    -0.20668,
    -0.16526,
    0.96435,
    0.0036211,
    -0.99868,
    -0.051159,
    -0.00025279,
    -1,
    0.0011331,
    0.0093086,
    -0.99909,
    -0.04155,
    2e-10,
    0.99968,
    0.025404,
    -0.0024339,
    0.9997,
    0.024493,
    -0.00009799,
    1,
    -0.00033035,
    0.15063,
    0.033284,
    -0.98803,
    0.20668,
    0.16526,
    -0.96435,
    0.20489,
    0.038956,
    -0.97801,
    0.013775,
    -0.99763,
    -0.067442,
    0.11247,
    -0.99211,
    -0.055404,
    0.1013,
    -0.99484,
    0.006193,
    -0.1013,
    0.99484,
    -0.0061935,
    -0.11229,
    0.99217,
    0.054687,
    -0.013656,
    0.99768,
    0.066653,
    -0.20489,
    -0.038958,
    0.97801,
    0.99577,
    -0.038585,
    -0.083441,
    0.02887,
    -0.17586,
    0.98399,
    0.20668,
    -0.16526,
    0.96435,
    -0.99577,
    0.038591,
    0.083407,
    -0.15063,
    0.033284,
    -0.98803,
    -0.013775,
    -0.99763,
    -0.067442,
    -0.00083103,
    -0.99995,
    -0.010432,
    -0.1013,
    -0.99484,
    0.0061909,
    0.1013,
    0.99484,
    -0.0061913,
    0.00083105,
    0.99995,
    0.010432,
    0.0057229,
    0.99768,
    0.067892,
    0.02887,
    0.17586,
    -0.98399,
    -0.009276,
    0.9991,
    0.041477,
    0.00025963,
    1,
    -0.0011925,
    -0.0036211,
    0.99868,
    0.051159,
    0.05944,
    -0.51532,
    0.85493,
    0.00010196,
    -1,
    0.0002698,
    0.002434,
    -0.9997,
    -0.024493,
    -2e-10,
    -0.99968,
    -0.025404,
    0.97903,
    0.17734,
    0.10026,
    -0.97903,
    -0.17734,
    -0.10026,
    0.009276,
    0.9991,
    0.041477,
    0.039106,
    0.99505,
    0.091411,
    0.0036211,
    0.99868,
    0.051159,
    -0.0036211,
    -0.99868,
    -0.051159,
    -0.039112,
    -0.99504,
    -0.09141,
    -0.0093086,
    -0.99909,
    -0.04155,
    0,
    1,
    0.00038894,
    0.05944,
    0.51533,
    -0.85493,
    -0.05944,
    -0.51532,
    0.85493,
    0,
    -1,
    -0.00044979,
    0.083631,
    0.031375,
    -0.996,
    -7.4e-9,
    0.03089,
    -0.99952,
    -0.083631,
    -0.031378,
    0.996,
    0.12766,
    -0.073366,
    0.9891,
    0.20489,
    -0.038958,
    0.97801,
    0.32292,
    0.94636,
    -0.011053,
    0.70473,
    0.70912,
    -0.022763,
    0.56199,
    0.82442,
    -0.067135,
    -0.00025963,
    1,
    -0.0011925,
    0.000097991,
    1,
    -0.00033035,
    -0.039106,
    0.99505,
    0.091411,
    0.039112,
    -0.99504,
    -0.09141,
    -0.00010196,
    -1,
    0.00026979,
    0.00025279,
    -1,
    0.001133,
    -0.20489,
    0.038956,
    -0.97801,
    -0.12767,
    0.073338,
    -0.9891,
    -0.56198,
    -0.82442,
    0.067136,
    -0.70479,
    -0.70907,
    0.022269,
    -0.32299,
    -0.94634,
    0.010735,
    -0.95922,
    0.27353,
    0.071294,
    -0.26664,
    0.32523,
    -0.90726,
    -0.10642,
    0.49729,
    -0.86103,
    0.10642,
    0.49729,
    -0.86103,
    0.26664,
    0.32523,
    -0.90726,
    0.95922,
    0.27353,
    0.071294,
    0.95924,
    -0.27345,
    -0.071309,
    0.10642,
    -0.49728,
    0.86104,
    0.26664,
    -0.32523,
    0.90726,
    -0.95924,
    -0.27345,
    -0.071309,
    -0.26664,
    -0.32523,
    0.90726,
    -0.10642,
    -0.49728,
    0.86104,
    0.0024339,
    0.9997,
    0.024493,
    -0.002434,
    -0.9997,
    -0.024493,
    0.32299,
    -0.94634,
    0.010734,
    0.70479,
    -0.70907,
    0.022269,
    0.56198,
    -0.82442,
    0.067136,
    0.12767,
    0.073338,
    -0.9891,
    -0.12766,
    -0.073366,
    0.9891,
    -0.56199,
    0.82442,
    -0.067136,
    -0.70473,
    0.70911,
    -0.022763,
    -0.32292,
    0.94636,
    -0.011053,
    0.11229,
    0.99217,
    0.054669,
    0.44751,
    0.37943,
    -0.8098,
    0.39316,
    0.25302,
    -0.88397,
    -0.029027,
    0.9977,
    0.061285,
    -0.3931,
    -0.25301,
    0.884,
    -0.44746,
    -0.37943,
    0.80982,
    -0.065959,
    -0.99538,
    -0.069789,
    0.029027,
    0.9977,
    0.061285,
    -0.39316,
    0.25302,
    -0.88397,
    -0.44751,
    0.37943,
    -0.8098,
    0.44746,
    -0.37943,
    0.80982,
    0.3931,
    -0.25301,
    0.884,
    -0.029058,
    -0.99769,
    -0.061342,
    -0.0020252,
    -0.9976,
    -0.069182,
    0.00028944,
    0.99995,
    0.010433,
    -0.97114,
    -0.23344,
    0.048898,
    -0.99355,
    0.047422,
    -0.10305,
    0.99358,
