{
  "metadata": {
    "formatVersion": 3.1,
    "sourceFile": "roof.obj",
    "generatedBy": "OBJConverter",
    "vertices": 64,
    "faces": 109,
    "normals": 109,
    "colors": 0,
    "uvs": 0,
    "materials": 1
  },
  "scale": 0.5,
  "materials": [
    {
      "DbgColor": 15658734,
      "DbgIndex": 0,
      "DbgName": "19___Default",
      "colorAmbient": [
        0.5882353187,
        0.5882353187,
        0.5882353187
      ],
      "colorDiffuse": [
        0.5882353187,
        0.5882353187,
        0.5882353187
      ],
      "colorSpecular": [
        0,
        0,
        0
      ],
      "illumination": 2,
      "opacity": 1,
      "opticalDensity": 1.5,
      "specularCoef": 9.9999990463,
      "transparent": true
    }
  ],
  "vertices": [
    156,
    776,
    41,
    280,
    776,
    -57,
    268,
    789,
    -253,
    -249,
    785,
    -549,
    -268,
    789,
    -253,
    -181,
    797,
    -452,
    137,
    782,
    -712,
    -42,
    792,
    -661,
    0,
    805,
    -451,
    -145,
    800,
    -244,
    -51,
    791,
    -30,
    48,
    805,
    -293,
    295,
    746,
    91,
    213,
    746,
    127,
    -137,
    782,
    -712,
    249,
    785,
    -549,
    168,
    768,
    -812,
    121,
    761,
    -818,
    0,
    765,
    -822,
    81,
    770,
    -819,
    0,
    780,
    51,
    -54,
    752,
    146,
    0,
    747,
    147,
    -213,
    746,
    127,
    -156,
    776,
    41,
    -295,
    746,
    91,
    -280,
    776,
    -57,
    181,
    797,
    -452,
    145,
    800,
    -244,
    -168,
    768,
    -812,
    40,
    772,
    -820,
    0,
    772,
    -821,
    108,
    751,
    142,
    162,
    749,
    136,
    -81,
    770,
    -819,
    -121,
    769,
    -817,
    -162,
    749,
    136,
    -108,
    751,
    142,
    54,
    752,
    146,
    -249,
    779,
    -549,
    -265,
    785,
    -302,
    121,
    769,
    -817,
    -135,
    762,
    -817,
    -40,
    772,
    -820,
    -237,
    756,
    -798,
    -203,
    764,
    -806,
    -135,
    770,
    -816,
    135,
    770,
    -816,
    283,
    766,
    -14,
    255,
    783,
    -450,
    237,
    761,
    -798,
    203,
    764,
    -806,
    237,
    756,
    -798,
    -237,
    761,
    -798,
    -108,
    742,
    139,
    108,
    742,
    139,
    213,
    737,
    124,
    -213,
    737,
    124,
    298,
    735,
    107,
    257,
    743,
    117,
    -257,
    743,
    117,
    -298,
    735,
    107,
    -282,
    766,
    -14,
    292,
    741,
    109
  ],
  "morphTargets": [],
  "morphColors": [],
  "normals": [
    0.073514,
    0.97887,
    0.1908,
    0.11958,
    0.98863,
    0.091114,
    0.11548,
    0.99295,
    0.026646,
    -0.12143,
    0.99053,
    -0.064152,
    -0.11548,
    0.99295,
    0.026646,
    -0.084813,
    0.99593,
    -0.03043,
    0.051935,
    0.9925,
    -0.11065,
    -0.027223,
    0.99552,
    -0.090527,
    0,
    0.99966,
    -0.026253,
    -0.060868,
    0.99764,
    0.031687,
    -0.024722,
    0.99477,
    0.099059,
    0.023408,
    0.9996,
    0.015775,
    0.15158,
    0.94565,
    0.28771,
    0.11721,
    0.93911,
    0.32302,
    -0.051935,
    0.9925,
    -0.11065,
    0.12143,
    0.99053,
    -0.064152,
    0.097077,
    0.98689,
    -0.12895,
    0.046765,
    -0.0000078996,
    -0.99891,
    0.045508,
    -0.0000078091,
    -0.99896,
    -6e-10,
    0.98109,
    0.19355,
    -0.033177,
    0.94184,
    0.33442,
    -1.2e-9,
    0.94232,
    0.33471,
    -0.11721,
    0.93911,
    0.32302,
    -0.073514,
    0.97887,
    0.1908,
    -0.15158,
    0.94565,
    0.28771,
    -0.11958,
    0.98863,
    0.091114,
    0.084813,
    0.99593,
    -0.03043,
    0.060868,
    0.99764,
    0.031687,
    -0.097077,
    0.98689,
    -0.12895,
    0.028241,
    0.98838,
    -0.14935,
    0,
    0.99607,
    -0.08859,
    0.061735,
    0.94096,
    0.33283,
    0.088145,
    0.94021,
    0.32899,
    -0.04577,
    0.98776,
    -0.14914,
    0.032813,
    0.98997,
    -0.13741,
    -0.088145,
    0.94021,
    0.32899,
    -0.061735,
    0.94096,
    0.33283,
    0.033177,
    0.94184,
    0.33442,
    -0.99819,
    -0.0000026388,
    -0.060103,
    -0.99812,
    -3.556e-7,
    -0.061298,
    -0.99799,
    -0.0000023114,
    -0.063329,
    -0.033166,
    -0.000015564,
    -0.99945,
    -0.028241,
    0.98838,
    -0.14935,
    -0.18307,
    -0.00001528,
    -0.9831,
    -0.01197,
    0.99229,
    -0.12334,
    0.10824,
    -0.000015759,
    -0.99412,
    0.99824,
    -0.0000041061,
    -0.059258,
    0.99796,
    -0.0000024337,
    -0.063808,
    0.998,
    -0.0000042402,
    -0.063149,
    0.089318,
    0.996,
    -0.0034288,
    0.12327,
    0.98385,
    -0.12979,
    0.23654,
    -0.000016045,
    -0.97162,
    -0.12327,
    0.98385,
    -0.12979,
    -0.089318,
    0.996,
    -0.0034287,
    -0.067108,
    -0.000002,
    0.99775,
    0.12053,
    -0.0000041106,
    0.99271,
    -0.16883,
    -0.0000020804,
    0.98565,
    0.086682,
    0.0000018847,
    0.99624,
    0.21499,
    -0.0000017789,
    0.97662,
    0.14298,
    0.93787,
    0.31615,
    -0.14298,
    0.93787,
    0.31615,
    -0.24184,
    0.000002334,
    0.97032,
    0.99798,
    -0.0000043748,
    -0.063576,
    0.99875,
    -0.000004659,
    -0.050051,
    0.99841,
    -0.0000028168,
    -0.056432,
    0.99819,
    -0.0000045804,
    -0.060102,
    0.99799,
    -0.0000042535,
    -0.06333,
    -0.046765,
    -0.0000078536,
    -0.99891,
    -0.045508,
    -0.0000078324,
    -0.99896,
    0.01197,
    0.99229,
    -0.12334,
    -0.032813,
    0.98997,
    -0.13741,
    0.04577,
    0.98776,
    -0.14914,
    -0.99346,
    -0.0000046311,
    -0.1142,
    -0.99824,
    -0.0000041061,
    -0.059258,
    -0.998,
    -0.0000023116,
    -0.063149,
    0.033166,
    -0.000015541,
    -0.99945,
    0.18307,
    -0.000015982,
    -0.9831,
    0.076327,
    -0.0000079714,
    -0.99708,
    -0.10824,
    -0.000015447,
    -0.99412,
    -0.076327,
    -0.0000078224,
    -0.99708,
    -0.08032,
    -0.0000079033,
    -0.99677,
    0.15423,
    0.93774,
    0.31122,
    0.99172,
    -0.0000047315,
    -0.12844,
    -0.15554,
    0.93785,
    0.31023,
    -0.99875,
    -0.0000027186,
    -0.05006,
    -0.99841,
    -0.0000028168,
    -0.056432,
    0.99346,
    -0.0000046311,
    -0.1142,
    0.18289,
    -0.13786,
    0.97342,
    0.09944,
    -0.69817,
    0.70899,
    0.11673,
    -0.69651,
    0.70799,
    0.07517,
    -0.69945,
    0.71072,
    -0.18289,
    -0.13786,
    0.97342,
    -0.09944,
    -0.69817,
    0.70899,
    -0.07517,
    -0.69945,
    0.71072,
    -0.11673,
    -0.69651,
    0.70799,
    0.017834,
    -0.70113,
    0.71281,
    0.045313,
    -0.70055,
    0.71217,
    0.088638,
    -0.13842,
    0.9864,
    0.13776,
    -0.13841,
    0.98075,
    -0.045313,
    -0.70055,
    0.71217,
    -0.088638,
    -0.13842,
    0.9864,
    -0.13776,
    -0.13841,
    0.98075,
    -0.017834,
    -0.70113,
    0.71281,
    -0.015725,
    -0.00001555,
    -0.99988,
    0.015725,
    -0.000015546,
    -0.99988,
    -0.23654,
    -0.000015568,
    -0.97162,
    0.15554,
    0.93785,
    0.31023,
    0.11937,
    -0.67222,
    0.73067,
    0.22847,
    -0.13607,
    0.96399
  ],
  "colors": [],
  "uvs": [
    []
  ],