{
  "metadata": {
    "formatVersion": 3.1,
    "sourceFile": "glass.obj",
    "generatedBy": "OBJConverter",
    "vertices": 27,
    "faces": 15,
    "normals": 25,
    "colors": 0,
    "uvs": 0,
    "materials": 1
  },
  "scale": 0.5,
  "materials": [
    {
      "DbgColor": 15658734,
      "DbgIndex": 0,
      "DbgName": "Material__912",
      "colorAmbient": [
        0.2431,
        0.2863,
        0.4353
      ],
      "colorDiffuse": [
        0.2431,
        0.2863,
        0.4353
      ],
      "colorSpecular": [
        0.792,
        0.792,
        0.792
      ],
      "illumination": 2,
      "opacity": 1,
      "opticalDensity": 1.5,
      "specularCoef": 39,
      "transparent": true
    }
  ],
  "vertices": [
    171,
    469,
    532,
    0,
    678,
    166,
    -171,
    469,
    532,
    291,
    666,
    129,
    318,
    514,
    -900,
    0,
    516,
    -974,
    50,
    680,
    -743,
    -318,
    514,
    -900,
    -269,
    646,
    -714,
    377,
    477,
    320,
    289,
    657,
    -493,
    315,
    637,
    112,
    -315,
    637,
    112,
    -289,
    657,
    -493,
    -377,
    477,
    320,
    269,
    646,
    -714,
    353,
    513,
    -567,
    -353,
    513,
    -567,
    343,
    518,
    -730,
    290,
    656,
    -503,
    354,
    515,
    -574,
    -354,
    515,
    -574,
    -290,
    656,
    -503,
    -343,
    518,
    -730,
    -291,
    666,
    129,
    -363,
    465,
    443,
    363,
    465,
    443
  ],
  "morphTargets": [],
  "morphColors": [],
  "normals": [
    0.10314,
    0.86806,
    0.48562,
    0,
    0.88274,
    0.46985,
    -0.10314,
    0.86806,
    0.48562,
    0.13403,
    0.87392,
    0.46723,
    0.16775,
    0.806,
    -0.56765,
    -0.013137,
    0.81728,
    -0.57609,
    0.032147,
    0.82218,
    -0.56832,
    -0.1362,
    0.82277,
    -0.55181,
    -0.13686,
    0.82332,
    -0.55083,
    0.93481,
    0.35438,
    -0.023365,
    0.91432,
    0.40486,
    -0.009978,
    0.94395,
    0.32872,
    -0.030033,
    -0.94395,
    0.32872,
    -0.030033,
    -0.91432,
    0.40486,
    -0.009978,
    -0.93481,
    0.35438,
    -0.023365,
    0.19739,
    0.82214,
    -0.53397,
    0.91067,
    0.41305,
    -0.0077705,
    -0.91067,
    0.41305,
    -0.0077705,
    0.89808,
    0.43622,
    -0.056186,
    0.89808,
    0.43622,
    -0.056186,
    -0.89808,
    0.43622,
    -0.056186,
    -0.89808,
    0.43622,
    -0.056186,
    -0.13403,
    0.87392,
    0.46723,
    -0.23798,
    0.84279,
    0.48277,
    0.23798,
    0.84279,
    0.48277
  ],
  "colors": [],
  "uvs": [
    []
  ],
  "faces": [
    34,
    0,
    1,
    2,
    0,
    0,
    1,
    2,
    34,
    0,
    3,
    1,
    0,
    0,
    3,
    1,
    34,
    4,
    5,
    6,
    0,
    4,
    5,
    6,
    34,
    7,
    8,
    6,
    0,
    7,
    8,
    6,
    34,
    9,
    10,
    11,
    0,
    9,
    10,
    11,
    34,
    12,
    13,
    14,
    0,
    12,
    13,
    14,
    34,
    6,
    15,
    4,
    0,
    6,
    15,
    4,
    34,
    16,
    10,
    9,
    0,
    16,
    10,
    9,
    34,
    14,
    13,
    17,
    0,
    14,
    13,
    17,
    34,
    6,
    5,
    7,
    0,
    6,
    5,
    7,
    34,
    18,
    19,
    20,
    0,
    18,
    19,
    19,
    34,
    21,
    22,
    23,
    0,
    20,
    20,
    21,
    34,
    1,
    24,
    2,
    0,
    1,
    22,
    2,
    34,
    25,
    2,
    24,
    0,
    23,
    2,
    22,
    34,
    26,
    3,
    0,
    0,
    24,
    3,
    0
  ]
}