{
  "metadata": {
    "formatVersion": 3.1,
    "sourceFile": "hood.obj",
    "generatedBy": "OBJConverter",
    "vertices": 31,
    "faces": 44,
    "normals": 31,
    "colors": 0,
    "uvs": 0,
    "materials": 1
  },
  "scale": 0.5,
  "materials": [
    {
      "DbgColor": 15658734,
      "DbgIndex": 0,
      "DbgName": "Material__912",
      "colorAmbient": [
        0.987,
        0.987,
        0.987
      ],
      "colorDiffuse": [
        0.987,
        0.987,
        0.987
      ],
      "colorSpecular": [
        0.936,
        0.936,
        0.936
      ],
      "illumination": 2,
      "opacity": 1,
      "opticalDensity": 1.5,
      "specularCoef": 20,
      "transparent": true
    }
  ],
  "vertices": [
    39,
    470,
    766,
    -87,
    494,
    565,
    -303,
    472,
    667,
    172,
    492,
    555,
    69,
    427,
    936,
    -98,
    409,
    978,
    28,
    360,
    1059,
    -177,
    352,
    1054,
    274,
    451,
    799,
    371,
    420,
    797,
    380,
    440,
    691,
    344,
    374,
    940,
    224,
    405,
    962,
    177,
    352,
    1054,
    -380,
    440,
    691,
    -371,
    420,
    797,
    -274,
    451,
    799,
    -241,
    422,
    915,
    -344,
    374,
    940,
    -172,
    492,
    555,
    -331,
    485,
    500,
    373,
    474,
    445,
    331,
    485,
    500,
    303,
    472,
    667,
    -373,
    474,
    445,
    385,
    461,
    501,
    -385,
    461,
    501,
    -185,
    346,
    1054,
    185,
    346,
    1054,
    -321,
    482,
    507,
    321,
    482,
    507
  ],
  "morphTargets": [],
  "morphColors": [],
  "normals": [
    0.010858,
    0.97915,
    0.20282,
    -0.021047,
    0.9915,
    0.12837,
    -0.19627,
    0.96959,
    0.14617,
    0.041939,
    0.9934,
    0.1068,
    -0.015266,
    0.96263,
    0.27039,
    -0.045105,
    0.90516,
    0.42267,
    0.022658,
    0.85109,
    0.52454,
    -0.15228,
    0.5235,
    0.8383,
    0.18114,
    0.95038,
    0.25293,
    0.32189,
    0.90659,
    0.27291,
    0.9471,
    0.30213,
    0.10825,
    0.30207,
    0.86198,
    0.40711,
    0.19163,
    0.87047,
    0.45339,
    0.148,
    0.52422,
    0.83862,
    -0.9471,
    0.30212,
    0.10825,
    -0.33011,
    0.90588,
    0.26534,
    -0.17398,
    0.95545,
    0.23842,
    -0.1765,
    0.90885,
    0.37794,
    -0.30193,
    0.85254,
    0.42663,
    -0.049211,
    0.99235,
    0.11319,
    0.091563,
    0.96283,
    -0.25411,
    0.34349,
    0.93463,
    0.092058,
    -0.091563,
    0.96283,
    -0.25411,
    0.19922,
    0.96921,
    0.1447,
    -0.34349,
    0.93463,
    0.092058,
    0.38358,
    0.91483,
    0.12629,
    -0.38358,
    0.91483,
    0.12629,
    -0.34745,
    0.46237,
    0.81578,
    0.35156,
    0.46736,
    0.81116,
    0.31468,
    -0.68117,
    -0.66104,
    -0.31468,
    -0.68117,
    -0.66104
  ],
  "colors": [],
  "uvs": [
    []
  ],
  "faces": [
    34,
    0,
    1,
    2,
    0,
    0,
    1,
    2,
    34,
    1,
    0,
    3,
    0,
    1,
    0,
    3,
    34,
    4,
    5,
    6,
    0,
    4,
    5,
    6,
    34,
    5,
    7,
    6,
    0,
    5,
    7,
    6,
    34,
    8,
    9,
    10,
    0,
    8,
    9,
    10,
    34,
    11,
    12,
    13,
    0,
    11,
    12,
    13,
    34,
    14,
    15,
    16,
    0,
    14,
    15,
    16,
    34,
    7,
    17,
    18,
    0,
    7,
    17,
    18,
    34,
    2,
    19,
    20,
    0,
    2,
    19,
    20,
    34,
    21,
    22,
    23,
    0,
    21,
    22,
    23,
    34,
    17,
    16,
    15,
    0,
    17,
    16,
    15,
    34,
    5,
    0,
    16,
    0,
    5,
    0,
    16,
    34,
    2,
    20,
    24,
    0,
    2,
    20,
    24,
    34,
    8,
    5,
    4,
    0,
    8,
    5,
    4,
    34,
    9,
    8,
    12,
    0,
    9,
    8,
    12,
    34,
    9,
    12,
    11,
    0,
    9,
    12,
    11,
    34,
    18,
    17,
    15,
    0,
    18,
    17,
    15,
    34,
    6,
    13,
    12,
    0,
    6,
    13,
    12,
    34,
    25,
    21,
    23,
    0,
    25,
    21,
    23,
    34,
    2,
    24,
    26,
    0,
    2,
    24,
    26,
    34,
    0,
    23,
    3,
    0,
    0,
    23,
    3,
    34,
    5,
    8,
    0,
    0,
    5,
    8,
    0,
    34,
    17,
    7,
    5,
    0,
    17,
    7,
    5,
    34,
    16,
    17,
    5,
    0,
    16,
    17,
    5,
    34,
    22,
    3,
    23,
    0,
    22,
    3,
    23,
    34,
    7,
    18,
    27,
    0,
    7,
    18,
    27,
    34,
    7,
    27,
    6,
    0,
    7,
    27,
    6,
    34,
    6,
    28,
    13,
    0,
    6,
    28,
    13,
    34,
    28,
    11,
    13,
    0,
    28,
    11,
    13,
    34,
    2,
    1,
    19,
    0,
    2,
    1,
    19,
    34,
    2,
    14,
    16,
    0,
    2,
    14,
    16,
    34,
    16,
    0,
    2,
    0,
    16,
    0,
    2,
    34,
    25,
    23,
    10,
    0,
    25,
    23,
    10,
    34,
    9,
    25,
    10,
    0,
    9,
    25,
    10,
    34,
    14,
    26,
    15,
    0,
    14,
    26,
    15,
    34,
    26,
    14,
    2,
    0,
    26,
    14,
    2,
    34,
    10,
    23,
    8,
    0,
    10,
    23,
    8,
    34,
    0,
    8,
    23,
    0,
    0,
    8,
    23,
    34,
    20,
    19,
    29,
    0,
    20,
    19,
    29,
    34,
    24,
    20,
    29,
    0,
    24,
    20,
    29,
    34,
    30,
    3,
    22,
    0,
    30,
    3,
    22,
    34,
    30,
    22,
    21,
    0,
    30,
    22,
    21,
    34,
    12,
    4,
    6,
    0,
    12,
    4,
    6,
    34,
    4,
    12,
    8,
    0,
    4,
    12,
    8
  ]
}