{
  "metadata": {
    "formatVersion": 3.1,
    "sourceFile": "lens.obj",
    "generatedBy": "OBJConverter",
    "vertices": 46,
    "faces": 52,
    "normals": 46,
    "colors": 0,
    "uvs": 0,
    "materials": 1
  },
  "scale": 0.5,
  "materials": [
    {
      "DbgColor": 15658734,
      "DbgIndex": 0,
      "DbgName": "Material__912",
      "colorAmbient": [
        0.2431,
        0.2863,
        0.4353
      ],
      "colorDiffuse": [
        0.2431,
        0.2863,
        0.4353
      ],
      "colorSpecular": [
        0.792,
        0.792,
        0.792
      ],
      "illumination": 2,
      "opacity": 1,
      "opticalDensity": 1.5,
      "specularCoef": 39,
      "transparent": true
    }
  ],
  "vertices": [
    309,
    390,
    -986,
    279,
    421,
    -989,
    297,
    462,
    -972,
    248,
    420,
    -1000,
    264,
    420,
    -994,
    280,
    462,
    -979,
    263,
    461,
    -985,
    257,
    468,
    -984,
    159,
    430,
    -1018,
    -297,
    462,
    -972,
    -279,
    421,
    -989,
    -309,
    390,
    -986,
    -264,
    420,
    -994,
    -248,
    420,
    -1000,
    -257,
    468,
    -984,
    -263,
    461,
    -985,
    -280,
    462,
    -979,
    -159,
    430,
    -1018,
    -336,
    469,
    -938,
    336,
    469,
    -938,
    -184,
    462,
    -1005,
    184,
    462,
    -1005,
    -353,
    374,
    931,
    -380,
    307,
    941,
    -341,
    305,
    984,
    341,
    305,
    984,
    394,
    313,
    917,
    353,
    374,
    931,
    -372,
    395,
    -924,
    372,
    395,
    -924,
    159,
    430,
    -985,
    -159,
    430,
    -985,
    -293,
    392,
    -958,
    -248,
    312,
    1040,
    -253,
    357,
    1014,
    253,
    357,
    1014,
    248,
    312,
    1040,
    386,
    457,
    -835,
    -386,
    457,
    -835,
    -394,
    371,
    863,
    -394,
    313,
    917,
    394,
    371,
    863,
    206,
    348,
    1042,
    -206,
    348,
    1042,
    -390,
    404,
    -867,
    390,
    404,
    -867
  ],
  "morphTargets": [],
  "morphColors": [],
  "normals": [
    0.5109,
    0.20221,
    -0.83552,
    0.33337,
    0.22443,
    -0.9157,
    0.41352,
    0.54643,
    -0.7283,
    0.24019,
    0.10459,
    -0.96507,
    0.32296,
    0.21295,
    -0.92214,
    0.32988,
    0.35331,
    -0.87541,
    0.28174,
    0.32918,
    -0.90126,
    0.073097,
    0.88422,
    -0.46132,
    0.23904,
    0.1918,
    -0.95188,
    -0.41352,
    0.54643,
    -0.7283,
    -0.33337,
    0.22443,
    -0.9157,
    -0.5109,
    0.20221,
    -0.83552,
    -0.32296,
    0.21295,
    -0.92214,
    -0.24019,
    0.10459,
    -0.96507,
    -0.073097,
    0.88422,
    -0.46132,
    -0.28174,
    0.32918,
    -0.90126,
    -0.32988,
    0.35331,
    -0.87541,
    -0.23904,
    0.1918,
    -0.95188,
    -0.71737,
    0.35045,
    -0.60213,
    0.71737,
    0.35045,
    -0.60213,
    -0.25637,
    0.24352,
    -0.9354,
    0.25637,
    0.24352,
    -0.9354,
    -0.6795,
    0.42276,
    0.59963,
    -0.7179,
    0.38738,
    0.57842,
    -0.54725,
    0.45048,
    0.7054,
    0.56059,
    0.44344,
    0.69936,
    0.75135,
    0.38212,
    0.53801,
    0.68474,
    0.40826,
    0.6037,
    -0.8118,
    0.27178,
    -0.51683,
    0.8118,
    0.27178,
    -0.51683,
    -0.25844,
    -0.96603,
    0,
    0.27434,
    -0.96163,
    0,
    -0.47421,
    0.42604,
    0.77046,
    -0.50488,
    0.39823,
    0.76584,
    0.50488,
    0.39823,
    0.76584,
    0.47421,
    0.42604,
    0.77046,
    0.88186,
    0.306,
    -0.35873,
    -0.88186,
    0.306,
    -0.35873,
    -0.78126,
    0.42018,
    0.4616,
    -0.77098,
    0.40654,
    0.49023,
    0.78126,
    0.42018,
    0.4616,
    0.24218,
    -0.96729,
    -0.075546,
    0.40919,
    0.42948,
    0.80506,
    -0.40919,
    0.42948,
    0.80506,
    -0.91265,
    0.24873,
    -0.32436,
    0.91265,
    0.24873,
    -0.32436
  ],
  "colors": [],
  "uvs": [
    []
  ],
  "faces": [
    34,
    0,
    1,
    2,
    0,
    0,
    1,
    2,
    34,
    3,
    4,
    0,
    0,
    3,
    4,
    0,
    34,
    0,
    4,
    1,
    0,
    0,
    4,
    1,
    34,
    5,
    6,
    7,
    0,
    5,
    6,
    7,
    34,
    2,
    5,
    7,
    0,
    2,
    5,
    7,
    34,
    4,
    3,
    6,
    0,
    4,
    3,
    6,
    34,
    6,
    5,
    4,
    0,
    6,
    5,
    4,
    34,
    5,
    2,
    1,
    0,
    5,
    2,
    1,
    34,
    1,
    4,
    5,
    0,
    1,
    4,
    5,
    34,
    6,
    3,
    8,
    0,
    6,
    3,
    8,
    34,
    9,
    10,
    11,
    0,
    9,
    10,
    11,
    34,
    11,
    12,
    13,
    0,
    11,
    12,
    13,
    34,
    10,
    12,
    11,
    0,
    10,
    12,
    11,
    34,
    14,
    15,
    16,
    0,
    14,
    15,
    16,
    34,
    14,
    16,
    9,
    0,
    14,
    16,
    9,
    34,
    12,
    16,
    15,
    0,
    12,
    16,
    15,
    34,
    15,
    13,
    12,
    0,
    15,
    13,
    12,
    34,
    16,
    12,
    10,
    0,
    16,
    12,
    10,
    34,
    10,
    9,
    16,
    0,
    10,
    9,
    16,
    34,
    17,
    13,
    15,
    0,
    17,
    13,
    15,
    34,
    8,
    7,
    6,
    0,
    8,
    7,
    6,
    34,
    3,
    0,
    8,
    0,
    3,
    0,
    8,
    34,
    11,
    18,
    9,
    0,
    11,
    18,
    9,
    34,
    15,
    14,
    17,
    0,
    15,
    14,
    17,
    34,
    17,
    11,
    13,
    0,
    17,
    11,
    13,
    34,
    2,
    19,
    0,
    0,
    2,
    19,
    0,
    34,
    18,
    20,
    14,
    0,
    18,
    20,
    14,
    34,
    9,
    18,
    14,
    0,
    9,
    18,
    14,
    34,
    7,
    19,
    2,
    0,
    7,
    19,
    2,
    34,
    7,
    21,
    19,
    0,
    7,
    21,
    19,
    34,
    22,
    23,
    24,
    0,
    22,
    23,
    24,
    34,
    25,
    26,
    27,
    0,
    25,
    26,
    27,
    34,
    18,
    11,
    28,
    0,
    18,
    11,
    28,
    34,
    29,
    0,
    19,
    0,
    29,
    0,
    19,
    34,
    8,
    0,
    30,
    0,
    30,
    30,
    30,
    34,
    17,
    31,
    32,
    0,
    31,
    31,
    31,
    34,
    22,
    33,
    34,
    0,
    22,
    32,
    33,
    34,
    35,
    36,
    27,
    0,
    34,
    35,
    27,
    34,
    29,
    19,
    37,
    0,
    29,
    19,
    36,
    34,
    38,
    18,
    28,
    0,
    37,
    18,
    28,
    34,
    22,
    39,
    40,
    0,
    22,
    38,
    39,
    34,
    26,
    41,
    27,
    0,
    26,
    40,
    27,
    34,
    24,
    33,
    22,
    0,
    24,
    32,
    22,
    34,
    27,
    36,
    25,
    0,
    27,
    35,
    25,
    34,
    21,
    7,
    8,
    0,
    21,
    7,
    8,
    34,
    17,
    14,
    20,
    0,
    17,
    14,
    20,
    34,
    32,
    11,
    17,
    0,
    41,
    41,
    41,
    34,
    42,
    36,
    35,
    0,
    42,
    35,
    34,
    34,
    34,
    33,
    43,
    0,
    33,
    32,
    43,
    34,
    28,
    44,
    38,
    0,
    28,
    44,
    37,
    34,
    37,
    45,
    29,
    0,
    36,
    45,
    29,
    34,
    22,
    40,
    23,
    0,
    22,
    39,
    23
  ]
}