{
  "metadata": {
    "formatVersion": 3.1,
    "sourceFile": "rbumper.obj",
    "generatedBy": "OBJConverter",
    "vertices": 113,
    "faces": 166,
    "normals": 113,
    "colors": 0,
    "uvs": 0,
    "materials": 1
  },
  "scale": 0.5,
  "materials": [
    {
      "DbgColor": 15658734,
      "DbgIndex": 0,
      "DbgName": "Material__912",
      "colorAmbient": [
        0.521568656,
        0.521568656,
        0.521568656
      ],
      "colorDiffuse": [
        0.521568656,
        0.521568656,
        0.521568656
      ],
      "colorSpecular": [
        0.5669999719,
        0.5669999719,
        0.5669999719
      ],
      "illumination": 2,
      "opacity": 1,
      "opticalDensity": 1.5,
      "specularCoef": 33,
      "transparent": true
    }
  ],
  "vertices": [
    -58,
    197,
    -1062,
    -253,
    194,
    -1038,
    -58,
    298,
    -1067,
    -252,
    194,
    -1016,
    -386,
    286,
    -943,
    -327,
    206,
    -1011,
    -424,
    189,
    -863,
    386,
    401,
    -872,
    386,
    286,
    -943,
    360,
    395,
    -936,
    172,
    196,
    -1032,
    434,
    289,
    -814,
    431,
    308,
    -769,
    419,
    192,
    -845,
    269,
    322,
    -1013,
    -269,
    322,
    -1013,
    0,
    322,
    -1010,
    -291,
    392,
    -986,
    44,
    201,
    -1036,
    234,
    199,
    -1007,
    160,
    175,
    -1044,
    199,
    115,
    -846,
    -204,
    130,
    -989,
    221,
    163,
    -1025,
    -419,
    192,
    -845,
    -431,
    308,
    -769,
    -434,
    289,
    -814,
    -368,
    143,
    -938,
    -386,
    176,
    -943,
    368,
    143,
    -938,
    327,
    206,
    -1011,
    386,
    176,
    -943,
    402,
    326,
    -847,
    -200,
    115,
    -847,
    292,
    392,
    -961,
    291,
    392,
    -986,
    -402,
    326,
    -847,
    435,
    311,
    -791,
    -255,
    295,
    -1042,
    -335,
    292,
    -1008,
    -195,
    200,
    -1024,
    -44,
    176,
    -1052,
    -234,
    174,
    -1032,
    -234,
    199,
    -1007,
    -298,
    197,
    -999,
    -339,
    192,
    -966,
    302,
    132,
    -969,
    361,
    165,
    -950,
    368,
    114,
    -846,
    -383,
    116,
    -852,
    -407,
    142,
    -867,
    407,
    142,
    -867,
    383,
    116,
    -852,
    172,
    196,
    -1053,
    173,
    297,
    -1057,
    335,
    292,
    -1008,
    348,
    183,
    -970,
    -368,
    114,
    -846,
    -361,
    165,
    -950,
    -302,
    132,
    -969,
    298,
    197,
    -999,
    286,
    161,
    -1005,
    221,
    157,
    -913,
    -435,
    311,
    -791,
    -292,
    392,
    -961,
    -221,
    157,
    -913,
    -286,
    161,
    -1005,
    339,
    192,
    -966,
    304,
    115,
    -846,
    -304,
    115,
    -846,
    290,
    140,
    -933,
    288,
    130,
    -1008,
    286,
    150,
    -1015,
    267,
    155,
    -1020,
    273,
    135,
    -933,
    256,
    139,
    -1018,
    263,
    153,
    -935,
    -256,
    139,
    -1018,
    -267,
    155,
    -1020,
    -263,
    153,
    -935,
    -273,
    137,
    -933,
    -288,
    130,
    -1008,
    -286,
    150,
    -1015,
    -290,
    140,
    -933,
    228,
    135,
    -936,
    222,
    125,
    -1021,
    215,
    139,
    -1027,
    248,
    145,
    -1021,
    216,
    133,
    -936,
    -216,
    133,
    -936,
    -222,
    125,
    -1021,
    -215,
    139,
    -1027,
    -248,
    145,
    -1021,
    -229,
    139,
    -936,
    -360,
    395,
    -936,
    -386,
    401,
    -872,
    424,
    189,
    -863,
    -348,
    183,
    -970,
    -229,
    325,
    -988,
    231,
    156,
    -1029,
    247,
    148,
    -936,
    -247,
    148,
    -936,
    -231,
    156,
    -1029,
    321,
    170,
    -998,
    -321,
    170,
    -998,
    -367,
    137,
    -918,
    -369,
    118,
    -853,
    369,
    118,
    -853,
    367,
    137,
    -918,
    270,
    122,
    -1009,
    262,
    126,
    -933,
    -262,
    126,
    -933,
    -270,
    122,
    -1009
  ],
  "morphTargets": [],
  "morphColors": [],