{
  "metadata": {
    "formatVersion": 3.1,
    "sourceFile": "roof.obj",
    "generatedBy": "OBJConverter",
    "vertices": 101,
    "faces": 173,
    "normals": 101,
    "colors": 0,
    "uvs": 0,
    "materials": 1
  },
  "scale": 0.5,
  "materials": [
    {
      "DbgColor": 15658734,
      "DbgIndex": 0,
      "DbgName": "Standard_20",
      "colorAmbient": [
        0.521568656,
        0.521568656,
        0.521568656
      ],
      "colorDiffuse": [
        0.521568656,
        0.521568656,
        0.521568656
      ],
      "colorSpecular": [
        1.2959998846,
        1.2959998846,
        1.2959998846
      ],
      "illumination": 2,
      "opacity": 1,
      "opticalDensity": 1.5,
      "specularCoef": 58,
      "transparent": true
    }
  ],
  "vertices": [
    257,
    698,
    -334,
    129,
    709,
    -334,
    175,
    708,
    -240,
    -271,
    695,
    -60,
    -276,
    691,
    3,
    -138,
    700,
    18,
    -136,
    706,
    -47,
    -40,
    690,
    -677,
    41,
    702,
    -532,
    40,
    690,
    -677,
    134,
    709,
    -111,
    0,
    711,
    -70,
    45,
    709,
    -39,
    -169,
    701,
    -459,
    -42,
    707,
    -465,
    -123,
    690,
    -640,
    138,
    700,
    18,
    276,
    691,
    3,
    271,
    695,
    -60,
    6,
    708,
    -577,
    7,
    706,
    -600,
    4,
    707,
    -596,
    -11,
    699,
    -598,
    -6,
    708,
    -577,
    -7,
    706,
    -600,
    283,
    681,
    67,
    141,
    691,
    87,
    194,
    673,
    151,
    -145,
    675,
    158,
    -47,
    693,
    95,
    -141,
    691,
    87,
    -129,
    709,
    -334,
    -44,
    714,
    -170,
    87,
    712,
    -237,
    0,
    710,
    -400,
    -257,
    698,
    -334,
    -263,
    700,
    -213,
    -175,
    708,
    -240,
    -4,
    708,
    -573,
    4,
    708,
    -573,
    1,
    725,
    -593,
    169,
    701,
    -459,
    253,
    694,
    -425,
    247,
    685,
    -565,
    3,
    699,
    -605,
    2,
    710,
    -599,
    -162,
    683,
    -679,
    263,
    700,
    -213,
    179,
    706,
    -115,
    -194,
    673,
    151,
    -283,
    681,
    67,
    0,
    678,
    165,
    145,
    675,
    158,
    47,
    693,
    95,
    -2,
    710,
    -599,
    -4,
    706,
    -600,
    162,
    683,
    -679,
    -179,
    706,
    -115,
    -46,
    703,
    27,
    46,
    703,
    27,
    123,
    690,
    -640,
    -254,
    692,
    -425,
    -247,
    685,
    -565,
    -241,
    671,
    -681,
    -253,
    694,
    -425,
    292,
    667,
    128,
    -292,
    667,
    128,
    3,
    703,
    -559,
    -1,
    725,
    -593,
    0,
    726,
    -600,
    -3,
    703,
    -559,
    -8,
    702,
    -566,
    -268,
    696,
    -122,
    268,
    696,
    -122,
    254,
    692,
    -425,
    -240,
    673,
    -682,
    -40,
    688,
    -677,
    -162,
    681,
    -680,
    240,
    673,
    -682,
    241,
    671,
    -681,
    8,
    702,
    -566,
    11,
    699,
    -598,
    162,
    681,
    -680,
    -10,
    696,
    -603,
    145,
    673,
    158,
    292,
    665,
    127,
    0,
    676,
    165,
    42,
    707,
    -465,
    -194,
    671,
    151,
    10,
    696,
    -603,
    8,
    700,
    -566,
    -276,
    688,
    3,
    -283,
    679,
    67,
    276,
    688,
    3,
    283,
    679,
    67,
    -2,
    716,
    -584,
    -292,
    665,
    127,
    -8,
    700,
    -566,
    -3,
    696,
    -605,
    3,
    700,
    -559,
    -3,
    700,
    -559
  ],
  "morphTargets": [],
  "morphColors": [],
  "normals": [
    0.69411,
    0.71797,
    -0.052149,
    0.055631,
    0.9979,
    -0.033044,
    0.075069,
    0.99714,
    -0.0085608,
    -0.57598,
    0.81743,
    0.0079587,
    -0.65743,
    0.75312,
    0.024533,
    -0.062691,
    0.99181,
    0.11128,
    -0.054798,
    0.99666,
    0.060568,
    -0.0093965,
    0.73167,
    -0.6816,
    0.0092104,
    0.99743,
    -0.071105,
    0.010204,
    0.76279,
    -0.64657,
    0.048571,
    0.99819,
    0.035382,
    -0.0041007,
    0.99898,
    0.044862,
    0.023567,
    0.99759,
    0.065311,
    -0.076402,
    0.99527,
    -0.059965,
    -0.024623,
    0.99777,
    -0.062094,
    -0.063358,
    0.99337,
    -0.09591,
    0.06354,
    0.99241,
    0.10528,
    0.65738,
    0.75315,
    0.024613,
    0.57504,
    0.81809,
    0.008006,
    0.59699,
    0.80046,
    0.053622,
    0.67008,
    0.62185,
    -0.40533,
    0.70876,
    0.70513,
    -0.021244,
    -0.98952,
    0.087762,
    -0.11463,
    -0.58702,
    0.80833,
    0.044802,
    -0.49499,
    0.74046,
    -0.45465,
    0.65961,
    0.74977,
    0.052462,
    0.063877,
    0.98333,
    0.17022,
    0.20309,
    0.24116,
    0.949,
    -0.093192,
    0.25834,
    0.96155,
    -0.022487,
    0.98293,
    0.18259,
    -0.062827,
    0.98353,
    0.16948,
    -0.053149,
    0.99813,
    -0.030097,
    -0.017445,
    0.9998,
    0.010222,
    0.027557,
    0.99961,
    -0.0048041,
    -0.00040142,
    0.99941,
    -0.034408,
    -0.69411,
    0.71797,
    -0.052149,
    -0.68205,
    0.73074,
    -0.028825,
    -0.070862,
    0.99745,
    -0.0080832,
    -0.33658,
    0.86558,
    0.37078,
    0.33589,
    0.86108,
    0.38173,
    0.59783,
    0.75424,
    0.2715,
    0.07664,
    0.99526,
    -0.059791,
    0.67251,
    0.73715,
    -0.065879,
    0.76391,
    0.63889,
    -0.090843,
    0.14465,
    0.11206,
    -0.98312,
    0.51431,
    0.3132,
    -0.79837,
    -0.052545,
    0.72547,
    -0.68625,
    0.68205,
    0.73074,
    -0.028826,
    0.079745,
    0.99618,
    0.0355,
    -0.17835,
    0.61656,
    0.76684,
    -0.65967,
    0.74972,
    0.052517,
    0.000012663,
    0.61892,
    0.78546,
    0.096345,
    0.61824,
    0.78007,
    0.021669,
    0.9828,
    0.18341,
    -0.67082,
    0.22712,
    -0.70599,
    -0.37008,
    0.57388,
    -0.73055,
    0.052549,
    0.72547,
    -0.68625,
    -0.072711,
    0.9969,
    0.030041,
    -0.022056,
    0.99323,
    0.11405,
    0.020592,
    0.99286,
    0.11746,
    0.064973,
    0.99317,
    -0.096959,
    -0.98303,
    0.17551,
    -0.053276,
    -0.76391,
    0.6389,
    -0.090843,
    -0.75807,
    0.02154,
    -0.65182,
    -0.67251,
    0.73715,
    -0.065879,
    0.68842,
    0.44665,
    0.57148,
    -0.68842,
    0.44665,
    0.57148,
    0.37065,
    0.50887,
    0.77696,
    -0.62362,
    0.72866,
    0.28312,
    -0.014015,
    0.73019,
    -0.6831,
    -0.37065,
    0.50887,
    0.77696,
    -0.8496,
    0.40213,
    0.34128,
    -0.99066,
    0.12741,
    -0.048606,
    0.99066,
    0.12741,
    -0.048606,
    0.98303,
    0.17551,
    -0.053276,
    -0.51705,
    0.48956,
    -0.70214,
    0.0049178,
    0.14111,
    -0.98998,
    0.011028,
    0.13821,
    -0.99034,
    0.51705,
    0.48956,
    -0.70214,
    0.75807,
    0.02154,
    -0.65182,
    0.8496,
    0.40213,
    0.34128,
    0.98952,
    0.087762,
    -0.11463,
    -0.010922,
    0.13946,
    -0.99017,
    -0.63762,
    0.32679,
    -0.6976,
    0.094401,
    -0.027937,
    0.99514,
    0.84024,
    -0.080218,
    0.53625,
    -0.000038497,
    -0.0096926,
    0.99995,
    0.024097,
    0.99792,
    -0.059806,
    -0.1856,
    -0.032643,
    0.98208,
    0.71919,
    0.17508,
    -0.67239,
    0.93432,
    0.042368,
    0.35391,
    -0.97937,
    0.19047,
    -0.067439,
    -0.97623,
    0.1965,
    -0.09141,
    0.97937,
    0.19047,
    -0.067439,
    0.97623,
    0.1965,
    -0.09141,
    0.11343,
    0.79622,
    0.59428,
    -0.84251,
    -0.065794,
    0.53464,
    -0.93432,
    0.042368,
    0.35391,
    -0.19456,
    0.55741,
    -0.80712,
    0.44559,
    0.046194,
    0.89404,
    -0.44559,
    0.046194,
    0.89404
  ],
  "colors": [],
  "uvs": [
    []
  ],