{
  "metadata": {
    "formatVersion": 3.1,
    "sourceFile": "hood.obj",
    "generatedBy": "OBJConverter",
    "vertices": 44,
    "faces": 71,
    "normals": 61,
    "colors": 0,
    "uvs": 0,
    "materials": 1
  },
  "scale": 0.5,
  "materials": [
    {
      "DbgColor": 15658734,
      "DbgIndex": 0,
      "DbgName": "Material__759",
      "colorAmbient": [
        0.987,
        0.987,
        0.987
      ],
      "colorDiffuse": [
        0.987,
        0.987,
        0.987
      ],
      "colorSpecular": [
        0.936,
        0.936,
        0.936
      ],
      "illumination": 2,
      "opacity": 1,
      "opticalDensity": 1.5,
      "specularCoef": 20,
      "transparent": true
    }
  ],
  "vertices": [
    -228,
    498,
    985,
    213,
    498,
    985,
    -134,
    534,
    902,
    241,
    531,
    883,
    260,
    552,
    764,
    118,
    557,
    787,
    -399,
    556,
    463,
    -269,
    522,
    880,
    -318,
    563,
    514,
    -397,
    508,
    835,
    303,
    563,
    514,
    384,
    556,
    463,
    382,
    508,
    835,
    -275,
    552,
    764,
    -134,
    584,
    556,
    118,
    566,
    556,
    -296,
    562,
    523,
    429,
    499,
    605,
    413,
    531,
    617,
    -428,
    531,
    617,
    -444,
    499,
    605,
    -228,
    468,
    1016,
    -360,
    501,
    909,
    -69,
    468,
    1035,
    345,
    501,
    909,
    213,
    468,
    1016,
    -436,
    512,
    405,
    -423,
    560,
    394,
    -418,
    550,
    396,
    408,
    560,
    394,
    420,
    512,
    405,
    402,
    550,
    396,
    281,
    562,
    523,
    118,
    584,
    556,
    -379,
    473,
    928,
    -418,
    488,
    752,
    -386,
    476,
    883,
    371,
    476,
    883,
    403,
    488,
    752,
    363,
    473,
    928,
    -229,
    467,
    1000,
    214,
    467,
    1000,
    420,
    498,
    606,
    -435,
    498,
    606
  ],
  "morphTargets": [],
  "morphColors": [],
  "normals": [
    -0.17489,
    0.83418,
    0.52303,
    0.15823,
    0.82721,
    0.53916,
    -0.053928,
    0.97664,
    0.20798,
    0.12981,
    0.95905,
    0.25175,
    0.64365,
    0.74106,
    0.19116,
    0.020759,
    0.98572,
    0.16711,
    -0.10906,
    0.99339,
    0.035838,
    -0.13306,
    0.96747,
    0.21516,
    0.040461,
    0.97293,
    -0.22754,
    -0.7216,
    0.64218,
    0.25864,
    -0.048957,
    0.97068,
    -0.23532,
    0.11028,
    0.99334,
    0.033279,
    0.73778,
    0.62373,
    0.25814,
    -0.48412,
    0.85329,
    0.19371,
    -0.0060275,
    0.94811,
    -0.31789,
    -0.094732,
    0.054206,
    -0.99403,
    0.26344,
    -0.57991,
    -0.77091,
    0.91221,
    0.40042,
    0.086814,
    0.61828,
    0.77435,
    0.13455,
    -0.61827,
    0.77436,
    0.13461,
    -0.9122,
    0.40042,
    0.086902,
    -0.19646,
    0.70553,
    0.6809,
    -0.44275,
    0.81015,
    0.38423,
    -0.0044948,
    0.84194,
    0.53956,
    0.46305,
    0.79136,
    0.39917,
    0.17794,
    0.70823,
    0.68319,
    -0.96638,
    0.22676,
    -0.12123,
    -0.82709,
    0.34818,
    -0.44125,
    -0.044506,
    0.0023243,
    -0.99901,
    0.82704,
    0.34817,
    -0.44133,
    0.96637,
    0.22676,
    -0.12132,
    0.044408,
    0.0023247,
    -0.99901,
    -0.26234,
    -0.60957,
    -0.74807,
    -0.024401,
    0.78611,
    -0.6176,
    -0.56871,
    0.67621,
    0.4683,
    -0.9655,
    0.17386,
    0.19385,
    -0.85056,
    0.39572,
    0.34635,
    0.85059,
    0.39572,
    0.34627,
    0.96552,
    0.17386,
    0.19375,
    0.56876,
    0.67621,
    0.46825,
    -0.038908,
    -0.99801,
    0.049655,
    0.037625,
    -0.99801,
    0.050594,
    -0.00021204,
    -0.9999,
    0.014398,
    -0.0035362,
    -0.99783,
    -0.065756,
    -0.0013213,
    -0.99752,
    -0.070357,
    0.001312,
    -0.99752,
    -0.070358,
    0.0035274,
    -0.99783,
    -0.065757,
    -0.87457,
    0.39462,
    -0.2818,
    -0.87457,
    0.39462,
    -0.2818,
    0.87454,
    0.39461,
    -0.28189,
    0.87454,
    0.39461,
    -0.28189,
    0.07091,
    -0.99539,
    -0.064559,
    0.071381,
    -0.99575,
    -0.058175,
    0.070988,
    -0.99545,
    -0.063511,
    0.070521,
    -0.99506,
    -0.069807,
    -0.070529,
    -0.99506,
    -0.069801,
    -0.070996,
    -0.99545,
    -0.063504,
    -0.070918,
    -0.99539,
    -0.064552,
    -0.071388,
    -0.99575,
    -0.058168,
    0.026379,
    -0.998,
    0.057444,
    -0.028715,
    -0.99792,
    0.057645
  ],
  "colors": [],
  "uvs": [
    []
  ],