{
  "metadata": {
    "formatVersion": 3.1,
    "sourceFile": "reflector.obj",
    "generatedBy": "OBJConverter",
    "vertices": 47,
    "faces": 62,
    "normals": 69,
    "colors": 0,
    "uvs": 0,
    "materials": 1
  },
  "scale": 0.5,
  "materials": [
    {
      "DbgColor": 15658734,
      "DbgIndex": 0,
      "DbgName": "Material__759",
      "colorAmbient": [
        0.5879999995,
        0.5879999995,
        0.5879999995
      ],
      "colorDiffuse": [
        0.5879999995,
        0.5879999995,
        0.5879999995
      ],
      "colorSpecular": [
        0,
        0,
        0
      ],
      "illumination": 2,
      "opacity": 1,
      "opticalDensity": 1.5,
      "specularCoef": 10,
      "transparent": true
    }
  ],
  "vertices": [
    416,
    661,
    240,
    413,
    642,
    295,
    470,
    659,
    242,
    -485,
    659,
    242,
    -428,
    642,
    295,
    -436,
    658,
    236,
    -548,
    631,
    205,
    -550,
    615,
    185,
    -497,
    606,
    253,
    -539,
    655,
    168,
    -534,
    650,
    171,
    482,
    606,
    253,
    535,
    615,
    185,
    533,
    631,
    205,
    519,
    650,
    171,
    421,
    658,
    236,
    524,
    655,
    168,
    426,
    606,
    233,
    -442,
    606,
    233,
    538,
    631,
    157,
    510,
    656,
    210,
    462,
    666,
    211,
    -477,
    666,
    211,
    -526,
    656,
    210,
    -553,
    631,
    157,
    -493,
    631,
    267,
    -437,
    607,
    292,
    422,
    607,
    292,
    478,
    631,
    267,
    -440,
    654,
    238,
    -451,
    586,
    231,
    -536,
    596,
    168,
    520,
    596,
    168,
    435,
    586,
    231,
    425,
    654,
    238,
    -550,
    615,
    160,
    535,
    615,
    160,
    517,
    647,
    171,
    -532,
    647,
    171,
    -441,
    606,
    278,
    426,
    606,
    278,
    528,
    629,
    162,
    -543,
    629,
    162,
    480,
    606,
    245,
    -496,
    606,
    245,
    526,
    615,
    172,
    -541,
    615,
    172
  ],
  "morphTargets": [],
  "morphColors": [],
  "normals": [
    0.031699,
    0.95121,
    0.30692,
    0.32793,
    0.51921,
    0.78923,
    0.30431,
    0.85482,
    0.42034,
    -0.27959,
    0.86402,
    0.41868,
    -0.31786,
    0.52023,
    0.79267,
    0.044316,
    0.96521,
    0.2577,
    -0.89256,
    0.087138,
    0.44242,
    -0.7785,
    -0.62074,
    0.092776,
    -0.60644,
    -0.51214,
    0.60822,
    0.54906,
    0.032702,
    -0.83514,
    0.96233,
    -0.062839,
    -0.26452,
    0.54609,
    0.027329,
    -0.83728,
    0.6065,
    -0.51214,
    0.60817,
    0.77851,
    -0.62075,
    0.092701,
    0.89261,
    0.087136,
    0.44233,
    -0.54617,
    0.02733,
    -0.83723,
    -0.63249,
    0.19569,
    -0.74944,
    -0.54914,
    0.032704,
    -0.83509,
    -0.97432,
    -0.20701,
    -0.088549,
    -0.88615,
    -0.022708,
    -0.46284,
    -0.97229,
    -0.18661,
    -0.1408,
    0.98118,
    -0.14816,
    -0.12383,
    0.97829,
    -0.17799,
    -0.10611,
    0.98683,
    0.11951,
    0.10902,
    0.71706,
    0.68637,
    0.12131,
    0.5071,
    0.77591,
    0.37524,
    0.13096,
    0.97855,
    0.159,
    -0.099915,
    0.98069,
    0.1681,
    -0.71705,
    0.68637,
    0.12138,
    -0.50706,
    0.77591,
    0.37529,
    -0.98682,
    0.11951,
    0.10911,
    -0.59865,
    0.19417,
    0.77712,
    -0.4316,
    -0.050685,
    0.90064,
    0.43168,
    -0.050686,
    0.9006,
    0.59873,
    0.19417,
    0.77706,
    0.5935,
    -0.0041385,
    -0.80483,
    0.59588,
    -0.010311,
    -0.80301,
    0.59599,
    0.0041247,
    -0.80298,
    -0.59607,
    0.0041255,
    -0.80292,
    -0.59596,
    -0.010309,
    -0.80295,
    -0.59357,
    -0.0041369,
    -0.80477,
    0.96777,
    -0.24282,
    -0.066729,
    -0.96778,
    -0.24282,
    -0.066635,
    -0.89212,
    -0.4449,
    0.078603,
    0.89213,
    -0.44491,
    0.078516,
    -0.59578,
    0.0098996,
    -0.80309,
    0.5957,
    0.0098992,
    -0.80315,
    -0.57541,
    0.0095885,
    -0.81781,
    -0.56786,
    0.012811,
    -0.82303,
    0.56778,
    0.01281,
    -0.82308,
    0.57533,
    0.0095871,
    -0.81787,
    -0.53488,
    0.2001,
    -0.82089,
    0.53465,
    0.19494,
    -0.82228,
    0.024335,
    -0.99829,
    0.05313,
    0.10451,
    -0.9941,
    0.028886,
    0.21186,
    -0.9773,
    -0.00029978,
    0.005171,
    -0.99996,
    -0.0078726,
    -0.0051739,
    -0.99996,
    -0.007872,
    -0.024332,
    -0.99829,
    0.053133,
    -0.10451,
    -0.9941,
    0.028896,
    -0.21186,
    -0.9773,
    -0.00027926,
    -0.62004,
    0.0071606,
    -0.78454,
    0.61996,
    0.007161,
    -0.7846,
    0.12656,
    -0.99135,
    -0.034823,
    -0.0081068,
    -0.99986,
    -0.014445,
    -0.12656,
    -0.99135,
    -0.034811,
    0.0081033,
    -0.99986,
    -0.014446,
    0.09808,
    -0.9951,
    -0.012135,
    -0.098084,
    -0.9951,
    -0.012126
  ],
  "colors": [],
  "uvs": [
    []
  ],