{
  "metadata": {
    "formatVersion": 3.1,
    "sourceFile": "sideskirt.obj",
    "generatedBy": "OBJConverter",
    "vertices": 95,
    "faces": 144,
    "normals": 158,
    "colors": 0,
    "uvs": 0,
    "materials": 1
  },
  "scale": 0.5,
  "materials": [
    {
      "DbgColor": 15658734,
      "DbgIndex": 0,
      "DbgName": "Material__759",
      "colorAmbient": [
        0.5879999995,
        0.5879999995,
        0.5879999995
      ],
      "colorDiffuse": [
        0.5879999995,
        0.5879999995,
        0.5879999995
      ],
      "colorSpecular": [
        0,
        0,
        0
      ],
      "illumination": 2,
      "opacity": 1,
      "opticalDensity": 1.5,
      "specularCoef": 10,
      "transparent": true
    }
  ],
  "vertices": [
    -457,
    238,
    -432,
    -437,
    185,
    -423,
    -438,
    182,
    -132,
    422,
    182,
    -132,
    422,
    185,
    -423,
    442,
    238,
    -432,
    -445,
    199,
    397,
    -438,
    182,
    -131,
    -433,
    179,
    395,
    430,
    199,
    397,
    418,
    179,
    395,
    422,
    182,
    -131,
    447,
    259,
    -130,
    446,
    247,
    363,
    432,
    204,
    -131,
    -462,
    259,
    -131,
    -462,
    247,
    363,
    -462,
    259,
    -130,
    447,
    259,
    -131,
    445,
    244,
    401,
    441,
    221,
    440,
    422,
    178,
    436,
    426,
    255,
    445,
    402,
    181,
    437,
    -437,
    178,
    436,
    -456,
    221,
    440,
    -460,
    244,
    401,
    -417,
    181,
    437,
    -441,
    255,
    445,
    -432,
    179,
    395,
    417,
    179,
    395,
    -442,
    244,
    400,
    -456,
    256,
    402,
    -462,
    255,
    445,
    446,
    255,
    445,
    441,
    256,
    402,
    427,
    244,
    400,
    436,
    252,
    398,
    413,
    186,
    391,
    442,
    272,
    -136,
    441,
    257,
    403,
    -456,
    257,
    403,
    -457,
    272,
    -136,
    -429,
    186,
    391,
    -451,
    252,
    398,
    421,
    256,
    402,
    -436,
    256,
    402,
    398,
    182,
    395,
    -413,
    182,
    395,
    441,
    259,
    -131,
    445,
    280,
    -424,
    442,
    272,
    -137,
    -457,
    272,
    -137,
    -460,
    280,
    -424,
    -457,
    259,
    -131,
    437,
    265,
    -131,
    -452,
    265,
    -130,
    -451,
    231,
    -126,
    417,
    189,
    -126,
    436,
    231,
    -126,
    417,
    182,
    -131,
    413,
    179,
    395,
    -428,
    179,
    395,
    -432,
    189,
    -126,
    439,
    279,
    -421,
    437,
    272,
    -136,
    436,
    237,
    -429,
    443,
    279,
    -443,
    449,
    267,
    -441,
    -464,
    280,
    -446,
    -458,
    279,
    -443,
    -452,
    237,
    -429,
    -452,
    272,
    -136,
    -454,
    279,
    -421,
    -432,
    182,
    -131,
    -452,
    257,
    402,
    437,
    257,
    402,
    437,
    271,
    -136,
    -453,
    271,
    -136,
    417,
    185,
    -423,
    -432,
    186,
    -420,
    -432,
    182,
    -132,
    417,
    182,
    -132,
    448,
    281,
    -446,
    445,
    244,
    401,
    -461,
    244,
    401,
    -461,
    244,
    429,
    446,
    244,
    429,
    437,
    271,
    -142,
    -452,
    271,
    -142,
    -432,
    183,
    -137,
    -456,
    259,
    -136,
    441,
    259,
    -136,
    417,
    183,
    -137,
    417,
    186,
    -420
  ],
  "morphTargets": [],
  "morphColors": [],
  "normals": [
    -0.52678,
    -0.30614,
    -0.79296,
    -0.42723,
    -0.30921,
    -0.84963,
    -0.59537,
    -0.20847,
    0.77593,
    0.59545,
    -0.20847,
    0.77588,
    0.60838,
    -0.35303,
    -0.7108,
    0.48109,
    -0.33432,
    -0.81042,
    -0.50677,
    -0.32862,
    0.79699,
    -0.57668,
    -0.097416,
    -0.81114,
    -0.50565,
    -0.36955,
    0.77958,
    0.5062,
    -0.32867,
    0.79733,
    0.50573,
    -0.36956,
    0.77953,
    0.55281,
    -0.2413,
    -0.79761,
    0.79324,
    -0.01551,
    -0.60872,
    0.99852,
    0.05356,
    0.0099488,
    0.56735,
    -0.12811,
    -0.81345,
    -0.76038,
    0.093327,
    0.64274,
    -0.99861,
    0.051998,
    0.0085604,
    -0.76815,
    -0.087647,
    -0.63424,
    0.76012,
    0.093278,
    0.64305,
    0.99812,
    -0.017147,
    -0.058807,
    0.94538,
    -0.3181,
    -0.071203,
    0.54197,
    -0.83664,
    -0.07938,
    0.032779,
    -0.13043,
    0.99092,
    0.018715,
    -0.10717,
    0.99406,
    0.033652,
    -0.12458,
    0.99164,
    -0.54198,
    -0.83664,
    -0.079327,
    -0.94539,
    -0.3181,
    -0.071111,
    -0.99813,
    -0.017145,
    -0.05871,
    -0.033556,
    -0.12458,
    0.99164,
    -0.018619,
    -0.10717,
    0.99407,
    -0.032683,
    -0.13043,
    0.99092,
    -0.43443,
    -0.89876,
    -0.059177,
    0.43442,
    -0.89876,
    -0.05922,
    -0.017295,
    0.073734,
    -0.99713,
    -0.054331,
    0.054123,
    -0.99706,
    -0.034246,
    0.074489,
    -0.99663,
    -0.57379,
    0.81889,
    -0.01323,
    -0.71849,
    0.69546,
    0.0098882,
    0.00032985,
    0.99976,
    0.021849,
    -0.00032595,
    0.99976,
    0.021848,
    0.7185,
    0.69546,
    0.0098184,
    0.57379,
    0.81889,
    -0.013286,
    0.03415,
    0.074489,
    -0.99664,
    0.054234,
    0.054123,
    -0.99706,
    0.017197,
    0.073735,
    -0.99713,
    -0.99434,
    0.10223,
    0.0289,
    -0.85785,
    0.2285,
    0.46031,
    0.46584,
    -0.34388,
    -0.81532,
    0.49987,
    0.10004,
    0.8603,
    -0.49979,
    0.10005,
    0.86035,
    -0.46592,
    -0.34388,
    -0.81527,
    0.85789,
    0.2285,
    0.46023,
    0.99434,
    0.10222,
    0.028804,
    -0.001256,
    0.99977,
    0.021531,
    0.0012603,
    0.99977,
    0.021531,
    -0.12666,
    -0.99194,
    -0.0017341,
    -0.14243,
    -0.98977,
    0.0079959,
    0.0082648,
    -0.097052,
    0.99524,
    -0.0081687,
    -0.097052,
    0.99525,
    0.14243,
    -0.98977,
    0.0079824,
    0.12666,
    -0.99194,
    -0.001747,
    0.12878,
    0.22899,
    0.96487,
    0.96173,
    0.26981,
    0.047716,
    0.66653,
    0.47199,
    0.57703,
    -0.66647,
    0.47199,
    0.5771,
    -0.99411,
    -0.073528,
    0.079645,
    -0.12868,
    0.22899,
    0.96488,
    -0.68897,
    -0.23656,
    -0.6851,
    0.67411,
    -0.28082,
    -0.68317,
    0.83816,
    0.26017,
    -0.47938,
    -0.94732,
    0.18979,
    -0.25801,
    -0.98713,
    0.1077,
    0.11824,
    -0.71619,
    0.13875,
    -0.68398,
    -0.71198,
    0.15945,
    0.68386,
    0.71205,
    0.15945,
    0.68379,
    0.94729,
    0.18979,
    -0.2581,
    -0.23664,
    0.97152,
    -0.012385,
    -0.22767,
    0.97371,
    0.0072406,
    -0.87315,
    0.47159,
    0.12337,
    -0.49392,
    -0.0094551,
    -0.86946,
    -0.38202,
    -0.34189,
    -0.85859,
    0.67839,
    -0.21797,
    -0.70162,
    -0.62076,
    -0.34746,
    -0.7028,
    0.44819,
    -0.22263,
    -0.86577,
    0.50786,
    -0.053326,
    -0.85979,
    0.87316,
    0.47159,
    0.12328,
    0.22768,
    0.97371,
    0.0072182,
    0.22854,
    0.97344,
    -0.013412,
    0.69652,
    0.17333,
    -0.69629,
    0.011218,
    0.07461,
    -0.99715,
    -0.011316,
    0.074609,
    -0.99715,
    0.72151,
    -0.016353,
    0.69221,
    -0.72144,
    -0.016352,
    0.69228,
    -0.46264,
    -0.54477,
    -0.69942,
    0.46257,
    -0.54477,
    -0.69946,
    0.0000035353,
    -0.99996,
    -0.0086528,
    0.068563,
    -0.9976,
    -0.0098295,
    0.00083889,
    -0.99996,
    -0.0086674,
    -0.0418,
    -0.15327,
    -0.9873,
    0.51153,
    0.042102,
    -0.85823,
    0.27427,
    -0.96162,
    -0.0081432,
    -0.065436,
    -0.99775,
    -0.014687,
    0.27728,
    -0.96076,
    -0.0080779,
    0.058377,
    0.44895,
    0.89165,
    -0.05829,
    0.44895,
    0.89166,
    -0.069288,
    -0.99749,
    -0.014752,
    -0.0006979,
    -0.017691,
    0.99984,
    0.0007948,
    -0.017691,
    0.99984,
    0.06929,
    -0.99755,
