{
  "metadata": {
    "formatVersion": 3.1,
    "sourceFile": "trunk.obj",
    "generatedBy": "OBJConverter",
    "vertices": 60,
    "faces": 95,
    "normals": 82,
    "colors": 0,
    "uvs": 0,
    "materials": 1
  },
  "scale": 0.5,
  "materials": [
    {
      "DbgColor": 15658734,
      "DbgIndex": 0,
      "DbgName": "Material__759",
      "colorAmbient": [
        0.5879999995,
        0.5879999995,
        0.5879999995
      ],
      "colorDiffuse": [
        0.5879999995,
        0.5879999995,
        0.5879999995
      ],
      "colorSpecular": [
        0,
        0,
        0
      ],
      "illumination": 2,
      "opacity": 1,
      "opticalDensity": 1.5,
      "specularCoef": 10,
      "transparent": true
    }
  ],
  "vertices": [
    -272,
    591,
    -994,
    257,
    591,
    -994,
    163,
    562,
    -1018,
    -7,
    538,
    -971,
    -275,
    537,
    -964,
    -293,
    539,
    -1006,
    -235,
    345,
    -1052,
    169,
    420,
    -1055,
    219,
    345,
    -1052,
    -235,
    420,
    -1052,
    -177,
    433,
    -1016,
    162,
    433,
    -1016,
    279,
    432,
    -1006,
    181,
    538,
    -1016,
    127,
    435,
    -1012,
    -143,
    434,
    -1013,
    49,
    538,
    -997,
    278,
    562,
    -1006,
    -197,
    538,
    -1016,
    -294,
    432,
    -1006,
    -162,
    538,
    -994,
    -294,
    420,
    -1038,
    164,
    610,
    -975,
    -285,
    613,
    -949,
    311,
    613,
    -930,
    -336,
    561,
    -986,
    -329,
    610,
    -942,
    317,
    590,
    -923,
    317,
    590,
    -967,
    278,
    539,
    -1006,
    -178,
    539,
    -1018,
    -178,
    562,
    -1018,
    -294,
    562,
    -1006,
    -332,
    590,
    -923,
    279,
    432,
    -984,
    279,
    345,
    -1004,
    279,
    420,
    -1038,
    279,
    537,
    -1006,
    -294,
    345,
    -1038,
    -294,
    345,
    -1004,
    311,
    614,
    -884,
    270,
    614,
    -903,
    -294,
    537,
    -1006,
    -294,
    422,
    -1003,
    279,
    345,
    -1038,
    -285,
    614,
    -903,
    -326,
    614,
    -884,
    271,
    610,
    -961,
    163,
    539,
    -1018,
    320,
    561,
    -986,
    321,
    538,
    -987,
    321,
    538,
    -941,
    -336,
    538,
    -941,
    -336,
    538,
    -987,
    -294,
    432,
    -984,
    -294,
    537,
    -984,
    279,
    537,
    -984,
    147,
    538,
    -994,
    -179,
    610,
    -975,
    260,
    537,
    -964
  ],
  "morphTargets": [],
  "morphColors": [],
  "normals": [
    -0.16339,
    0.68984,
    -0.70528,
    0.15296,
    0.66883,
    -0.72751,
    0.032684,
    0.33007,
    -0.94339,
    -0.0000021167,
    -0.99979,
    -0.02065,
    -0.0079329,
    -0.99968,
    -0.024099,
    -0.19181,
    -0.66842,
    -0.71863,
    -0.11561,
    0.0015409,
    -0.99329,
    0.047437,
    -0.0064198,
    -0.99885,
    0.12483,
    0.015437,
    -0.99206,
    -0.048417,
    0.96003,
    -0.27568,
    0.0049302,
    0.59829,
    -0.80126,
    -0.0024427,
    0.60726,
    -0.7945,
    0.082667,
    0.55763,
    -0.82596,
    -0.15656,
    0.09216,
    -0.98336,
    -0.054984,
    0.59954,
    -0.79846,
    0.054603,
    0.62742,
    -0.77677,
    0.0071234,
    0.15876,
    -0.98729,
    0.27401,
    0.27444,
    -0.92174,
    0.15622,
    0.092568,
    -0.98338,
    -0.082746,
    0.55763,
    -0.82595,
    0.28824,
    0.22306,
    -0.93122,
    -0.046486,
    0.94519,
    -0.32319,
    -0.11885,
    0.0018482,
    -0.99291,
    0.006402,
    0.90462,
    -0.42616,
    -0.081661,
    0.96548,
    -0.24735,
    0.60427,
    0.78706,
    -0.12407,
    -0.78845,
    0.27662,
    -0.5494,
    -0.64199,
    0.73179,
    -0.22876,
    0.98354,
    0.17984,
    0.01724,
    0.75151,
    0.52392,
    -0.40092,
    0.19174,
    -0.66842,
    -0.71865,
    -0.036261,
    -0.68063,
    -0.73173,
    -0.032775,
    0.33007,
    -0.94339,
    -0.2741,
    0.27445,
    -0.92171,
    -0.98696,
    0.1604,
    0.013645,
    1,
    -0.0022958,
    -0.00030983,
    1,
    -0.00096971,
    -0.000050644,
    0.99999,
    -0.0047193,
    -0.00029397,
    0.82117,
    0.019586,
    -0.57035,
    0.099683,
    0.00053214,
    -0.99502,
    -0.77903,
    0.0031307,
    -0.62698,
    -0.8339,
    -0.0022226,
    -0.5519,
    0.0013083,
    -0.99996,
    -0.0089819,
    -0.0048403,
    -0.99998,
    -0.004549,
    0.0048376,
    -0.99998,
    -0.0045494,
    0.37791,
    0.92568,
    -0.017362,
    0.00049291,
    0.99972,
    -0.023638,
    0.024779,
    0.94802,
    -0.31723,
    0.043496,
    0.94059,
    -0.33676,
    -0.09978,
    0.00053236,
    -0.99501,
    -0.99999,
    -0.0034918,
    0.0024692,
    -0.99967,
    -0.024704,
    0.0065604,
    0.77896,
    0.003129,
    -0.62706,
    -0.0013115,
    -0.99996,
    -0.0089819,
    -0.02615,
    0.99917,
    -0.031226,
    -0.36254,
    0.93034,
    -0.054978,
    0.12988,
    0.92029,
    -0.36906,
    0.036189,
    -0.68063,
    -0.73174,
    0.79423,
    0.23609,
    -0.55988,
    0.67391,
    -0.59615,
    -0.4364,
    0.86496,
    -0.50172,
    0.011032,
    -0.86496,
    -0.50172,
    0.011116,
    -0.67395,
    -0.59615,
    -0.43634,
    -0.99972,
    -0.023445,
    0.0037836,
    -0.99997,
    -0.0076561,
    0.00004624,
    -1,
    0.0024182,
    0.00011236,
    1,
    0.0024159,
    0.00001547,
    -0.28295,
    0.22041,
    -0.93347,
    0.0067318,
    0.99994,
    0.0089817,
    0.0063975,
    0.99993,
    0.010007,
    0.0096201,
    0.99995,
    0.00011763,
    -0.0076399,
    0.89504,
    -0.44593,
    -0.0096179,
    0.99995,
    0.00011856,
    -0.0063943,
    0.99993,
    0.010008,
    -0.0067287,
    0.99994,
    0.0089823,
    0.0079283,
    -0.99968,
    -0.0241,
    -0.0084617,
    -0.99996,
    3.9e-7,
    0.0084593,
    -0.99996,
    -4.297e-7,
    0.010239,
    0.99995,
    -0.0017808,
    1,
    0.0024139,
    0.000025437,
    -1,
    0.0024161,
    0.00012232,
    -0.010237,
    0.99995,
    -0.0017798
  ],
  "colors": [],
  "uvs": [
    []
  ],