{
  "metadata": {
    "formatVersion": 3.1,
    "sourceFile": "hood.obj",
    "generatedBy": "OBJConverter",
    "vertices": 50,
    "faces": 85,
    "normals": 50,
    "colors": 0,
    "uvs": 0,
    "materials": 1
  },
  "scale": 0.5,
  "materials": [
    {
      "DbgColor": 15658734,
      "DbgIndex": 0,
      "DbgName": "Standard_2",
      "colorAmbient": [
        0.987,
        0.987,
        0.987
      ],
      "colorDiffuse": [
        0.987,
        0.987,
        0.987
      ],
      "colorSpecular": [
        0.936,
        0.936,
        0.936
      ],
      "illumination": 2,
      "opacity": 1,
      "opticalDensity": 1.5,
      "specularCoef": 20,
      "transparent": true
    }
  ],
  "vertices": [
    158,
    438,
    920,
    -154,
    430,
    954,
    150,
    422,
    987,
    -171,
    458,
    807,
    0,
    483,
    586,
    -208,
    476,
    594,
    135,
    381,
    1099,
    -142,
    402,
    1047,
    -32,
    357,
    1154,
    360,
    465,
    603,
    167,
    452,
    846,
    300,
    433,
    868,
    -300,
    433,
    868,
    -202,
    461,
    731,
    -360,
    465,
    603,
    -250,
    381,
    1049,
    -216,
    356,
    1111,
    232,
    470,
    603,
    182,
    469,
    700,
    216,
    356,
    1111,
    250,
    381,
    1049,
    -128,
    351,
    1143,
    128,
    351,
    1143,
    64,
    357,
    1152,
    -129,
    357,
    1145,
    -232,
    470,
    603,
    208,
    476,
    594,
    133,
    482,
    572,
    267,
    395,
    991,
    330,
    444,
    745,
    -330,
    444,
    745,
    -267,
    395,
    991,
    379,
    469,
    469,
    244,
    474,
    541,
    379,
    475,
    473,
    -379,
    475,
    473,
    -244,
    474,
    541,
    -379,
    469,
    469,
    129,
    357,
    1145,
    -171,
    434,
    916,
    227,
    360,
    1102,
    216,
    350,
    1108,
    -245,
    480,
    544,
    -133,
    482,
    572,
    -216,
    350,
    1108,
    -227,
    360,
    1102,
    245,
    480,
    544,
    377,
    474,
    501,
    -377,
    474,
    501,
    0,
    477,
    582
  ],
  "morphTargets": [],
  "morphColors": [],
  "normals": [
    0.061437,
    0.97262,
    0.22415,
    -0.23891,
    0.93046,
    0.27777,
    0.084098,
    0.94687,
    0.31042,
    -0.18708,
    0.96812,
    0.16658,
    -0.0024099,
    0.92063,
    -0.39042,
    -0.094951,
    0.9868,
    0.13122,
    0.66166,
    0.65848,
    0.35861,
    -0.091103,
    0.92979,
    0.35663,
    -0.0047845,
    0.042085,
    0.9991,
    0.86695,
    0.45803,
    0.19648,
    0.056329,
    0.98586,
    0.15782,
    0.74915,
    0.59472,
    0.29169,
    -0.73796,
    0.60987,
    0.28892,
    -0.13964,
    0.98212,
    0.12628,
    -0.8662,
    0.45827,
    0.19923,
    -0.84644,
    0.32327,
    0.42312,
    -0.45504,
    0.28151,
    0.8448,
    0.12564,
    0.97989,
    0.15505,
    0.16871,
    0.97776,
    0.12458,
    0.44847,
    0.29837,
    0.84253,
    0.83485,
    0.33002,
    0.44058,
    -0.19679,
    -0.39648,
    0.8967,
    0.20301,
    -0.40144,
    0.8931,
    0.017855,
    0.097622,
    0.99506,
    -0.21495,
    0.34629,
    0.91317,
    -0.12704,
    0.97999,
    0.15324,
    0.10408,
    0.98645,
    0.12683,
    0.0022285,
    0.994,
    -0.10933,
    0.88277,
    0.32359,
    0.34059,
    0.89231,
    0.3772,
    0.248,
    -0.89231,
    0.3772,
    0.248,
    -0.88277,
    0.32359,
    0.34059,
    0.52078,
    0.38511,
    -0.76189,
    -0.3111,
    0.49807,
    -0.80941,
    0.51585,
    0.70302,
    -0.48955,
    -0.51585,
    0.70302,
    -0.48955,
    0.3111,
    0.49807,
    -0.80941,
    -0.52078,
    0.38511,
    -0.76189,
    0.23772,
    0.33503,
    0.91173,
    -0.17494,
    0.9592,
    0.22211,
    0.80557,
    0.22126,
    0.54963,
    0.57017,
    -0.48454,
    0.66342,
    0.10133,
    0.91963,
    -0.37948,
    -0.00059062,
    0.99717,
    -0.075182,
    -0.57017,
    -0.48454,
    0.66342,
    -0.80557,
    0.22126,
    0.54963,
    -0.10133,
    0.91963,
    -0.37948,
    0.80014,
    0.57889,
    0.15703,
    -0.80014,
    0.57889,
    0.15703,
    0,
    0.53404,
    -0.84546
  ],
  "colors": [],
  "uvs": [
    []
  ],