{
  "metadata": {
    "formatVersion": 3.1,
    "sourceFile": "reflector.obj",
    "generatedBy": "OBJConverter",
    "vertices": 67,
    "faces": 110,
    "normals": 71,
    "colors": 0,
    "uvs": 0,
    "materials": 1
  },
  "scale": 0.5,
  "materials": [
    {
      "DbgColor": 15658734,
      "DbgIndex": 0,
      "DbgName": "Standard_2",
      "colorAmbient": [
        0.5879999995,
        0.5879999995,
        0.5879999995
      ],
      "colorDiffuse": [
        0.5879999995,
        0.5879999995,
        0.5879999995
      ],
      "colorSpecular": [
        0,
        0,
        0
      ],
      "illumination": 2,
      "opacity": 1,
      "opticalDensity": 1.5,
      "specularCoef": 10,
      "transparent": true
    }
  ],
  "vertices": [
    501,
    478,
    232,
    454,
    478,
    293,
    454,
    467,
    260,
    453,
    474,
    226,
    505,
    478,
    200,
    -454,
    467,
    260,
    -454,
    478,
    293,
    -501,
    478,
    232,
    -505,
    478,
    200,
    -453,
    474,
    226,
    -497,
    525,
    203,
    -487,
    510,
    262,
    -445,
    541,
    245,
    -438,
    489,
    299,
    -437,
    498,
    243,
    445,
    541,
    245,
    437,
    498,
    243,
    438,
    489,
    299,
    487,
    510,
    262,
    497,
    525,
    203,
    -447,
    542,
    226,
    -443,
    479,
    237,
    -521,
    501,
    194,
    -441,
    479,
    231,
    521,
    501,
    194,
    443,
    479,
    237,
    447,
    542,
    226,
    441,
    479,
    231,
    440,
    469,
    259,
    440,
    420,
    262,
    446,
    444,
    262,
    446,
    451,
    292,
    -440,
    469,
    259,
    -446,
    451,
    292,
    -446,
    444,
    262,
    -440,
    420,
    262,
    -429,
    463,
    287,
    429,
    463,
    287,
    -520,
    492,
    213,
    520,
    492,
    213,
    -431,
    447,
    266,
    -420,
    425,
    264,
    -436,
    443,
    260,
    420,
    425,
    264,
    431,
    447,
    266,
    -442,
    521,
    278,
    -452,
    491,
    298,
    -433,
    465,
    298,
    442,
    521,
    278,
    433,
    465,
    298,
    452,
    491,
    298,
    -441,
    427,
    290,
    441,
    427,
    290,
    -442,
    478,
    236,
    -490,
    526,
    212,
    -444,
    538,
    233,
    426,
    441,
    296,
    -426,
    441,
    296,
    514,
    510,
    218,
    453,
    546,
    225,
    -453,
    546,
    225,
    -514,
    510,
    218,
    444,
    538,
    233,
    490,
    526,
    212,
    442,
    478,
    236,
    517,
    489,
    199,
    -517,
    489,
    199
  ],
  "morphTargets": [],
  "morphColors": [],
  "normals": [
    0.61983,
    -0.70575,
    0.34312,
    0.75415,
    -0.3097,
    0.57908,
    0.41299,
    -0.88828,
    -0.201,
    -0.5047,
    -0.35562,
    -0.78665,
    0.10138,
    -0.66918,
    -0.73615,
    -0.41299,
    -0.88828,
    -0.201,
    -0.75415,
    -0.3097,
    0.57908,
    -0.61983,
    -0.70575,
    0.34312,
    -0.10138,
    -0.66918,
    -0.73615,
    0.5047,
    -0.35562,
    -0.78665,
    -0.081456,
    0.71042,
    -0.69904,
    -0.69795,
    0.38933,
    0.60107,
    0.44106,
    0.84944,
    0.28967,
    0.6092,
    0.28107,
    0.74154,
    0.98744,
    0.041282,
    -0.15251,
    -0.44106,
    0.84944,
    0.28967,
    -0.98744,
    0.041282,
    -0.15251,
    -0.6092,
    0.28107,
    0.74154,
    0.69795,
    0.38933,
    0.60107,
    0.081455,
    0.71042,
    -0.69904,
    0.4535,
    -0.12177,
    -0.8829,
    0.27263,
    -0.32103,
    -0.90698,
    0.81547,
    0.57073,
    -0.096268,
    -0.4535,
    -0.12177,
    -0.8829,
    -0.81547,
    0.57073,
    -0.096268,
    -0.27263,
    -0.32103,
    -0.90698,
    -0.77013,
    -0.29249,
    -0.56687,
    0.60094,
    -0.11837,
    -0.79048,
    0.64202,
    -0.24607,
    -0.72613,
    0.74175,
    -0.25675,
    0.61958,
    0.772,
    -0.27414,
    -0.57346,
    -0.74175,
    -0.25675,
    0.61958,
    -0.73398,
    -0.26384,
    -0.62582,
    -0.60094,
    -0.11837,
    -0.79048,
    0.95172,
    0.30692,
    0.0053758,
    -0.95172,
    0.30692,
    0.0053758,
    -0.85744,
    0.15801,
    -0.48972,
    -0.6957,
    0.55626,
    -0.45451,
    -0.94176,
    -0.27804,
    0.18913,
    0.6957,
    0.55626,
    -0.45451,
    0.85744,
    0.15801,
    -0.48972,
    0.94176,
    -0.27804,
    0.18913,
    0.76616,
    0.30728,
    -0.56443,
    0.59787,
    0.19955,
    -0.77635,
    0.1517,
    -0.085885,
    -0.98469,
    -0.57931,
    0.22701,
    -0.78286,
    -0.61861,
    0.24269,
    -0.74728,
    0.49115,
    0.6852,
    0.53784,
    -0.38092,
    0.19385,
    0.90406,
    0.4492,
    0.02089,
    0.89319,
    -0.49115,
    0.6852,
    0.53784,
    -0.4492,
    0.02089,
    0.89319,
    0.38092,
    0.19385,
    0.90406,
    -0.86889,
    -0.24049,
    0.43266,
    0.86889,
    -0.24049,
    0.43266,
    0.43432,
    -0.026307,
    -0.90037,
    0.43576,
    -0.024553,
    -0.89973,
    0.43081,
    -0.030564,
    -0.90192,
    -0.58367,
    0.030555,
    0.81142,
    0.58367,
    0.030555,
    0.81142,
    0.78401,
    0.55608,
    0.27587,
    0.20611,
    0.93245,
    0.29675,
    -0.20611,
    0.93245,
    0.29675,
    -0.78401,
    0.55608,
    0.27587,
    -0.43081,
    -0.030564,
    -0.90192,
    -0.43576,
    -0.024553,
    -0.89973,
    -0.43432,
    -0.026307,
    -0.90037,
    0.29942,
    0.1983,
    -0.93329,
    -0.29942,
    0.1983,
    -0.93329,
    -0.43891,
    -0.020714,
    -0.89829,
    0.43891,
    -0.020714,
    -0.89829
  ],
  "colors": [],
  "uvs": [
    []
  ],