{
  "metadata": {
    "formatVersion": 3.1,
    "sourceFile": "roof.obj",
    "generatedBy": "OBJConverter",
    "vertices": 26,
    "faces": 38,
    "normals": 26,
    "colors": 0,
    "uvs": 0,
    "materials": 1
  },
  "scale": 0.5,
  "materials": [
    {
      "DbgColor": 15658734,
      "DbgIndex": 0,
      "DbgName": "Standard_2",
      "colorAmbient": [
        0.5879999995,
        0.5879999995,
        0.5879999995
      ],
      "colorDiffuse": [
        0.5879999995,
        0.5879999995,
        0.5879999995
      ],
      "colorSpecular": [
        0,
        0,
        0
      ],
      "illumination": 2,
      "opacity": 1,
      "opticalDensity": 1.5,
      "specularCoef": 10,
      "transparent": true
    }
  ],
  "vertices": [
    0,
    701,
    -173,
    -100,
    692,
    -467,
    -176,
    694,
    -173,
    249,
    674,
    -518,
    176,
    694,
    -173,
    258,
    685,
    -176,
    -258,
    685,
    -176,
    -281,
    668,
    63,
    -198,
    675,
    18,
    -176,
    683,
    42,
    -55,
    665,
    161,
    0,
    687,
    43,
    -192,
    685,
    -166,
    192,
    674,
    35,
    192,
    685,
    -166,
    281,
    668,
    63,
    176,
    683,
    42,
    -242,
    642,
    -718,
    -265,
    676,
    -86,
    -249,
    674,
    -518,
    0,
    667,
    -709,
    265,
    676,
    -86,
    242,
    642,
    -718,
    -294,
    643,
    134,
    294,
    643,
    134,
    -55,
    658,
    161
  ],
  "morphTargets": [],
  "morphColors": [],
  "normals": [
    0.010642,
    0.99992,
    -0.0072393,
    -0.036121,
    0.99693,
    -0.069537,
    -0.064358,
    0.9036,
    0.42352,
    0.70764,
    0.70147,
    -0.084736,
    0.058215,
    0.90773,
    0.4155,
    0.60617,
    0.79533,
    0.0045042,
    -0.60627,
    0.79525,
    0.0042139,
    -0.62275,
    0.77949,
    0.067626,
    -0.092619,
    0.99348,
    -0.066405,
    -0.071056,
    0.99725,
    -0.02109,
    -0.022502,
    0.65849,
    0.75225,
    0.0067202,
    0.98705,
    0.16026,
    -0.065213,
    0.84991,
    0.52287,
    0.13633,
    0.93906,
    -0.31557,
    0.064899,
    0.85167,
    0.52004,
    0.61386,
    0.78569,
    0.076616,
    0.07015,
    0.9582,
    -0.27738,
    -0.16012,
    0.97428,
    -0.15857,
    -0.82369,
    -0.55529,
    -0.11487,
    -0.71958,
    0.68816,
    -0.092923,
    0.003737,
    0.9921,
    -0.1254,
    0.82369,
    -0.55529,
    -0.11487,
    0.16012,
    0.97428,
    -0.15857,
    -0.23653,
    0.92436,
    0.29935,
    0.20257,
    0.93127,
    0.30282,
    -0.019637,
    0.091208,
    0.99564
  ],
  "colors": [],
  "uvs": [
    []
  ],
  "faces": [
    34,
    0,
    1,
    2,
    0,
    0,
    1,
    2,
    34,
    3,
    1,
    0,
    0,
    3,
    1,
    0,
    34,
    4,
    5,
    3,
    0,
    4,
    5,
    3,
    34,
    6,
    7,
    8,
    0,
    6,
    7,
    8,
    34,
    9,
    10,
    11,
    0,
    9,
    10,
    11,
    34,
    12,
    6,
    8,
    0,
    12,
    6,
    8,
    34,
    13,
    5,
    14,
    0,
    13,
    5,
    14,
    34,
    15,
    16,
    10,
    0,
    15,
    16,
    10,
    34,
    17,
    18,
    19,
    0,
    17,
    18,
    19,
    34,
    1,
    3,
    20,
    0,
    1,
    3,
    20,
    34,
    10,
    9,
    7,
    0,
    10,
    9,
    7,
    34,
    20,
    17,
    19,
    0,
    20,
    17,
    19,
    34,
    13,
    15,
    5,
    0,
    13,
    15,
    5,
    34,
    3,
    5,
    21,
    0,
    3,
    5,
    21,
    34,
    3,
    21,
    22,
    0,
    3,
    21,
    22,
    34,
    3,
    22,
    20,
    0,
    3,
    22,
    20,
    34,
    10,
    7,
    23,
    0,
    10,
    7,
    23,
    34,
    18,
    7,
    6,
    0,
    18,
    7,
    6,
    34,
    5,
    15,
    21,
    0,
    5,
    15,
    21,
    34,
    24,
    15,
    10,
    0,
    24,
    15,
    10,
    34,
    4,
    3,
    0,
    0,
    4,
    3,
    0,
    34,
    7,
    9,
    8,
    0,
    7,
    9,
    8,
    34,
    11,
    8,
    9,
    0,
    11,
    8,
    9,
    34,
    18,
    6,
    19,
    0,
    18,
    6,
    19,
    34,
    19,
    6,
    2,
    0,
    19,
    6,
    2,
    34,
    18,
    23,
    7,
    0,
    18,
    23,
    7,
    34,
    15,
    24,
    21,
    0,
    15,
    24,
    21,
    34,
    11,
    10,
    16,
    0,
    11,
    10,
    16,
    34,
    13,
    16,
    15,
    0,
    13,
    16,
    15,
    34,
    16,
    13,
    11,
    0,
    16,
    13,
    11,
    34,
    6,
    12,
    2,
    0,
    6,
    12,
    2,
    34,
    12,
    0,
    2,
    0,
    12,
    0,
    2,
    34,
    4,
    14,
    5,
    0,
    4,
    14,
    5,
    34,
    0,
    14,
    4,
    0,
    0,
    14,
    4,
    34,
    24,
    10,
    25,
    0,
    24,
    10,
    25,
    34,
    25,
    10,
    23,
    0,
    25,
    10,
    23,
    34,
    2,
    1,
    19,
    0,
    2,
    1,
    19,
    34,
    19,
    1,
    20,
    0,
    19,
    1,
    20
  ]
}