{
  "metadata": {
    "formatVersion": 3.1,
    "sourceFile": "spoiler.obj",
    "generatedBy": "OBJConverter",
    "vertices": 46,
    "faces": 68,
    "normals": 102,
    "colors": 0,
    "uvs": 0,
    "materials": 1
  },
  "scale": 0.5,
  "materials": [
    {
      "DbgColor": 15658734,
      "DbgIndex": 0,
      "DbgName": "_spoiler_hamannMaterial__228222",
      "colorAmbient": [
        0.987,
        0.987,
        0.987
      ],
      "colorDiffuse": [
        0.987,
        0.987,
        0.987
      ],
      "colorSpecular": [
        0.936,
        0.936,
        0.936
      ],
      "illumination": 2,
      "opacity": 1,
      "opticalDensity": 1.5,
      "specularCoef": 20,
      "transparent": true
    }
  ],
  "vertices": [
    211,
    543,
    -1330,
    109,
    552,
    -1339,
    109,
    531,
    -1233,
    -277,
    535,
    -1317,
    -291,
    521,
    -1202,
    -211,
    537,
    -1228,
    313,
    499,
    -1310,
    337,
    484,
    -1177,
    317,
    539,
    -1184,
    -317,
    539,
    -1184,
    -337,
    484,
    -1177,
    -313,
    499,
    -1310,
    277,
    535,
    -1317,
    290,
    555,
    -1328,
    -290,
    555,
    -1328,
    211,
    537,
    -1228,
    291,
    521,
    -1202,
    -109,
    531,
    -1233,
    -109,
    552,
    -1339,
    0,
    554,
    -1342,
    -211,
    543,
    -1330,
    0,
    543,
    -1240,
    191,
    534,
    -1224,
    191,
    463,
    -1197,
    175,
    506,
    -1277,
    188,
    511,
    -1231,
    179,
    514,
    -1268,
    -179,
    514,
    -1268,
    -188,
    511,
    -1231,
    -191,
    463,
    -1197,
    -191,
    534,
    -1224,
    -175,
    506,
    -1277,
    323,
    458,
    -1284,
    -323,
    458,
    -1284,
    345,
    438,
    -1182,
    -345,
    438,
    -1182,
    205,
    528,
    -1230,
    185,
    535,
    -1312,
    181,
    492,
    -1289,
    -205,
    528,
    -1230,
    -185,
    535,
    -1312,
    -181,
    492,
    -1289,
    198,
    481,
    -1165,
    -198,
    481,
    -1165,
    -195,
    484,
    -1227,
    195,
    484,
    -1227
  ],
  "morphTargets": [],
  "morphColors": [],
  "normals": [
    0.076514,
    0.98159,
    -0.17502,
    0.042035,
    0.9825,
    -0.18147,
    0.013376,
    0.94165,
    0.33632,
    -0.030059,
    -0.99656,
    -0.077255,
    -0.01638,
    -0.96636,
    -0.25669,
    -0.035214,
    -0.96625,
    -0.25519,
    0.14708,
    0.98219,
    -0.1169,
    0.19354,
    0.91646,
    0.3502,
    0.0013328,
    0.94464,
    0.32811,
    0.060268,
    -0.99549,
    -0.073238,
    0.40624,
    -0.91092,
    -0.072129,
    0.13166,
    -0.96684,
    -0.21884,
    -0.94922,
    -0.30487,
    -0.077719,
    -0.86913,
    -0.19897,
    0.45281,
    -0.95138,
    -0.27673,
    0.13525,
    0.89062,
    0.40068,
    0.21508,
    0.98332,
    0.18069,
    0.021004,
    0.93573,
    0.12372,
    -0.33032,
    0.95138,
    -0.27673,
    0.13525,
    0.86914,
    -0.19897,
    0.45278,
    0.94922,
    -0.30487,
    -0.077721,
    -0.93573,
    0.12372,
    -0.33032,
    -0.98332,
    0.18069,
    0.021004,
    -0.8906,
    0.40069,
    0.21512,
    -0.94164,
    -0.31237,
    0.12543,
    0.77826,
    0.43336,
    -0.45444,
    -0.77826,
    0.43336,
    -0.45444,
    0.94164,
    -0.31237,
    0.12543,
    -0.0013331,
    0.94464,
    0.32811,
    -0.19354,
    0.91646,
    0.3502,
    -0.14709,
    0.98219,
    -0.11691,
    -0.13166,
    -0.96684,
    -0.21884,
    -0.40623,
    -0.91092,
    -0.07213,
    -0.060268,
    -0.99549,
    -0.073238,
    0.030059,
    -0.99656,
    -0.077255,
    0.01638,
    -0.96636,
    -0.25669,
    4.64e-8,
    -0.95807,
    -0.28652,
    0.035214,
    -0.96625,
    -0.2552,
    -0.042035,
    0.9825,
    -0.18146,
    -0.013376,
    0.94165,
    0.33632,
    -5.54e-8,
    0.93568,
    0.35286,
    -0.076514,
    0.98159,
    -0.17502,
    1.26e-8,
    -0.997,
    -0.077426,
    2.472e-7,
    0.98381,
    -0.17922,
    0.98059,
    -0.051719,
    -0.18913,
    0.97653,
    -0.064951,
    -0.20536,
    0.96722,
    -0.083748,
    -0.23971,
    -0.97198,
    0.069131,
    0.22465,
    -0.96925,
    0.074526,
    0.23452,
    -0.97388,
    0.04404,
    0.22274,
    0.97389,
    0.044118,
    0.22269,
    0.96925,
    0.074526,
    0.23452,
    0.97198,
    0.069131,
    0.22465,
    -0.98059,
    -0.051727,
    -0.18914,
    -0.96723,
    -0.083745,
    -0.23971,
    -0.97653,
    -0.064952,
    -0.20537,
    -0.98363,
    -0.1118,
    0.14134,
    0.86383,
    -0.12123,
    -0.48898,
    -0.86382,
    -0.12124,
    -0.489,
    0.98363,
    -0.1118,
    0.14134,
    -0.86718,
    -0.21409,
    0.44962,
    0.98786,
    -0.15392,
    -0.020967,
    -0.98786,
    -0.15395,
    -0.020929,
    0.86717,
    -0.21408,
    0.44966,
    -0.37131,
    0.92834,
    -0.017703,
    -0.90833,
    -0.36598,
    -0.20248,
    -0.98899,
    -0.065327,
    -0.13276,
    0.3713,
    0.92834,
    -0.017699,
    0.90833,
    -0.36598,
    -0.20248,
    0.98899,
    -0.065327,
    -0.13276,
    -0.0054529,
    -0.99486,
    -0.10107,
    -0.94568,
    -0.31421,
    0.083388,
    -0.96665,
    -0.028675,
    0.2545,
    -0.96486,
    -0.20816,
    0.16035,
    0.0054536,
    -0.99486,
    -0.10107,
    0.94568,
    -0.31421,
    0.083389,
    0.96488,
    -0.20808,
    0.16037,
    0.96665,
    -0.028675,
    0.2545,
    -0.97578,
    -0.024652,
    0.21735,
    -0.97309,
    -0.065313,
    0.22098,
    -0.97,
    -0.11667,
    0.21329,
    0.95928,
    -0.12932,
    -0.2511,
    0.97068,
    -0.053096,
    -0.23444,
    0.97609,
    0.018943,
    -0.21652,
    -0.97609,
    0.018943,
    -0.21652,
    -0.97068,
    -0.053096,
    -0.23444,
    -0.95928,
    -0.12932,
    -0.2511,
    0.97,
    -0.11668,
    0.21329,
    0.97309,
    -0.065292,
    0.22098,
    0.97578,
    -0.02465,
    0.21736,
    -0.9735,
    0.067797,
    0.2184,
    -0.96537,
    0.050827,
    0.2559,
    0.96537,
    0.050827,
    0.2559,
    0.9735,
    0.067797,
    0.2184,
    -0.9798,
    -0.056502,
    -0.19181,
    0.97981,
    -0.056497,
    -0.1918,
    0.97256,
    0.13698,
    0.18807,
    -0.97255,
    0.13697,
    0.1881,
    0.96515,
    -0.13519,
    0.22408,
    -0.95804,
    -0.099356,
    -0.26886,
    -0.96515,
    -0.13519,
    0.22408,
    0.95804,
    -0.099356,
    -0.26886
  ],
  "colors": [],
  "uvs": [
    []
  ],