{
  "metadata": {
    "formatVersion": 3.1,
    "sourceFile": "trunk.obj",
    "generatedBy": "OBJConverter",
    "vertices": 70,
    "faces": 114,
    "normals": 70,
    "colors": 0,
    "uvs": 0,
    "materials": 1
  },
  "scale": 0.5,
  "materials": [
    {
      "DbgColor": 15658734,
      "DbgIndex": 0,
      "DbgName": "Standard_2",
      "colorAmbient": [
        0.5879999995,
        0.5879999995,
        0.5879999995
      ],
      "colorDiffuse": [
        0.5879999995,
        0.5879999995,
        0.5879999995
      ],
      "colorSpecular": [
        0,
        0,
        0
      ],
      "illumination": 2,
      "opacity": 1,
      "opticalDensity": 1.5,
      "specularCoef": 10,
      "transparent": true
    }
  ],
  "vertices": [
    -69,
    502,
    -1159,
    69,
    501,
    -1160,
    60,
    447,
    -1220,
    -90,
    447,
    -1218,
    -176,
    369,
    -1250,
    73,
    367,
    -1255,
    -156,
    364,
    -1215,
    -249,
    456,
    -1181,
    -231,
    428,
    -1190,
    -284,
    480,
    -1117,
    176,
    369,
    -1250,
    -50,
    379,
    -1254,
    105,
    385,
    -1250,
    181,
    369,
    -1227,
    0,
    656,
    -768,
    190,
    639,
    -773,
    -190,
    639,
    -773,
    249,
    456,
    -1181,
    294,
    519,
    -1031,
    253,
    530,
    -1071,
    277,
    613,
    -825,
    -98,
    665,
    -711,
    -241,
    637,
    -778,
    -277,
    613,
    -825,
    -253,
    530,
    -1071,
    -294,
    519,
    -1031,
    -273,
    473,
    -1151,
    -307,
    486,
    -1092,
    -237,
    414,
    -1196,
    -221,
    395,
    -1236,
    231,
    428,
    -1190,
    239,
    415,
    -1215,
    221,
    395,
    -1236,
    237,
    414,
    -1196,
    49,
    657,
    -710,
    98,
    665,
    -711,
    244,
    648,
    -720,
    241,
    637,
    -778,
    -302,
    594,
    -818,
    -275,
    637,
    -727,
    -263,
    629,
    -786,
    -295,
    617,
    -753,
    295,
    617,
    -753,
    263,
    629,
    -786,
    275,
    637,
    -727,
    302,
    594,
    -818,
    223,
    512,
    -1119,
    307,
    486,
    -1092,
    -203,
    507,
    -1133,
    -239,
    415,
    -1215,
    181,
    444,
    -1210,
    273,
    473,
    -1151,
    284,
    480,
    -1117,
    -244,
    648,
    -720,
    -300,
    601,
    -767,
    -244,
    638,
    -719,
    244,
    638,
    -719,
    300,
    601,
    -767,
    -69,
    499,
    -1151,
    200,
    504,
    -1126,
    -210,
    443,
    -1205,
    -254,
    626,
    -783,
    -249,
    526,
    -1066,
    249,
    526,
    -1066,
    254,
    626,
    -783,
    294,
    510,
    -1029,
    -294,
    510,
    -1029,
    314,
    486,
    -1101,
    -314,
    486,
    -1101,
    -200,
    504,
    -1126
  ],
  "morphTargets": [],
  "morphColors": [],
  "normals": [
    -0.0046343,
    0.97451,
    -0.22429,
    0.025164,
    0.9222,
    -0.38589,
    0.035162,
    0.60863,
    -0.79268,
    -0.057156,
    0.61495,
    -0.78649,
    -0.34775,
    -0.56145,
    -0.75089,
    0.043477,
    -0.5297,
    -0.84707,
    -0.19822,
    -0.98005,
    -0.014663,
    -0.71863,
    0.24313,
    -0.65151,
    -0.84419,
    -0.42311,
    0.32911,
    -0.20504,
    -0.97009,
    0.12991,
    0.28259,
    -0.56768,
    -0.77323,
    -0.020798,
    0.19533,
    -0.98052,
    0.035056,
    0.31167,
    -0.94954,
    0.42774,
    -0.90043,
    -0.0792,
    0,
    0.74966,
    -0.66182,
    -0.08426,
    -0.65771,
    -0.74854,
    0.08426,
    -0.65771,
    -0.74854,
    0.71215,
    0.24477,
    -0.65797,
    0.85846,
    0.48743,
    -0.15955,
    -0.020292,
    0.95387,
    -0.29952,
    0.31062,
    0.90069,
    -0.30378,
    -0.071438,
    0.72956,
    0.68017,
    -0.072368,
    0.79119,
    -0.60728,
    -0.31062,
    0.90069,
    -0.30378,
    0.0015268,
    0.96165,
    -0.27428,
    -0.85846,
    0.48743,
    -0.15955,
    -0.83311,
    0.0041493,
    -0.55308,
    -0.55893,
    0.72217,
    -0.40752,
    -0.97652,
    -0.15108,
    0.15354,
    -0.64546,
    -0.36238,
    -0.67235,
    0.84419,
    -0.42311,
    0.32911,
    0.87778,
    0.020117,
    -0.47865,
    0.65548,
    -0.35428,
    -0.66696,
    0.9894,
    -0.077951,
    0.12251,
    0.0021658,
    0.10328,
    0.99465,
    0.08053,
    0.76287,
    0.64152,
    0.24482,
    0.7683,
    0.59142,
    0.072368,
    0.79119,
    -0.60728,
    -0.96216,
    0.25747,
    -0.089231,
    -0.65227,
    0.3445,
    0.67518,
    -0.088246,
    0.90258,
    -0.42139,
    -0.87128,
    0.23895,
    0.42869,
    0.87128,
    0.23895,
    0.42869,
    0.088246,
    0.90258,
    -0.42139,
    0.65227,
    0.34451,
    0.67518,
    0.96216,
    0.25747,
    -0.089231,
    0.031625,
    0.92253,
    -0.38464,
    0.51859,
    0.74028,
    -0.42784,
    0.021017,
    0.94646,
    -0.32212,
    -0.88551,
    -0.000089001,
    -0.46463,
    0.10803,
    0.70969,
    -0.69619,
    0.84254,
    0.015596,
    -0.53841,
    0.20504,
    -0.97009,
    0.12991,
    -0.24482,
    0.7683,
    0.59142,
    -0.98224,
    0.039625,
    0.18338,
    -0.16443,
    -0.072743,
    0.9837,
    0.16626,
    -0.069119,
    0.98366,
    0.98224,
    0.039625,
    0.18338,
    0.054212,
    0.94647,
    0.31822,
    -0.30809,
    0.18473,
    0.93325,
    -0.15899,
    0.67824,
    -0.71744,
    0.33522,
    0.42699,
    -0.83982,
    0.62594,
    0.77775,
    -0.057517,
    -0.62721,
    0.77355,
    -0.090706,
    -0.33522,
    0.42699,
    -0.83982,
    0.99505,
    -0.0077618,
    0.099023,
    -0.99505,
    -0.0077617,
    0.099023,
    -0.97847,
    -0.16961,
    -0.11758,
    0.97847,
    -0.16962,
    -0.11758,
    0.31395,
    0.9253,
    0.21273
  ],
  "colors": [],
  "uvs": [
    []
  ],