{
  "metadata": {
    "formatVersion": 3.1,
    "sourceFile": "glass.obj",
    "generatedBy": "OBJConverter",
    "vertices": 35,
    "faces": 34,
    "normals": 35,
    "colors": 0,
    "uvs": 0,
    "materials": 1
  },
  "scale": 0.5,
  "materials": [
    {
      "DbgColor": 15658734,
      "DbgIndex": 0,
      "DbgName": "14___Default111",
      "colorAmbient": [
        0.2431,
        0.2863,
        0.4353
      ],
      "colorDiffuse": [
        0.2431,
        0.2863,
        0.4353
      ],
      "colorSpecular": [
        0.792,
        0.792,
        0.792
      ],
      "illumination": 2,
      "opacity": 1,
      "opticalDensity": 1.5,
      "specularCoef": 39,
      "transparent": true
    }
  ],
  "vertices": [
    -61,
    849,
    169,
    0,
    739,
    389,
    270,
    734,
    360,
    -44,
    658,
    -1231,
    -247,
    658,
    -1190,
    0,
    819,
    -973,
    340,
    835,
    124,
    -390,
    774,
    190,
    -401,
    758,
    -286,
    -442,
    585,
    451,
    442,
    585,
    451,
    401,
    758,
    -286,
    390,
    774,
    190,
    395,
    745,
    -560,
    337,
    823,
    -735,
    355,
    853,
    -121,
    -355,
    853,
    -121,
    -337,
    823,
    -735,
    -395,
    745,
    -560,
    130,
    819,
    -959,
    247,
    658,
    -1190,
    -334,
    674,
    -1124,
    -312,
    819,
    -889,
    -270,
    734,
    360,
    312,
    819,
    -889,
    334,
    674,
    -1124,
    376,
    707,
    -900,
    -376,
    707,
    -900,
    -340,
    835,
    124,
    442,
    620,
    -286,
    -442,
    620,
    -286,
    219,
    584,
    591,
    406,
    619,
    489,
    -407,
    586,
    536,
    -73,
    586,
    609
  ],
  "morphTargets": [],
  "morphColors": [],
  "normals": [
    -0.021858,
    0.90058,
    0.43415,
    0.0053115,
    0.86168,
    0.50743,
    0.15823,
    0.863,
    0.47978,
    -0.023592,
    0.84828,
    -0.52902,
    -0.15043,
    0.86824,
    -0.4728,
    -0.032952,
    0.85221,
    -0.52216,
    0.13304,
    0.89584,
    0.42399,
    -0.95497,
    0.29649,
    0.011504,
    -0.92212,
    0.38632,
    -0.021413,
    -0.95909,
    0.28281,
    0.012961,
    0.95909,
    0.28281,
    0.012961,
    0.92212,
    0.38631,
    -0.021412,
    0.95496,
    0.2965,
    0.011504,
    0.9282,
    0.36627,
    -0.065501,
    0.88505,
    0.45678,
    -0.089641,
    0.89749,
    0.44101,
    -0.0037639,
    -0.89749,
    0.44101,
    -0.003764,
    -0.88505,
    0.45678,
    -0.089641,
    -0.9282,
    0.36627,
    -0.065501,
    0.12449,
    0.84337,
    -0.52271,
    0.14536,
    0.8446,
    -0.51529,
    -0.15985,
    0.86472,
    -0.47614,
    -0.13724,
    0.84868,
    -0.5108,
    -0.17908,
    0.85357,
    0.48922,
    0.19291,
    0.84299,
    -0.50214,
    0.20525,
    0.84698,
    -0.4904,
    0.9258,
    0.36624,
    -0.093565,
    -0.9258,
    0.36624,
    -0.093564,
    -0.16754,
    0.88691,
    0.43049,
    0.9596,
    0.28111,
    -0.012186,
    -0.9596,
    0.28111,
    -0.012186,
    0.089135,
    0.82027,
    0.56499,
    0.18916,
    0.8265,
    0.5302,
    -0.17665,
    0.8178,
    0.54772,
    -0.039766,
    0.81869,
    0.57285
  ],
  "colors": [],
  "uvs": [
    []
  ],
  "faces": [
    34,
    0,
    1,
    2,
    0,
    0,
    1,
    2,
    34,
    3,
    4,
    5,
    0,
    3,
    4,
    5,
    34,
    0,
    2,
    6,
    0,
    0,
    2,
    6,
    34,
    7,
    8,
    9,
    0,
    7,
    8,
    9,
    34,
    10,
    11,
    12,
    0,
    10,
    11,
    12,
    34,
    13,
    14,
    15,
    0,
    13,
    14,
    15,
    34,
    16,
    17,
    18,
    0,
    16,
    17,
    18,
    34,
    19,
    20,
    3,
    0,
    19,
    20,
    3,
    34,
    5,
    21,
    22,
    0,
    5,
    21,
    22,
    34,
    23,
    1,
    0,
    0,
    23,
    1,
    0,
    34,
    24,
    25,
    19,
    0,
    24,
    25,
    19,
    34,
    14,
    13,
    26,
    0,
    14,
    13,
    26,
    34,
    17,
    27,
    18,
    0,
    17,
    27,
    18,
    34,
    28,
    23,
    0,
    0,
    28,
    23,
    0,
    34,
    13,
    29,
    26,
    0,
    13,
    29,
    26,
    34,
    10,
    29,
    11,
    0,
    10,
    29,
    11,
    34,
    8,
    30,
    9,
    0,
    8,
    30,
    9,
    34,
    27,
    30,
    18,
    0,
    27,
    30,
    18,
    34,
    31,
    2,
    1,
    0,
    31,
    2,
    1,
    34,
    32,
    6,
    2,
    0,
    32,
    6,
    2,
    34,
    7,
    16,
    8,
    0,
    7,
    16,
    8,
    34,
    11,
    15,
    12,
    0,
    11,
    15,
    12,
    34,
    23,
    33,
    34,
    0,
    23,
    33,
    34,
    34,
    23,
    28,
    33,
    0,
    23,
    28,
    33,
    34,
    34,
    1,
    23,
    0,
    34,
    1,
    23,
    34,
    1,
    34,
    31,
    0,
    1,
    34,
    31,
    34,
    31,
    32,
    2,
    0,
    31,
    32,
    2,
    34,
    5,
    19,
    3,
    0,
    5,
    19,
    3,
    34,
    29,
    13,
    11,
    0,
    29,
    13,
    11,
    34,
    11,
    13,
    15,
    0,
    11,
    13,
    15,
    34,
    16,
    18,
    8,
    0,
    16,
    18,
    8,
    34,
    8,
    18,
    30,
    0,
    8,
    18,
    30,
    34,
    20,
    19,
    25,
    0,
    20,
    19,
    25,
    34,
    21,
    5,
    4,
    0,
    21,
    5,
    4
  ]
}