{
  "metadata": {
    "formatVersion": 3.1,
    "sourceFile": "hood.obj",
    "generatedBy": "OBJConverter",
    "vertices": 56,
    "faces": 67,
    "normals": 65,
    "colors": 0,
    "uvs": 0,
    "materials": 1
  },
  "scale": 0.5,
  "materials": [
    {
      "DbgColor": 15658734,
      "DbgIndex": 0,
      "DbgName": "_hoodPorsche_Cayenne_Hood",
      "colorAmbient": [
        0.987,
        0.987,
        0.987
      ],
      "colorDiffuse": [
        0.987,
        0.987,
        0.987
      ],
      "colorSpecular": [
        0.936,
        0.936,
        0.936
      ],
      "illumination": 2,
      "opacity": 1,
      "opticalDensity": 1.5,
      "specularCoef": 20,
      "transparent": true
    }
  ],
  "vertices": [
    76,
    524,
    536,
    -18,
    516,
    659,
    214,
    511,
    628,
    -29,
    472,
    869,
    12,
    418,
    1000,
    178,
    471,
    848,
    -76,
    524,
    536,
    -152,
    522,
    525,
    -214,
    511,
    628,
    152,
    522,
    525,
    -178,
    471,
    848,
    -151,
    426,
    972,
    151,
    426,
    972,
    322,
    497,
    591,
    263,
    511,
    493,
    198,
    496,
    739,
    -198,
    496,
    739,
    -263,
    511,
    493,
    -322,
    497,
    591,
    -193,
    422,
    948,
    -219,
    440,
    893,
    -305,
    488,
    657,
    -285,
    479,
    719,
    336,
    504,
    524,
    -336,
    504,
    524,
    1,
    403,
    1027,
    -43,
    378,
    1064,
    43,
    378,
    1064,
    86,
    379,
    1059,
    130,
    381,
    1051,
    285,
    479,
    719,
    305,
    488,
    657,
    219,
    440,
    893,
    193,
    422,
    948,
    -242,
    455,
    837,
    -265,
    468,
    779,
    265,
    468,
    779,
    242,
    455,
    837,
    19,
    524,
    540,
    0,
    525,
    540,
    225,
    518,
    507,
    -225,
    518,
    507,
    -179,
    411,
    977,
    -157,
    393,
    1020,
    157,
    393,
    1020,
    10,
    378,
    1066,
    -10,
    378,
    1066,
    -347,
    510,
    455,
    347,
    510,
    455,
    -19,
    524,
    540,
    -86,
    379,
    1059,
    -148,
    384,
    1038,
    -130,
    381,
    1051,
    0,
    410,
    1013,
    179,
    411,
    977,
    148,
    384,
    1038
  ],
  "morphTargets": [],
  "morphColors": [],
  "normals": [
    0.009393,
    0.99304,
    -0.1174,
    -0.0067086,
    0.99218,
    0.12466,
    0.13467,
    0.9838,
    0.11832,
    -0.013913,
    0.95225,
    0.305,
    -0.059439,
    0.86734,
    0.49416,
    0.13156,
    0.94567,
    0.29732,
    -0.009393,
    0.99304,
    -0.1174,
    -0.015859,
    0.99321,
    -0.11529,
    -0.13467,
    0.9838,
    0.11832,
    0.015859,
    0.99321,
    -0.11529,
    -0.13156,
    0.94567,
    0.29732,
    -0.047547,
    0.9153,
    0.39996,
    0.047547,
    0.9153,
    0.39996,
    0.22251,
    0.96153,
    0.16112,
    0.16905,
    0.97728,
    0.12788,
    0.13939,
    0.97125,
    0.19297,
    -0.13939,
    0.97125,
    0.19297,
    -0.16905,
    0.97728,
    0.12788,
    -0.22251,
    0.96153,
    0.16112,
    -0.37529,
    0.80367,
    0.4618,
    -0.35982,
    0.84158,
    0.40283,
    -0.24751,
    0.94823,
    0.19897,
    -0.27489,
    0.9304,
    0.24245,
    0.20295,
    0.97031,
    0.13157,
    -0.20295,
    0.97031,
    0.13157,
    0.0026638,
    0.87065,
    0.4919,
    -0.23104,
    0.86401,
    0.44734,
    -0.039454,
    0.75828,
    0.65074,
    0.039454,
    0.75828,
    0.65074,
    0.069073,
    0.75583,
    0.65111,
    0.1553,
    0.74454,
    0.64926,
    0.27489,
    0.9304,
    0.24245,
    0.24751,
    0.94823,
    0.19897,
    0.35982,
    0.84158,
    0.40283,
    0.37529,
    0.80367,
    0.4618,
    -0.33357,
    0.87842,
    0.3422,
    -0.30428,
    0.907,
    0.29115,
    0.30428,
    0.907,
    0.29115,
    0.33357,
    0.87842,
    0.3422,
    0.0020236,
    0.99289,
    -0.11902,
    1e-10,
    0.99684,
    0.07943,
    0.17126,
    0.97774,
    -0.1212,
    -0.17126,
    0.97774,
    -0.1212,
    -0.38852,
    0.77497,
    0.49848,
    -0.41597,
    0.73728,
    0.53234,
    0.23104,
    0.86401,
    0.44734,
    0.41598,
    0.73728,
    0.53234,
    0.0090672,
    0.75959,
    0.65034,
    -0.0090672,
    0.75959,
    0.65034,
    -0.05914,
    0.99516,
    -0.078443,
    0.037892,
    0.99475,
    -0.095027,
    -0.037892,
    0.99475,
    -0.095027,
    0.05914,
    0.99516,
    -0.078443,
    -0.014912,
    0.99674,
    0.07932,
    -0.069073,
    0.75583,
    0.65111,
    -0.40442,
    0.72431,
    0.55841,
    -0.31129,
    0.70201,
    0.64053,
    0.014912,
    0.99674,
    0.07932,
    -0.20154,
    0.9465,
    0.25203,
    0.20154,
    0.9465,
    0.25203,
    0,
    0.88652,
    0.4627,
    -0.1553,
    0.74454,
    0.64926,
    0.38852,
    0.77497,
    0.49848,
    0.40442,
    0.72431,
    0.55841,
    -0.0020236,
    0.99289,
    -0.11902
  ],
  "colors": [],
  "uvs": [
    []
  ],