{
  "metadata": {
    "formatVersion": 3.1,
    "sourceFile": "reflector.obj",
    "generatedBy": "OBJConverter",
    "vertices": 61,
    "faces": 65,
    "normals": 80,
    "colors": 0,
    "uvs": 0,
    "materials": 1
  },
  "scale": 0.5,
  "materials": [
    {
      "DbgColor": 15658734,
      "DbgIndex": 0,
      "DbgName": "_reflectorPorsche_Cayenne_Body",
      "colorAmbient": [
        0.3254902065,
        0.1529411823,
        0.0705882385
      ],
      "colorDiffuse": [
        0.3254902065,
        0.1529411823,
        0.0705882385
      ],
      "colorSpecular": [
        0.5219999552,
        0.5219999552,
        0.5219999552
      ],
      "illumination": 2,
      "opacity": 1,
      "opticalDensity": 1.5,
      "specularCoef": 45.9999961853,
      "transparent": true
    }
  ],
  "vertices": [
    411,
    569,
    255,
    411,
    561,
    287,
    439,
    558,
    270,
    -439,
    558,
    270,
    -420,
    561,
    282,
    -411,
    569,
    255,
    -429,
    568,
    244,
    -457,
    554,
    228,
    457,
    554,
    228,
    445,
    562,
    235,
    460,
    513,
    227,
    440,
    507,
    240,
    396,
    519,
    268,
    -459,
    513,
    227,
    -395,
    519,
    268,
    -439,
    507,
    240,
    397,
    562,
    264,
    -397,
    562,
    264,
    -412,
    565,
    257,
    -445,
    558,
    236,
    413,
    565,
    257,
    446,
    558,
    236,
    -464,
    543,
    224,
    465,
    543,
    224,
    -394,
    555,
    267,
    -396,
    556,
    295,
    -392,
    521,
    306,
    -411,
    544,
    310,
    -439,
    543,
    290,
    -430,
    521,
    311,
    430,
    521,
    311,
    439,
    543,
    290,
    411,
    544,
    310,
    392,
    521,
    306,
    396,
    556,
    295,
    394,
    555,
    267,
    -459,
    549,
    252,
    -471,
    524,
    245,
    -461,
    523,
    271,
    -447,
    521,
    293,
    447,
    521,
    293,
    461,
    523,
    271,
    471,
    524,
    245,
    459,
    549,
    252,
    469,
    543,
    221,
    -469,
    543,
    221,
    -402,
    520,
    328,
    402,
    520,
    328,
    391,
    520,
    268,
    -391,
    520,
    268,
    471,
    523,
    220,
    -470,
    523,
    220,
    397,
    554,
    267,
    -397,
    554,
    267,
    429,
    568,
    244,
    427,
    506,
    248,
    406,
    508,
    262,
    -426,
    506,
    248,
    -405,
    508,
    262,
    -476,
    526,
    217,
    476,
    526,
    217
  ],
  "morphTargets": [],
  "morphColors": [],
  "normals": [
    0.022987,
    0.9857,
    0.16691,
    0.15714,
    0.88196,
    0.44436,
    0.49894,
    0.77569,
    0.38648,
    -0.49894,
    0.77569,
    0.38648,
    -0.30049,
    0.84897,
    0.43469,
    -0.022987,
    0.9857,
    0.16691,
    -0.5128,
    0.84855,
    0.13034,
    -0.65252,
    0.75068,
    0.10348,
    0.65252,
    0.75068,
    0.10348,
    0.5128,
    0.84855,
    0.13034,
    -0.53248,
    -0.046833,
    -0.84514,
    -0.54256,
    -0.028964,
    -0.83952,
    -0.6051,
    -0.032862,
    -0.79547,
    0.53248,
    -0.046844,
    -0.84514,
    0.60509,
    -0.032847,
    -0.79548,
    0.54253,
    -0.02896,
    -0.83954,
    -0.27149,
    0.94934,
    0.15825,
    0.27149,
    0.94934,
    0.15825,
    0.54774,
    0.044597,
    -0.83546,
    0.52059,
    0.060096,
    -0.85169,
    -0.54774,
    0.044583,
    -0.83546,
    -0.5206,
    0.060074,
    -0.85169,
    0.49024,
    0.076365,
    -0.86824,
    -0.49024,
    0.076368,
    -0.86824,
    0.99326,
    0.11534,
    0.011822,
    0.98661,
    0.14391,
    0.076742,
    0.99649,
    -0.02533,
    0.079786,
    -0.3254,
    0.6591,
    0.67801,
    -0.59873,
    0.55629,
    0.57626,
    -0.59831,
    0.34723,
    0.72212,
    0.59831,
    0.34723,
    0.72212,
    0.59873,
    0.55629,
    0.57626,
    0.3254,
    0.6591,
    0.67801,
    -0.99649,
    -0.02533,
    0.079786,
    -0.98661,
    0.14391,
    0.076742,
    -0.99326,
    0.11534,
    0.011822,
    -0.84472,
    0.39307,
    0.36324,
    -0.96411,
    0.069375,
    0.25628,
    -0.85819,
    0.2046,
    0.4708,
    -0.72955,
    0.48351,
    0.48371,
    -0.72988,
    0.29315,
    0.61752,
    0.72988,
    0.29315,
    0.61752,
    0.72955,
    0.48351,
    0.48371,
    0.85819,
    0.2046,
    0.4708,
    0.96411,
    0.069375,
    0.25628,
    0.84472,
    0.39307,
    0.36324,
    0.92897,
    0.36329,
    0.070983,
    -0.92897,
    0.36329,
    0.070983,
    -0.29564,
    0.46887,
    0.83232,
    0.29564,
    0.46887,
    0.83232,
    -0.99918,
    -0.040152,
    0.0057984,
    0.99918,
    -0.040152,
    0.0057984,
    -0.48123,
    -0.075106,
    -0.87337,
    0.48124,
    -0.075099,
    -0.87337,
    -0.69796,
    0.65398,
    0.29182,
    0.69796,
    0.65398,
    0.29182,
    -0.74494,
    0.45556,
    0.48736,
    0.74494,
    0.45556,
    0.48736,
    -0.58566,
    0.05287,
    -0.80883,
    0.58566,
    0.052878,
    -0.80883,
    0.82727,
    0.55663,
    0.076141,
    -0.82727,
    0.55663,
    0.076141,
    0.30752,
    0.93845,
    0.15729,
    -0.30752,
    0.93845,
    0.15729,
    -0.54483,
    -0.025344,
    -0.83816,
    -0.5614,
    -0.033085,
    -0.82689,
    0.54485,
    -0.025332,
    -0.83815,
    0.56137,
    -0.033023,
    -0.82691,
    0.75781,
    0.29547,
    0.58174,
    -0.75781,
    0.29547,
    0.58174,
    -0.98414,
    0.16289,
    0.070217,
    0.98414,
    0.16289,
    0.070217,
    -0.53945,
    0.76983,
    0.34111,
    -0.68558,
    0.71911,
    0.1134,
    -0.93323,
    0.35657,
    0.043955,
    0.93323,
    0.35657,
    0.043955,
    0.68558,
    0.71911,
    0.1134,
    0.53945,
    0.76983,
    0.34111,
    0.11359,
    0.89658,
    0.42806,
    -0.11359,
    0.89658,
    0.42806
  ],
  "colors": [],
  "uvs": [
    []
  ],