{
  "metadata": {
    "formatVersion": 3.1,
    "sourceFile": "roof.obj",
    "generatedBy": "OBJConverter",
    "vertices": 54,
    "faces": 67,
    "normals": 55,
    "colors": 0,
    "uvs": 0,
    "materials": 1
  },
  "scale": 0.5,
  "materials": [
    {
      "DbgColor": 15658734,
      "DbgIndex": 0,
      "DbgName": "_roofPorsche_Cayenne_Body",
      "colorAmbient": [
        0.3254902065,
        0.1529411823,
        0.0705882385
      ],
      "colorDiffuse": [
        0.3254902065,
        0.1529411823,
        0.0705882385
      ],
      "colorSpecular": [
        0.5219999552,
        0.5219999552,
        0.5219999552
      ],
      "illumination": 2,
      "opacity": 1,
      "opticalDensity": 1.5,
      "specularCoef": 45.9999961853,
      "transparent": true
    }
  ],
  "vertices": [
    -45,
    768,
    -269,
    0,
    763,
    -117,
    139,
    763,
    -222,
    241,
    751,
    -467,
    173,
    760,
    -421,
    -160,
    730,
    -767,
    -233,
    742,
    -608,
    -131,
    746,
    -670,
    -256,
    752,
    -231,
    -267,
    741,
    -43,
    -149,
    740,
    51,
    203,
    708,
    129,
    273,
    731,
    28,
    149,
    740,
    51,
    233,
    742,
    -608,
    131,
    746,
    -670,
    0,
    768,
    -420,
    -194,
    727,
    -761,
    -155,
    711,
    138,
    -103,
    713,
    144,
    0,
    718,
    152,
    51,
    714,
    147,
    246,
    706,
    120,
    -279,
    719,
    76,
    -203,
    708,
    129,
    -139,
    763,
    -222,
    -40,
    755,
    -620,
    -173,
    760,
    -421,
    160,
    730,
    -767,
    39,
    734,
    -774,
    0,
    737,
    -773,
    103,
    713,
    144,
    155,
    711,
    138,
    -77,
    733,
    -773,
    -105,
    732,
    -772,
    105,
    732,
    -772,
    77,
    733,
    -773,
    194,
    727,
    -761,
    -51,
    714,
    147,
    0,
    744,
    60,
    48,
    754,
    -17,
    267,
    741,
    -43,
    -246,
    706,
    120,
    -285,
    707,
    113,
    285,
    707,
    113,
    -39,
    734,
    -774,
    -127,
    732,
    -770,
    127,
    732,
    -770,
    116,
    731,
    -771,
    -116,
    731,
    -771,
    -225,
    724,
    -753,
    225,
    724,
    -753,
    256,
    752,
    -231,
    -241,
    751,
    -467
  ],
  "morphTargets": [],
  "morphColors": [],
  "normals": [
    -0.023408,
    0.9996,
    0.015775,
    0,
    0.99814,
    0.060966,
    0.060868,
    0.99764,
    0.031687,
    0.11942,
    0.99168,
    -0.048013,
    0.084813,
    0.99593,
    -0.03043,
    -0.097077,
    0.98689,
    -0.12895,
    -0.12623,
    0.98771,
    -0.092119,
    -0.051935,
    0.9925,
    -0.11065,
    -0.11548,
    0.99295,
    0.026647,
    -0.11959,
    0.98863,
    0.091114,
    -0.073514,
    0.97887,
    0.1908,
    0.11721,
    0.93911,
    0.32302,
    0.13374,
    0.97466,
    0.17932,
    0.073514,
    0.97887,
    0.1908,
    0.12623,
    0.98771,
    -0.092119,
    0.051935,
    0.9925,
    -0.11065,
    0,
    0.99966,
    -0.026253,
    -0.12327,
    0.98385,
    -0.12979,
    -0.088145,
    0.94021,
    0.32899,
    -0.061735,
    0.94096,
    0.33283,
    -1.2e-9,
    0.94232,
    0.33471,
    0.033177,
    0.94184,
    0.33442,
    0.14298,
    0.93787,
    0.31615,
    -0.14584,
    0.95654,
    0.25253,
    -0.11721,
    0.93911,
    0.32302,
    -0.060868,
    0.99764,
    0.031687,
    -0.027223,
    0.99552,
    -0.090527,
    -0.084813,
    0.99593,
    -0.03043,
    0.097077,
    0.98689,
    -0.12895,
    0.028241,
    0.98838,
    -0.14935,
    0,
    0.99607,
    -0.08859,
    0.061735,
    0.94096,
    0.33283,
    0.088145,
    0.94021,
    0.32899,
    -0.04577,
    0.98776,
    -0.14914,
    -0.052824,
    0.98704,
    -0.15153,
    0.052824,
    0.98704,
    -0.15153,
    0.04577,
    0.98776,
    -0.14914,
    0.12327,
    0.98385,
    -0.12979,
    -0.033177,
    0.94184,
    0.33442,
    -6e-10,
    0.98109,
    0.19355,
    0.024722,
    0.99477,
    0.099059,
    0.11959,
    0.98863,
    0.091114,
    -0.14298,
    0.93787,
    0.31615,
    -0.15554,
    0.93785,
    0.31023,
    0.15554,
    0.93785,
    0.31023,
    -0.028241,
    0.98838,
    -0.14935,
    -0.01197,
    0.99229,
    -0.12334,
    0.01197,
    0.99229,
    -0.12334,
    -0.075959,
    0.98948,
    -0.12314,
    0.075959,
    0.98948,
    -0.12314,
    -0.10974,
    0.98971,
    -0.091781,
    0.10974,
    0.98971,
    -0.091781,
    0.020364,
    0.60673,
    -0.79465,
    0.11548,
    0.99295,
    0.026647,
    -0.11942,
    0.99168,
    -0.048013
  ],
  "colors": [],
  "uvs": [
    []
  ],