{
  "metadata": {
    "formatVersion": 3.1,
    "sourceFile": "reflector.obj",
    "generatedBy": "OBJConverter",
    "vertices": 71,
    "faces": 107,
    "normals": 71,
    "colors": 0,
    "uvs": 0,
    "materials": 1
  },
  "scale": 0.5,
  "materials": [
    {
      "DbgColor": 15658734,
      "DbgIndex": 0,
      "DbgName": "Standard_17",
      "colorAmbient": [
        0.5879999995,
        0.5879999995,
        0.5879999995
      ],
      "colorDiffuse": [
        0.5879999995,
        0.5879999995,
        0.5879999995
      ],
      "colorSpecular": [
        0,
        0,
        0
      ],
      "illumination": 2,
      "opacity": 1,
      "opticalDensity": 1.5,
      "specularCoef": 10,
      "transparent": true
    }
  ],
  "vertices": [
    454,
    566,
    318,
    515,
    569,
    276,
    483,
    576,
    275,
    -483,
    576,
    275,
    -515,
    569,
    276,
    -454,
    566,
    318,
    462,
    561,
    322,
    515,
    551,
    300,
    443,
    533,
    328,
    446,
    538,
    289,
    447,
    534,
    325,
    -447,
    534,
    325,
    -446,
    538,
    289,
    -443,
    533,
    328,
    -515,
    551,
    300,
    -462,
    561,
    322,
    -535,
    552,
    279,
    535,
    552,
    279,
    -442,
    538,
    288,
    -443,
    565,
    287,
    443,
    565,
    287,
    442,
    538,
    288,
    545,
    531,
    254,
    525,
    519,
    260,
    444,
    565,
    284,
    456,
    536,
    343,
    -456,
    536,
    343,
    522,
    537,
    304,
    503,
    536,
    315,
    542,
    541,
    260,
    547,
    541,
    256,
    -542,
    541,
    260,
    -503,
    536,
    315,
    -522,
    537,
    304,
    -547,
    541,
    256,
    449,
    573,
    285,
    444,
    556,
    323,
    451,
    551,
    334,
    -444,
    556,
    323,
    -449,
    573,
    285,
    -451,
    551,
    334,
    -541,
    523,
    255,
    -515,
    569,
    263,
    -444,
    565,
    284,
    452,
    571,
    286,
    -452,
    571,
    286,
    -449,
    518,
    283,
    483,
    574,
    272,
    538,
    553,
    256,
    453,
    528,
    343,
    449,
    537,
    342,
    -449,
    537,
    342,
    -453,
    528,
    343,
    -520,
    566,
    266,
    520,
    566,
    266,
    523,
    568,
    263,
    544,
    540,
    272,
    538,
    539,
    286,
    -538,
    539,
    286,
    -544,
    540,
    272,
    -523,
    568,
    263,
    456,
    529,
    339,
    493,
    529,
    322,
    -493,
    529,
    322,
    -456,
    529,
    339,
    508,
    536,
    314,
    -508,
    536,
    314,
    -537,
    555,
    256,
    449,
    518,
    283,
    522,
    567,
    260,
    -546,
    535,
    254
  ],
  "morphTargets": [],
  "morphColors": [],
  "normals": [
    -0.17099,
    0.87939,
    0.44434,
    0.40714,
    0.85798,
    0.31322,
    -0.13375,
    0.75625,
    -0.64047,
    0.13375,
    0.75625,
    -0.64047,
    -0.40714,
    0.85798,
    0.31322,
    0.17099,
    0.87939,
    0.44434,
    0.28755,
    0.70504,
    0.64825,
    0.48246,
    0.61119,
    0.62744,
    -0.76875,
    -0.63894,
    0.027909,
    0.13394,
    -0.71242,
    -0.68886,
    0.083027,
    -0.97785,
    -0.19214,
    -0.083027,
    -0.97785,
    -0.19214,
    -0.13394,
    -0.71242,
    -0.68886,
    0.76875,
    -0.63894,
    0.027909,
    -0.48246,
    0.61119,
    0.62744,
    -0.28755,
    0.70504,
    0.64825,
    -0.69365,
    0.64102,
    0.32855,
    0.69365,
    0.64102,
    0.32855,
    0.53097,
    -0.51708,
    -0.67134,
    0.77812,
    0.261,
    -0.57132,
    -0.77812,
    0.261,
    -0.57132,
    -0.53097,
    -0.51708,
    -0.67134,
    -0.28394,
    -0.005642,
    -0.95883,
    -0.28449,
    -0.0074477,
    -0.95865,
    -0.28428,
    -0.0074608,
    -0.95871,
    0.26024,
    0.18137,
    0.94836,
    -0.26024,
    0.18137,
    0.94836,
    0.60459,
    -0.5157,
    0.60707,
    -0.10863,
    -0.74089,
    -0.66279,
    -0.35816,
    -0.78231,
    -0.50961,
    0.64391,
    -0.27348,
    -0.71456,
    0.35816,
    -0.78231,
    -0.50961,
    0.10863,
    -0.74089,
    -0.66279,
    -0.60459,
    -0.5157,
    0.60707,
    -0.64391,
    -0.27348,
    -0.71456,
    -0.43227,
    0.65068,
    -0.62431,
    -0.81686,
    0.45659,
    0.35251,
    -0.18799,
    0.60578,
    0.77311,
    0.81686,
    0.45659,
    0.35251,
    0.43227,
    0.65068,
    -0.62431,
    0.18799,
    0.60578,
    0.77311,
    0.28195,
    -0.0038117,
    -0.95942,
    0.28172,
    -0.0057456,
    -0.95948,
    0.28449,
    -0.007447,
    -0.95865,
    -0.11836,
    -0.38153,
    -0.91675,
    0.11836,
    -0.38153,
    -0.91675,
    0.28449,
    -0.0074468,
    -0.95865,
    -0.28413,
    -0.0096878,
    -0.95874,
    -0.2838,
    -0.0058621,
    -0.95887,
    -0.18844,
    -0.77001,
    0.60957,
    -0.5945,
    0.10783,
    0.79683,
    0.5945,
    0.10783,
    0.79683,
    0.18844,
    -0.77001,
    0.60957,
    0.39661,
    -0.41801,
    -0.81729,
    -0.39661,
    -0.41801,
    -0.81729,
    0.33636,
    0.64388,
    -0.68722,
    0.83833,
    -0.51837,
    0.16882,
    0.73212,
    -0.52256,
    0.43697,
    -0.73212,
    -0.52256,
    0.43697,
    -0.83833,
    -0.51837,
    0.16882,
    -0.33636,
    0.64388,
    -0.68722,
    -0.1305,
    -0.90896,
    -0.39592,
    0.19917,
    -0.97963,
    0.025465,
    -0.19917,
    -0.97963,
    0.025467,
    0.1305,
    -0.90896,
    -0.39592,
    0.51872,
    -0.54635,
    0.65759,
    -0.51872,
    -0.54635,
    0.65759,
    0.27207,
    0.0011504,
    -0.96228,
    -0.28449,
    -0.0074469,
    -0.95865,
    -0.2856,
    -0.014014,
    -0.95825,
    0.2855,
    -0.0006413,
    -0.95838
  ],
  "colors": [],
  "uvs": [
    []
  ],