{
  "metadata": {
    "formatVersion": 3.1,
    "sourceFile": "roof.obj",
    "generatedBy": "OBJConverter",
    "vertices": 31,
    "faces": 48,
    "normals": 31,
    "colors": 0,
    "uvs": 0,
    "materials": 1
  },
  "scale": 0.5,
  "materials": [
    {
      "DbgColor": 15658734,
      "DbgIndex": 0,
      "DbgName": "Standard_17",
      "colorAmbient": [
        0.5879999995,
        0.5879999995,
        0.5879999995
      ],
      "colorDiffuse": [
        0.5879999995,
        0.5879999995,
        0.5879999995
      ],
      "colorSpecular": [
        0,
        0,
        0
      ],
      "illumination": 2,
      "opacity": 1,
      "opticalDensity": 1.5,
      "specularCoef": 10,
      "transparent": true
    }
  ],
  "vertices": [
    260,
    738,
    33,
    196,
    759,
    -131,
    59,
    762,
    -89,
    -60,
    737,
    108,
    -252,
    751,
    -91,
    -267,
    726,
    95,
    0,
    717,
    -663,
    -113,
    750,
    -448,
    238,
    730,
    -540,
    243,
    747,
    -360,
    59,
    762,
    -312,
    -251,
    750,
    -131,
    118,
    716,
    175,
    274,
    707,
    156,
    117,
    743,
    77,
    -217,
    712,
    167,
    -238,
    730,
    -540,
    -114,
    763,
    -131,
    -192,
    760,
    -269,
    267,
    726,
    95,
    246,
    755,
    -269,
    -233,
    706,
    -669,
    233,
    703,
    -668,
    -233,
    703,
    -668,
    -118,
    710,
    174,
    275,
    702,
    153,
    -243,
    750,
    -361,
    -243,
    747,
    -360,
    233,
    706,
    -669,
    -275,
    702,
    153,
    251,
    750,
    -131
  ],
  "morphTargets": [],
  "morphColors": [],
  "normals": [
    0.081327,
    0.98853,
    0.12726,
    0.086471,
    0.99533,
    0.042797,
    0.013349,
    0.99792,
    0.063097,
    -0.026709,
    0.9712,
    0.23676,
    -0.64026,
    0.76781,
    0.023209,
    -0.11369,
    0.97092,
    0.21069,
    0.0019952,
    0.77922,
    -0.62675,
    -0.023683,
    0.99288,
    -0.11671,
    0.72825,
    0.67557,
    -0.11514,
    0.082793,
    0.99155,
    -0.099913,
    0.023876,
    0.99741,
    -0.067805,
    -0.98053,
    -0.19347,
    -0.033549,
    0.068342,
    0.2039,
    0.9766,
    0.62036,
    0.31522,
    0.71819,
    0.041285,
    0.98199,
    0.18434,
    -0.15733,
    0.32514,
    0.93249,
    -0.73596,
    0.66452,
    -0.12951,
    -0.032905,
    0.99822,
    0.049759,
    -0.084523,
    0.99613,
    -0.023926,
    0.10651,
    0.96491,
    0.24,
    0.69206,
    0.72022,
    -0.048268,
    -0.5169,
    0.49191,
    -0.7006,
    0.7121,
    0.012316,
    -0.70197,
    -0.7121,
    0.012316,
    -0.70197,
    -0.012626,
    0.9051,
    0.425,
    0.82335,
    -0.23504,
    0.51658,
    -0.69907,
    0.7112,
    -0.074137,
    -0.99746,
    0.062297,
    -0.03445,
    0.5169,
    0.49191,
    -0.7006,
    -0.25619,
    0.8636,
    0.43424,
    0.17281,
    0.98392,
    0.045047
  ],
  "colors": [],
  "uvs": [
    []
  ],
  "faces": [
    34,
    0,
    1,
    2,
    0,
    0,
    1,
    2,
    34,
    3,
    4,
    5,
    0,
    3,
    4,
    5,
    34,
    6,
    7,
    8,
    0,
    6,
    7,
    8,
    34,
    9,
    8,
    7,
    0,
    9,
    8,
    7,
    34,
    1,
    10,
    2,
    0,
    1,
    10,
    2,
    34,
    11,
    5,
    4,
    0,
    11,
    5,
    4,
    34,
    12,
    13,
    14,
    0,
    12,
    13,
    14,
    34,
    3,
    5,
    15,
    0,
    3,
    5,
    15,
    34,
    16,
    7,
    6,
    0,
    16,
    7,
    6,
    34,
    17,
    10,
    18,
    0,
    17,
    10,
    18,
    34,
    13,
    19,
    14,
    0,
    13,
    19,
    14,
    34,
    2,
    14,
    0,
    0,
    2,
    14,
    0,
    34,
    1,
    20,
    10,
    0,
    1,
    20,
    10,
    34,
    6,
    21,
    16,
    0,
    6,
    21,
    16,
    34,
    22,
    23,
    6,
    0,
    22,
    23,
    6,
    34,
    24,
    12,
    3,
    0,
    24,
    12,
    3,
    34,
    24,
    25,
    12,
    0,
    24,
    25,
    12,
    34,
    17,
    4,
    3,
    0,
    17,
    4,
    3,
    34,
    18,
    4,
    17,
    0,
    18,
    4,
    17,
    34,
    4,
    26,
    11,
    0,
    4,
    26,
    11,
    34,
    23,
    27,
    16,
    0,
    23,
    27,
    16,
    34,
    8,
    9,
    22,
    0,
    8,
    9,
    22,
    34,
    8,
    28,
    6,
    0,
    8,
    28,
    6,
    34,
    29,
    15,
    5,
    0,
    29,
    15,
    5,
    34,
    15,
    24,
    3,
    0,
    15,
    24,
    3,
    34,
    29,
    24,
    15,
    0,
    29,
    24,
    15,
    34,
    19,
    13,
    25,
    0,
    19,
    13,
    25,
    34,
    13,
    12,
    25,
    0,
    13,
    12,
    25,
    34,
    18,
    10,
    7,
    0,
    18,
    10,
    7,
    34,
    7,
    10,
    9,
    0,
    7,
    10,
    9,
    34,
    26,
    7,
    16,
    0,
    26,
    7,
    16,
    34,
    26,
    16,
    27,
    0,
    26,
    16,
    27,
    34,
    20,
    9,
    10,
    0,
    20,
    9,
    10,
    34,
    20,
    30,
    9,
    0,
    20,
    30,
    9,
    34,
    16,
    21,
    23,
    0,
    16,
    21,
    23,
    34,
    23,
    21,
    6,
    0,
    23,
    21,
    6,
    34,
    6,
    28,
    22,
    0,
    6,
    28,
    22,
    34,
    22,
    28,
    8,
    0,
    22,
    28,
    8,
    34,
    1,
    30,
    20,
    0,
    1,
    30,
    20,
    34,
    30,
    1,
    0,
    0,
    30,
    1,
    0,
    34,
    0,
    14,
    19,
    0,
    0,
    14,
    19,
    34,
    2,
    3,
    14,
    0,
    2,
    3,
    14,
    34,
    12,
    14,
    3,
    0,
    12,
    14,
    3,
    34,
    4,
    18,
    26,
    0,
    4,
    18,
    26,
    34,
    26,
    18,
    7,
    0,
    26,
    18,
    7,
    34,
    3,
    2,
    17,
    0,
    3,
    2,
    17,
    34,
    10,
    17,
    2,
    0,
    10,
    17,
    2,
    34,
    27,
    11,
    26,
    0,
    27,
    11,
    26
  ]
}