{
  "metadata": {
    "formatVersion": 3.1,
    "sourceFile": "sideskirt.obj",
    "generatedBy": "OBJConverter",
    "vertices": 88,
    "faces": 134,
    "normals": 88,
    "colors": 0,
    "uvs": 0,
    "materials": 1
  },
  "scale": 0.5,
  "materials": [
    {
      "DbgColor": 15658734,
      "DbgIndex": 0,
      "DbgName": "Standard_17",
      "colorAmbient": [
        0.5879999995,
        0.5879999995,
        0.5879999995
      ],
      "colorDiffuse": [
        0.5879999995,
        0.5879999995,
        0.5879999995
      ],
      "colorSpecular": [
        0,
        0,
        0
      ],
      "illumination": 2,
      "opacity": 1,
      "opticalDensity": 1.5,
      "specularCoef": 10,
      "transparent": true
    }
  ],
  "vertices": [
    -469,
    142,
    379,
    -466,
    156,
    -393,
    -476,
    132,
    -421,
    476,
    132,
    -421,
    466,
    156,
    -393,
    469,
    142,
    379,
    480,
    104,
    529,
    477,
    119,
    -528,
    480,
    121,
    471,
    -480,
    121,
    471,
    -477,
    119,
    -528,
    -480,
    104,
    529,
    -466,
    160,
    -431,
    -477,
    135,
    -481,
    477,
    135,
    -481,
    466,
    160,
    -431,
    -477,
    151,
    -502,
    -466,
    169,
    -452,
    -466,
    191,
    -473,
    466,
    191,
    -473,
    466,
    169,
    -452,
    477,
    151,
    -502,
    481,
    141,
    528,
    470,
    141,
    528,
    468,
    99,
    529,
    -468,
    99,
    529,
    -470,
    141,
    528,
    -481,
    141,
    528,
    477,
    133,
    -469,
    474,
    138,
    -303,
    479,
    126,
    452,
    -479,
    126,
    452,
    -474,
    138,
    -303,
    -477,
    133,
    -469,
    -465,
    191,
    -531,
    -465,
    113,
    -529,
    -478,
    101,
    529,
    -474,
    114,
    -529,
    465,
    113,
    -529,
    465,
    191,
    -531,
    474,
    114,
    -529,
    465,
    191,
    -507,
    477,
    191,
    -507,
    477,
    191,
    -531,
    -477,
    191,
    -531,
    -477,
    191,
    -507,
    -465,
    191,
    -507,
    -477,
    125,
    -482,
    -480,
    114,
    471,
    -480,
    121,
    463,
    480,
    121,
    463,
    480,
    114,
    471,
    477,
    125,
    -482,
    478,
    101,
    529,
    -454,
    154,
    -308,
    454,
    154,
    -308,
    473,
    125,
    -483,
    475,
    140,
    -450,
    473,
    123,
    -423,
    -475,
    140,
    -450,
    -473,
    125,
    -483,
    -473,
    123,
    -423,
    454,
    169,
    -451,
    454,
    191,
    -473,
    -454,
    169,
    -451,
    -454,
    191,
    -473,
    474,
    126,
    452,
    476,
    121,
    464,
    -474,
    126,
    452,
    -476,
    121,
    464,
    -454,
    160,
    -430,
    454,
    160,
    -430,
    -481,
    131,
    503,
    -475,
    141,
    473,
    -471,
    141,
    437,
    471,
    141,
    437,
    475,
    141,
    473,
    481,
    131,
    503,
    476,
    114,
    471,
    -476,
    114,
    471,
    -471,
    140,
    -451,
    471,
    140,
    -451,
    459,
    141,
    437,
    470,
    141,
    505,
    -459,
    141,
    437,
    -470,
    141,
    505,
    -482,
    141,
    505,
    482,
    141,
    505
  ],
  "morphTargets": [],
  "morphColors": [],
  "normals": [
    -0.52246,
    0.8526,
    0.010543,
    -0.61979,
    0.78398,
    0.035083,
    -0.9795,
    0.20114,
    0.010767,
    0.9795,
    0.20114,
    0.010767,
    0.61979,
    0.78398,
    0.035083,
    0.52246,
    0.8526,
    0.010543,
    0.73023,
    -0.14056,
    0.66858,
    0.7412,
    -0.15309,
    -0.65359,
    0.99327,
    0.10701,
    -0.044394,
    -0.99327,
    0.10701,
    -0.044394,
    -0.7412,
    -0.15309,
    -0.65359,
    -0.73023,
    -0.14056,
    0.66858,
    -0.6243,
    0.75827,
    0.18781,
    -0.99669,
    0.066628,
    0.046644,
    0.99669,
    0.066628,
    0.046644,
    0.6243,
    0.75827,
    0.18781,
    -0.99698,
    0.043966,
    0.064016,
    -0.66864,
    0.61171,
    0.42276,
    -0.54054,
    0.75088,
    0.37947,
    0.54054,
    0.75088,
    0.37947,
    0.66864,
    0.61171,
    0.42276,
    0.99698,
    0.043966,
    0.064016,
    0.59401,
    0.57415,
    0.56348,
    0.025482,
    0.69466,
    0.71889,
    0.12193,
    -0.74445,
    0.65645,
    -0.12225,
    -0.74462,
    0.6562,
    -0.025482,
    0.69466,
    0.71889,
    -0.59401,
    0.57415,
    0.56348,
    0.57633,
    0.75212,
    -0.31963,
    0.53034,
    0.84773,
    0.0096851,
    0.55881,
    0.81591,
    0.14841,
    -0.55882,
    0.8159,
    0.14841,
    -0.53034,
    0.84773,
    0.0096851,
    -0.57633,
    0.75212,
    -0.31963,
    -0.02001,
    0.71075,
    -0.70316,
    -0.081251,
    -0.72502,
    -0.68392,
    -0.4831,
    -0.58673,
    0.64989,
    -0.46771,
    -0.61688,
    -0.63302,
    0.080926,
    -0.72482,
    -0.68417,
    0.02001,
    0.71075,
    -0.70316,
    0.46778,
    -0.61669,
    -0.63315,
    0.025054,
    0.99964,
    0.010005,
    0.72816,
    0.67837,
    0.097953,
    0.57564,
    0.55481,
    -0.60069,
    -0.57564,
    0.55481,
    -0.60069,
    -0.72816,
    0.67837,
    0.097953,
    -0.025054,
    0.99964,
    0.010005,
    -0.63946,
    -0.25781,
    -0.72431,
    -0.5804,
    -0.29421,
    0.75933,
    -0.70562,
    0.59424,
    0.38597,
    0.70562,
    0.59424,
    0.38597,
    0.5804,
    -0.2942,
    0.75933,
    0.63945,
    -0.25782,
    -0.72431,
    0.48315,
    -0.58656,
    0.65001,
    0.012152,
    0.99973,
    0.019595,
    -0.012152,
    0.99973,
    0.019595,
    0.15324,
    -0.101,
    -0.98301,
    0.56028,
    0.82011,
    -0.11619,
    0.18638,
    -0.9824,
    -0.012169,
    -0.56028,
    0.82011,
    -0.11619,
    -0.15324,
    -0.101,
    -0.98301,
    -0.18638,
    -0.9824,
    -0.012169,
    0.035495,
    0.82038,
    0.57072,
    0.022491,
    0.90792,
    0.41853,
    -0.035495,
    0.82038,
    0.57072,
    -0.022491,
    0.90792,
    0.41853,
    0.034925,
    0.973,
    0.22814,
    0.053737,
    0.82174,
    0.56733,
    -0.034925,
    0.973,
    0.22814,
    -0.053737,
    0.82174,
    0.56733,
    -0.048481,
    0.96583,
    0.25459,
    0.048481,
    0.96583,
    0.25459,
    -0.99843,
    -0.0078511,
    -0.055425,
    -0.65174,
    0.75418,
    -0.080236,
    -0.56086,
    0.8277,
    -0.018872,
    0.56086,
    0.8277,
    -0.018872,
    0.65174,
    0.75418,
    -0.080236,
    0.99843,
    -0.0078511,
    -0.055425,
    0.093038,
    -0.41953,
    0.90296,
    -0.093038,
    -0.41952,
    0.90297,
    -0.069434,
    0.97048,
    -0.23098,
    0.069434,
    0.97048,
    -0.23098,
    0.01898,
    0.99981,
    0.0050456,
    0.024895,
    0.99966,
    -0.0073706,
    -0.01898,
    0.99981,
    0.0050456,
    -0.024895,
    0.99966,
    -0.0073706,
    -0.73571,
    0.67428,
    -0.063869,
    0.73571,
    0.67428,
    -0.063869
  ],
  "colors": [],
  "uvs": [
    []
  ],