{
  "metadata": {
    "formatVersion": 3.1,
    "sourceFile": "trunk.obj",
    "generatedBy": "OBJConverter",
    "vertices": 79,
    "faces": 131,
    "normals": 79,
    "colors": 0,
    "uvs": 0,
    "materials": 1
  },
  "scale": 0.5,
  "materials": [
    {
      "DbgColor": 15658734,
      "DbgIndex": 0,
      "DbgName": "Standard_17",
      "colorAmbient": [
        0.5879999995,
        0.5879999995,
        0.5879999995
      ],
      "colorDiffuse": [
        0.5879999995,
        0.5879999995,
        0.5879999995
      ],
      "colorSpecular": [
        0,
        0,
        0
      ],
      "illumination": 2,
      "opacity": 1,
      "opticalDensity": 1.5,
      "specularCoef": 10,
      "transparent": true
    }
  ],
  "vertices": [
    -200,
    566,
    -1195,
    -202,
    593,
    -997,
    -51,
    572,
    -1211,
    -51,
    515,
    -1213,
    -51,
    562,
    -1216,
    51,
    515,
    -1213,
    241,
    418,
    -1210,
    87,
    384,
    -1251,
    -49,
    404,
    -1233,
    103,
    573,
    -1200,
    0,
    595,
    -1002,
    202,
    593,
    -997,
    191,
    445,
    -1210,
    -201,
    557,
    -1200,
    273,
    589,
    -990,
    274,
    558,
    -1177,
    200,
    566,
    -1195,
    201,
    557,
    -1200,
    202,
    511,
    -1196,
    -163,
    386,
    -1245,
    -241,
    418,
    -1210,
    225,
    386,
    -1235,
    87,
    350,
    -1239,
    -126,
    350,
    -1236,
    0,
    350,
    -1252,
    -44,
    386,
    -1252,
    -322,
    582,
    -980,
    -325,
    548,
    -1158,
    -325,
    543,
    -1149,
    -202,
    511,
    -1196,
    273,
    550,
    -1182,
    242,
    502,
    -1187,
    325,
    543,
    -1149,
    325,
    548,
    -1158,
    322,
    582,
    -980,
    -126,
    350,
    -1248,
    -244,
    353,
    -1231,
    -253,
    359,
    -1218,
    -278,
    387,
    -1209,
    -262,
    365,
    -1227,
    126,
    350,
    -1248,
    278,
    386,
    -1220,
    278,
    387,
    -1209,
    253,
    359,
    -1218,
    -88,
    513,
    -1202,
    88,
    513,
    -1202,
    0,
    416,
    -1226,
    -273,
    589,
    -990,
    158,
    486,
    -1205,
    160,
    488,
    -1193,
    187,
    447,
    -1199,
    -187,
    447,
    -1199,
    -160,
    488,
    -1193,
    -158,
    486,
    -1205,
    -242,
    502,
    -1187,
    -314,
    513,
    -1172,
    -313,
    513,
    -1161,
    313,
    513,
    -1161,
    314,
    513,
    -1172,
    322,
    575,
    -977,
    0,
    587,
    -999,
    273,
    582,
    -988,
    -273,
    550,
    -1182,
    -274,
    558,
    -1177,
    -191,
    445,
    -1210,
    -300,
    443,
    -1192,
    -207,
    442,
    -1197,
    244,
    353,
    -1231,
    -299,
    443,
    -1181,
    -278,
    386,
    -1220,
    300,
    443,
    -1192,
    207,
    442,
    -1197,
    299,
    443,
    -1181,
    -225,
    386,
    -1235,
    51,
    567,
    -1214,
    -322,
    575,
    -977,
    -273,
    582,
    -988,
    -234,
    352,
    -1222,
    234,
    352,
    -1222
  ],
  "morphTargets": [],
  "morphColors": [],
  "normals": [
    -0.14822,
    0.79678,
    -0.5858,
    -0.012363,
    0.90747,
    0.41993,
    -0.044245,
    0.81718,
    -0.57469,
    -0.034832,
    -0.6653,
    -0.74576,
    -0.056531,
    0.20819,
    -0.97645,
    0.036114,
    -0.657,
    -0.75302,
    0.13887,
    0.41674,
    -0.89835,
    0.039199,
    0.38385,
    -0.92256,
    -0.0076072,
    0.52521,
    -0.85094,
    0.056016,
    0.92978,
    -0.36383,
    -0.00046021,
    0.84054,
    0.54174,
    0.011867,
    0.90616,
    0.42277,
    0.29242,
    0.59813,
    -0.74615,
    -0.17649,
    0.18979,
    -0.96583,
    0.01777,
    0.86266,
    0.50547,
    0.2819,
    0.78657,
    -0.5494,
    0.15783,
    0.79334,
    -0.58796,
    0.17789,
    0.18852,
    -0.96582,
    0.10108,
    -0.32218,
    -0.94127,
    -0.091943,
    0.34549,
    -0.93391,
    -0.14506,
    0.41809,
    -0.89675,
    0.16385,
    0.29187,
    -0.94232,
    -0.00057269,
    -0.99901,
    0.044484,
    -0.0032568,
    -0.99918,
    0.040443,
    -0.0012718,
    -0.71025,
    -0.70395,
    -0.030705,
    0.3714,
    -0.92796,
    -0.57871,
    0.65541,
    0.48532,
    -0.79921,
    0.42568,
    -0.42433,
    -0.98854,
    -0.14461,
    -0.043361,
    -0.10108,
    -0.32218,
    -0.94127,
    0.29881,
    0.23908,
    -0.92388,
    0.24612,
    -0.68316,
    -0.68755,
    0.98854,
    -0.14461,
    -0.043361,
    0.79921,
    0.42568,
    -0.42433,
    0.57871,
    0.65541,
    0.48532,
    -0.047897,
    -0.70034,
    -0.71221,
    -0.33861,
    -0.72381,
    -0.60121,
    -0.54631,
    -0.83293,
    0.088187,
    -0.87741,
    -0.47673,
    0.053698,
    -0.66189,
    -0.49762,
    -0.5606,
    0.075293,
    -0.71006,
    -0.7001,
    0.74771,
    -0.17093,
    -0.64165,
    0.86882,
    -0.49397,
    0.033956,
    0.64507,
    -0.75632,
    -0.10888,
    -0.019483,
    -0.57623,
    -0.81705,
    0.025931,
    -0.59525,
    -0.80312,
    0.022926,
    0.33342,
    -0.9425,
    -0.016991,
    0.86297,
    0.50497,
    0.33136,
    0.20632,
    -0.92067,
    0.76963,
    -0.63752,
    -0.035168,
    0.60479,
    0.79636,
    0.0054118,
    -0.60479,
    0.79636,
    0.0054118,
    -0.76963,
    -0.63752,
    -0.035168,
    -0.36503,
    0.25101,
    -0.89652,
    -0.24612,
    -0.68316,
    -0.68755,
    -0.62179,
    -0.56057,
    -0.54694,
    -0.71532,
    -0.69838,
    0.024162,
    0.71532,
    -0.69838,
    0.024162,
    0.62179,
    -0.56057,
    -0.54694,
    0.65736,
    0.24562,
    0.71242,
    1.34e-8,
    0.30267,
    0.95309,
    -0.11465,
    0.31105,
    0.94345,
    -0.29881,
    0.23908,
    -0.92388,
    -0.2819,
    0.78657,
    -0.5494,
    -0.31398,
    0.61623,
    -0.72227,
    -0.75601,
    0.53153,
    -0.38199,
    -0.031503,
    0.98693,
    0.15802,
    0.38133,
    -0.70313,
    -0.60017,
    -0.71876,
    0.69486,
    0.023518,
    -0.76052,
    -0.12346,
    -0.63747,
    0.75601,
    0.53153,
    -0.38199,
    0.031503,
    0.98693,
    0.15802,
    0.71876,
    0.69486,
    0.023518,
    -0.17758,
    0.28487,
    -0.94197,
    0.047404,
    0.51783,
    -0.85417,
    -0.65736,
    0.24562,
    0.71242,
    0.11465,
    0.31105,
    0.94345,
    -0.11606,
    -0.99305,
    -0.019406,
    0.11525,
    -0.99317,
    -0.018351
  ],
  "colors": [],
  "uvs": [
    []
  ],