{
  "metadata": {
    "formatVersion": 3.1,
    "sourceFile": "hood.obj",
    "generatedBy": "OBJConverter",
    "vertices": 40,
    "faces": 64,
    "normals": 40,
    "colors": 0,
    "uvs": 0,
    "materials": 1
  },
  "scale": 0.5,
  "materials": [
    {
      "DbgColor": 15658734,
      "DbgIndex": 0,
      "DbgName": "Standard_19",
      "colorAmbient": [
        0.987,
        0.987,
        0.987
      ],
      "colorDiffuse": [
        0.987,
        0.987,
        0.987
      ],
      "colorSpecular": [
        0.936,
        0.936,
        0.936
      ],
      "illumination": 2,
      "opacity": 1,
      "opticalDensity": 1.5,
      "specularCoef": 20,
      "transparent": true
    }
  ],
  "vertices": [
    -7,
    373,
    1121,
    180,
    413,
    1037,
    57,
    448,
    954,
    74,
    509,
    615,
    331,
    435,
    905,
    -337,
    498,
    558,
    -390,
    478,
    572,
    -331,
    435,
    905,
    -416,
    412,
    820,
    292,
    393,
    1050,
    415,
    384,
    930,
    363,
    378,
    1015,
    272,
    366,
    1066,
    400,
    387,
    902,
    74,
    478,
    614,
    -74,
    478,
    614,
    -74,
    509,
    615,
    416,
    412,
    820,
    415,
    436,
    612,
    390,
    478,
    572,
    -180,
    413,
    1037,
    -415,
    384,
    930,
    -292,
    393,
    1050,
    -415,
    436,
    612,
    -372,
    474,
    571,
    25,
    365,
    1104,
    268,
    366,
    1092,
    24,
    365,
    1129,
    -272,
    366,
    1066,
    -25,
    365,
    1104,
    -24,
    365,
    1129,
    337,
    498,
    558,
    -400,
    387,
    902,
    -363,
    378,
    1015,
    -337,
    470,
    558,
    -268,
    366,
    1092,
    337,
    470,
    558,
    372,
    474,
    571,
    -402,
    422,
    612,
    402,
    422,
    612
  ],
  "morphTargets": [],
  "morphColors": [],
  "normals": [
    0.086424,
    0.05386,
    0.9948,
    0.075462,
    0.90301,
    0.42293,
    0.013192,
    0.96009,
    0.27938,
    -0.043373,
    0.80356,
    -0.59364,
    0.27357,
    0.92825,
    0.25202,
    -0.13229,
    0.73688,
    -0.66296,
    -0.68125,
    0.34802,
    -0.64404,
    -0.26744,
    0.92991,
    0.25248,
    -0.9843,
    0.15073,
    0.091854,
    0.28365,
    0.81253,
    0.50925,
    0.90823,
    -0.26661,
    0.32254,
    0.82841,
    -0.19442,
    0.5253,
    0.089193,
    -0.996,
    0.0060771,
    0.22978,
    -0.95671,
    -0.17863,
    -0.10781,
    0.018655,
    -0.994,
    0.10781,
    0.018655,
    -0.994,
    0.043009,
    0.8056,
    -0.59089,
    0.9843,
    0.15073,
    0.091854,
    0.9234,
    -0.14004,
    -0.35739,
    0.68125,
    0.34802,
    -0.64404,
    -0.068879,
    0.91209,
    0.40416,
    -0.90823,
    -0.26661,
    0.32254,
    -0.2851,
    0.81254,
    0.50843,
    -0.9234,
    -0.14004,
    -0.35739,
    -0.23706,
    -0.82264,
    -0.51678,
    -0.073064,
    -0.99447,
    0.075434,
    0.3024,
    -0.29718,
    0.90567,
    -0.075166,
    -0.30646,
    0.94891,
    -0.088912,
    -0.99602,
    0.0062839,
    0.098096,
    -0.98893,
    0.11134,
    0.15655,
    -0.32881,
    0.93133,
    0.13229,
    0.73688,
    -0.66296,
    -0.22978,
    -0.95671,
    -0.17863,
    -0.82841,
    -0.19442,
    0.5253,
    -0.018257,
    -0.030149,
    -0.99938,
    -0.30598,
    -0.30021,
    0.90347,
    0.018256,
    -0.030149,
    -0.99938,
    0.23706,
    -0.82264,
    -0.51678,
    -0.63316,
    -0.63201,
    -0.44685,
    0.63316,
    -0.63201,
    -0.44685
  ],
  "colors": [],
  "uvs": [
    []
  ],
  "faces": [
    34,
    0,
    1,
    2,
    0,
    0,
    1,
    2,
    34,
    3,
    2,
    4,
    0,
    3,
    2,
    4,
    34,
    1,
    4,
    2,
    0,
    1,
    4,
    2,
    34,
    5,
    6,
    7,
    0,
    5,
    6,
    7,
    34,
    8,
    7,
    6,
    0,
    8,
    7,
    6,
    34,
    4,
    9,
    10,
    0,
    4,
    9,
    10,
    34,
    11,
    12,
    13,
    0,
    11,
    12,
    13,
    34,
    14,
    15,
    3,
    0,
    14,
    15,
    3,
    34,
    16,
    5,
    7,
    0,
    16,
    5,
    7,
    34,
    17,
    18,
    19,
    0,
    17,
    18,
    19,
    34,
    2,
    20,
    0,
    0,
    2,
    20,
    0,
    34,
    21,
    22,
    7,
    0,
    21,
    22,
    7,
    34,
    23,
    6,
    24,
    0,
    23,
    6,
    24,
    34,
    6,
    23,
    8,
    0,
    6,
    23,
    8,
    34,
    25,
    26,
    27,
    0,
    25,
    26,
    27,
    34,
    28,
    29,
    30,
    0,
    28,
    29,
    30,
    34,
    19,
    4,
    17,
    0,
    19,
    4,
    17,
    34,
    14,
    3,
    31,
    0,
    14,
    3,
    31,
    34,
    32,
    28,
    33,
    0,
    32,
    28,
    33,
    34,
    32,
    8,
    23,
    0,
    32,
    8,
    23,
    34,
    26,
    25,
    12,
    0,
    26,
    25,
    12,
    34,
    6,
    5,
    34,
    0,
    6,
    5,
    34,
    34,
    5,
    16,
    15,
    0,
    5,
    16,
    15,
    34,
    22,
    35,
    30,
    0,
    22,
    35,
    30,
    34,
    35,
    22,
    33,
    0,
    35,
    22,
    33,
    34,
    18,
    17,
    13,
    0,
    18,
    17,
    13,
    34,
    10,
    11,
    13,
    0,
    10,
    11,
    13,
    34,
    36,
    31,
    19,
    0,
    36,
    31,
    19,
    34,
    37,
    19,
    18,
    0,
    37,
    19,
    18,
    34,
    4,
    31,
    3,
    0,
    4,
    31,
    3,
    34,
    4,
    19,
    31,
    0,
    4,
    19,
    31,
    34,
    7,
    2,
    16,
    0,
    7,
    2,
    16,
    34,
    2,
    7,
    20,
    0,
    2,
    7,
    20,
    34,
    10,
    9,
    11,
    0,
    10,
    9,
    11,
    34,
    27,
    26,
    1,
    0,
    27,
    26,
    1,
    34,
    33,
    22,
    21,
    0,
    33,
    22,
    21,
    34,
    32,
    33,
    21,
    0,
    32,
    33,
    21,
    34,
    24,
    38,
    23,
    0,
    24,
    38,
    23,
    34,
    23,
    38,
    32,
    0,
    23,
    38,
    32,
    34,
    18,
    39,
    37,
    0,
    18,
    39,
    37,
    34,
    13,
    39,
    18,
    0,
    13,
    39,
    18,
    34,
    11,
    9,
    26,
    0,
    11,
    9,
    26,
    34,
    12,
    11,
    26,
    0,
    12,
    11,
    26,
    34,
    5,
    15,
    34,
    0,
    5,
    15,
    34,
    34,
    27,
    0,
    25,
    0,
    27,
    0,
    25,
    34,
    1,
    0,
    27,
    0,
    1,
    0,
    27,
    34,
    35,
    33,
    28,
    0,
    35,
    33,
    28,
    34,
    30,
    35,
    28,
    0,
    30,
    35,
    28,
    34,
    0,
    29,
    25,
    0,
    0,
    29,
    25,
    34,
    3,
    16,
    2,
    0,
    3,
    16,
    2,
    34,
    15,
    16,
    3,
    0,
    15,
    16,
    3,
    34,
    19,
    37,
    36,
    0,
    19,
    37,
    36,
    34,
    29,
    0,
    30,
    0,
    29,
    0,
    30,
    34,
    30,
    0,
    20,
    0,
    30,
    0,
    20,
    34,
    13,
    17,
    10,
    0,
    13,
    17,
    10,
    34,
    10,
    17,
    4,
    0,
    10,
    17,
    4,
    34,
    21,
    8,
    32,
    0,
    21,
    8,
    32,
    34,
    7,
    8,
    21,
    0,
    7,
    8,
    21,
    34,
    34,
    24,
    6,
    0,
    34,
    24,
    6,
    34,
    36,
    14,
    31,
    0,
    36,
    14,
    31,
    34,
    22,
    20,
    7,
    0,
    22,
    20,
    7,
    34,
    22,
    30,
    20,
    0,
    22,
    30,
    20,
    34,
    4,
    1,
    9,
    0,
    4,
    1,
    9,
    34,
    1,
    26,
    9,
    0,
    1,
    26,
    9
  ]
}