{
  "metadata": {
    "formatVersion": 3.1,
    "sourceFile": "lens.obj",
    "generatedBy": "OBJConverter",
    "vertices": 28,
    "faces": 26,
    "normals": 28,
    "colors": 0,
    "uvs": 0,
    "materials": 1
  },
  "scale": 0.5,
  "materials": [
    {
      "DbgColor": 15658734,
      "DbgIndex": 0,
      "DbgName": "Standard_19",
      "colorAmbient": [
        0.2431,
        0.2863,
        0.4353
      ],
      "colorDiffuse": [
        0.2431,
        0.2863,
        0.4353
      ],
      "colorSpecular": [
        0.792,
        0.792,
        0.792
      ],
      "illumination": 2,
      "opacity": 1,
      "opticalDensity": 1.5,
      "specularCoef": 39,
      "transparent": true
    }
  ],
  "vertices": [
    -289,
    367,
    1085,
    -430,
    382,
    874,
    -391,
    357,
    1007,
    391,
    357,
    1007,
    430,
    382,
    874,
    289,
    367,
    1085,
    341,
    398,
    -1161,
    160,
    406,
    -1192,
    310,
    471,
    -1167,
    -310,
    471,
    -1167,
    -160,
    406,
    -1192,
    -341,
    398,
    -1161,
    -253,
    296,
    1130,
    -387,
    306,
    1041,
    387,
    306,
    1041,
    253,
    296,
    1130,
    403,
    400,
    -1093,
    381,
    470,
    -1117,
    399,
    476,
    -1012,
    -399,
    476,
    -1012,
    -381,
    470,
    -1117,
    -403,
    400,
    -1093,
    439,
    348,
    902,
    -439,
    348,
    902,
    -183,
    447,
    -1183,
    183,
    447,
    -1183,
    -352,
    479,
    -1122,
    352,
    479,
    -1122
  ],
  "morphTargets": [],
  "morphColors": [],
  "normals": [
    -0.52412,
    0.40307,
    0.75022,
    -0.70777,
    0.62743,
    0.32464,
    -0.64868,
    0.61794,
    0.44427,
    0.64868,
    0.61794,
    0.44427,
    0.70777,
    0.62743,
    0.32464,
    0.52412,
    0.40307,
    0.75022,
    0.48926,
    0.052222,
    -0.87057,
    0.12091,
    0.097668,
    -0.98785,
    0.14879,
    0.69599,
    -0.70246,
    -0.14879,
    0.69599,
    -0.70246,
    -0.12091,
    0.097669,
    -0.98785,
    -0.48926,
    0.052222,
    -0.87057,
    -0.521,
    0.25557,
    0.8144,
    -0.66994,
    0.33402,
    0.66303,
    0.66994,
    0.33402,
    0.66303,
    0.521,
    0.25557,
    0.8144,
    0.88414,
    0.12762,
    -0.44945,
    0.693,
    0.55935,
    -0.45483,
    0.86786,
    0.46379,
    -0.17811,
    -0.86786,
    0.46379,
    -0.17811,
    -0.693,
    0.55935,
    -0.45483,
    -0.88414,
    0.12762,
    -0.44945,
    0.83618,
    0.43029,
    0.34007,
    -0.83618,
    0.43029,
    0.34007,
    -0.065631,
    0.26818,
    -0.96113,
    0.065631,
    0.26818,
    -0.96113,
    -0.26646,
    0.91355,
    -0.3073,
    0.26646,
    0.91355,
    -0.3073
  ],
  "colors": [],
  "uvs": [
    []
  ],
  "faces": [
    34,
    0,
    1,
    2,
    0,
    0,
    1,
    2,
    34,
    3,
    4,
    5,
    0,
    3,
    4,
    5,
    34,
    6,
    7,
    8,
    0,
    6,
    7,
    8,
    34,
    9,
    10,
    11,
    0,
    9,
    10,
    11,
    34,
    12,
    0,
    13,
    0,
    12,
    0,
    13,
    34,
    14,
    5,
    15,
    0,
    14,
    5,
    15,
    34,
    16,
    17,
    18,
    0,
    16,
    17,
    18,
    34,
    19,
    20,
    21,
    0,
    19,
    20,
    21,
    34,
    22,
    4,
    3,
    0,
    22,
    4,
    3,
    34,
    2,
    1,
    23,
    0,
    2,
    1,
    23,
    34,
    11,
    21,
    20,
    0,
    11,
    21,
    20,
    34,
    17,
    16,
    6,
    0,
    17,
    16,
    6,
    34,
    10,
    9,
    24,
    0,
    10,
    9,
    24,
    34,
    25,
    8,
    7,
    0,
    25,
    8,
    7,
    34,
    9,
    26,
    24,
    0,
    9,
    26,
    24,
    34,
    19,
    26,
    20,
    0,
    19,
    26,
    20,
    34,
    17,
    27,
    18,
    0,
    17,
    27,
    18,
    34,
    25,
    27,
    8,
    0,
    25,
    27,
    8,
    34,
    26,
    9,
    20,
    0,
    26,
    9,
    20,
    34,
    11,
    20,
    9,
    0,
    11,
    20,
    9,
    34,
    8,
    17,
    6,
    0,
    8,
    17,
    6,
    34,
    17,
    8,
    27,
    0,
    17,
    8,
    27,
    34,
    14,
    3,
    5,
    0,
    14,
    3,
    5,
    34,
    3,
    14,
    22,
    0,
    3,
    14,
    22,
    34,
    23,
    13,
    2,
    0,
    23,
    13,
    2,
    34,
    0,
    2,
    13,
    0,
    0,
    2,
    13
  ]
}