{
  "metadata": {
    "formatVersion": 3.1,
    "sourceFile": "reflector.obj",
    "generatedBy": "OBJConverter",
    "vertices": 70,
    "faces": 104,
    "normals": 66,
    "colors": 0,
    "uvs": 0,
    "materials": 1
  },
  "scale": 0.5,
  "materials": [
    {
      "DbgColor": 15658734,
      "DbgIndex": 0,
      "DbgName": "Standard_19",
      "colorAmbient": [
        0.5879999995,
        0.5879999995,
        0.5879999995
      ],
      "colorDiffuse": [
        0.5879999995,
        0.5879999995,
        0.5879999995
      ],
      "colorSpecular": [
        0,
        0,
        0
      ],
      "illumination": 2,
      "opacity": 1,
      "opticalDensity": 1.5,
      "specularCoef": 10,
      "transparent": true
    }
  ],
  "vertices": [
    -480,
    536,
    346,
    -439,
    532,
    379,
    -425,
    539,
    357,
    425,
    539,
    357,
    439,
    532,
    379,
    480,
    536,
    346,
    470,
    529,
    365,
    513,
    518,
    341,
    -513,
    518,
    341,
    -470,
    529,
    365,
    -417,
    514,
    361,
    -423,
    513,
    394,
    -424,
    489,
    387,
    -462,
    494,
    376,
    -427,
    489,
    390,
    -429,
    513,
    395,
    424,
    489,
    387,
    423,
    513,
    394,
    417,
    514,
    361,
    429,
    513,
    395,
    427,
    489,
    390,
    462,
    494,
    376,
    524,
    518,
    326,
    512,
    509,
    341,
    529,
    513,
    307,
    463,
    515,
    379,
    -529,
    513,
    307,
    -512,
    509,
    341,
    -524,
    518,
    326,
    -463,
    515,
    379,
    426,
    476,
    350,
    426,
    537,
    350,
    526,
    517,
    305,
    -526,
    517,
    305,
    -426,
    537,
    350,
    -426,
    476,
    350,
    529,
    519,
    307,
    480,
    539,
    331,
    521,
    519,
    309,
    464,
    538,
    337,
    -480,
    539,
    331,
    -464,
    538,
    337,
    -521,
    519,
    309,
    -529,
    519,
    307,
    -425,
    528,
    383,
    425,
    528,
    383,
    475,
    502,
    370,
    -475,
    502,
    370,
    420,
    491,
    360,
    428,
    536,
    355,
    421,
    514,
    359,
    -421,
    514,
    359,
    -428,
    536,
    355,
    -420,
    491,
    360,
    509,
    485,
    314,
    -509,
    485,
    314,
    426,
    489,
    385,
    -426,
    489,
    385,
    -463,
    542,
    339,
    463,
    542,
    339,
    474,
    501,
    366,
    -474,
    501,
    366,
    424,
    490,
    358,
    -424,
    490,
    358,
    507,
    509,
    340,
    -507,
    509,
    340,
    463,
    541,
    334,
    -463,
    541,
    334,
    420,
    515,
    353,
    -420,
    515,
    353
  ],
  "morphTargets": [],
  "morphColors": [],
  "normals": [
    -0.35991,
    0.86525,
    0.34901,
    -0.15594,
    0.79305,
    0.58885,
    0.59469,
    0.76159,
    -0.25752,
    -0.59469,
    0.76159,
    -0.25752,
    0.15594,
    0.79305,
    0.58885,
    0.35991,
    0.86525,
    0.34901,
    0.40886,
    0.67119,
    0.61833,
    0.67562,
    0.37078,
    0.63723,
    -0.67562,
    0.37078,
    0.63723,
    -0.40886,
    0.67119,
    0.61833,
    0.90978,
    0.071327,
    -0.40892,
    0.66537,
    0.19174,
    0.72147,
    0.6772,
    -0.68114,
    0.2783,
    -0.38611,
    -0.89536,
    0.22191,
    0.13229,
    -0.70495,
    0.69681,
    -0.079015,
    0.22213,
    0.97181,
    -0.6772,
    -0.68114,
    0.2783,
    -0.66537,
    0.19174,
    0.72147,
    -0.90978,
    0.071326,
    -0.40893,
    0.079015,
    0.22213,
    0.97181,
    -0.13229,
    -0.70495,
    0.69681,
    0.38612,
    -0.89536,
    0.22191,
    0.87766,
    0.27871,
    0.38991,
    0.56817,
    -0.7357,
    0.3687,
    0.46002,
    -0.66138,
    -0.59241,
    0.4682,
    0.21592,
    0.85683,
    -0.46002,
    -0.66138,
    -0.59241,
    -0.56817,
    -0.73569,
    0.3687,
    -0.87766,
    0.27871,
    0.38991,
    -0.4682,
    0.21592,
    0.85683,
    -0.40751,
    -0.0017871,
    -0.9132,
    0.40751,
    -0.0017871,
    -0.9132,
    0.64444,
    0.46437,
    -0.6075,
    0.024918,
    0.85265,
    -0.52189,
    -0.44546,
    0.033342,
    -0.89468,
    -0.3846,
    0.2968,
    -0.87406,
    -0.024917,
    0.85265,
    -0.52189,
    0.3846,
    0.29681,
    -0.87406,
    0.44546,
    0.033341,
    -0.89468,
    -0.64444,
    0.46437,
    -0.6075,
    0.56564,
    0.62758,
    0.53497,
    -0.56564,
    0.62758,
    0.53497,
    0.61614,
    -0.5529,
    0.56096,
    -0.61614,
    -0.5529,
    0.56096,
    -0.68503,
    -0.59205,
    -0.42451,
    -0.50735,
    0.20282,
    -0.83753,
    -0.40379,
    -0.028285,
    -0.91441,
    0.4038,
    -0.028284,
    -0.91441,
    0.50735,
    0.20282,
    -0.83753,
    0.68503,
    -0.59205,
    -0.42451,
    -0.40047,
    -0.021917,
    -0.91605,
    0.40047,
    -0.021917,
    -0.91605,
    -0.091909,
    -0.99571,
    -0.010864,
    0.091901,
    -0.99571,
    -0.010864,
    0.16211,
    0.92749,
    -0.33687,
    -0.16212,
    0.92749,
    -0.33687,
    0.31576,
    -0.94824,
    -0.033772,
    -0.31576,
    -0.94824,
    -0.033772,
    -0.31478,
    -0.64725,
    -0.69425,
    0.31478,
    -0.64725,
    -0.69425,
    0.09397,
    -0.97595,
    -0.19671,
    -0.093969,
    -0.97595,
    -0.19671,
    -0.39796,
    0.052149,
    -0.91592,
    0.39796,
    0.052149,
    -0.91592,
    -0.37104,
    -0.0022774,
    -0.92861,
    0.37104,
    -0.0022774,
    -0.92861
  ],
  "colors": [],
  "uvs": [
    []
  ],