{
  "metadata": {
    "formatVersion": 3.1,
    "sourceFile": "roof.obj",
    "generatedBy": "OBJConverter",
    "vertices": 39,
    "faces": 54,
    "normals": 39,
    "colors": 0,
    "uvs": 0,
    "materials": 1
  },
  "scale": 0.5,
  "materials": [
    {
      "DbgColor": 15658734,
      "DbgIndex": 0,
      "DbgName": "Standard_19",
      "colorAmbient": [
        0.5879999995,
        0.5879999995,
        0.5879999995
      ],
      "colorDiffuse": [
        0.5879999995,
        0.5879999995,
        0.5879999995
      ],
      "colorSpecular": [
        0,
        0,
        0
      ],
      "illumination": 2,
      "opacity": 1,
      "opticalDensity": 1.5,
      "specularCoef": 10,
      "transparent": true
    }
  ],
  "vertices": [
    163,
    695,
    96,
    285,
    683,
    72,
    -83,
    719,
    -58,
    -222,
    710,
    -252,
    0,
    718,
    -372,
    -270,
    678,
    -515,
    160,
    718,
    -249,
    157,
    693,
    -517,
    0,
    677,
    -614,
    0,
    676,
    193,
    0,
    699,
    107,
    -163,
    691,
    96,
    -285,
    683,
    72,
    -163,
    695,
    96,
    -300,
    662,
    162,
    -160,
    718,
    -249,
    299,
    660,
    153,
    -299,
    660,
    153,
    300,
    662,
    162,
    163,
    691,
    96,
    0,
    717,
    -250,
    270,
    700,
    -252,
    270,
    678,
    -515,
    271,
    646,
    -634,
    -156,
    670,
    -620,
    -271,
    646,
    -634,
    -270,
    693,
    -252,
    285,
    679,
    73,
    0,
    717,
    -249,
    -270,
    693,
    -251,
    -270,
    701,
    -250,
    270,
    693,
    -251,
    270,
    701,
    -250,
    -285,
    679,
    73,
    0,
    692,
    105,
    -284,
    676,
    72,
    284,
    676,
    72,
    0,
    671,
    -608,
    270,
    693,
    -252
  ],
  "morphTargets": [],
  "morphColors": [],
  "normals": [
    0.14376,
    0.43051,
    0.89106,
    0.66929,
    0.5229,
    0.52784,
    -0.034735,
    0.99694,
    0.070073,
    -0.14938,
    0.74481,
    0.65034,
    0.030458,
    0.99754,
    -0.063168,
    -0.71277,
    0.69258,
    -0.11092,
    0.059291,
    0.75236,
    -0.65608,
    0.082952,
    0.98097,
    -0.17553,
    -0.044187,
    0.35973,
    -0.93201,
    1.19e-8,
    0.082325,
    0.99661,
    0,
    0.98006,
    -0.19871,
    -0.081895,
    0.97039,
    0.22725,
    -0.67799,
    0.5102,
    0.52917,
    -0.12528,
    0.39511,
    0.91005,
    -0.64797,
    -0.011901,
    0.76158,
    -0.063051,
    0.74484,
    -0.66426,
    0.9376,
    -0.34539,
    0.040226,
    -0.9376,
    -0.34539,
    0.040226,
    0.64797,
    -0.011902,
    0.76158,
    0.081895,
    0.97039,
    0.22725,
    0.030986,
    0.99945,
    0.012057,
    0.59774,
    0.58126,
    0.55213,
    0.71995,
    0.68379,
    -0.11876,
    0.20274,
    0.93465,
    -0.2921,
    -0.0091646,
    0.75187,
    -0.65925,
    -0.25012,
    0.91372,
    -0.32024,
    -0.36928,
    0.92352,
    0.10361,
    0.15396,
    0.97546,
    0.15742,
    -0.00097139,
    0.99748,
    -0.07098,
    -0.69799,
    0.014923,
    -0.71595,
    -0.61395,
    0.55115,
    -0.56506,
    0.698,
    0.014923,
    -0.71595,
    0.61395,
    0.55115,
    -0.56506,
    -0.15396,
    0.97546,
    0.15742,
    -0.002341,
    0.97569,
    0.21913,
    -0.78319,
    -0.068967,
    0.61795,
    0.78319,
    -0.068967,
    0.61795,
    -0.036207,
    -0.66877,
    -0.74259,
    0.74664,
    0.0098198,
    0.66515
  ],
  "colors": [],
  "uvs": [
    []
  ],
  "faces": [
    34,
    0,
    1,
    2,
    0,
    0,
    1,
    2,
    34,
    3,
    4,
    5,
    0,
    3,
    4,
    5,
    34,
    2,
    1,
    6,
    0,
    2,
    1,
    6,
    34,
    7,
    8,
    4,
    0,
    7,
    8,
    4,
    34,
    9,
    10,
    11,
    0,
    9,
    10,
    11,
    34,
    2,
    12,
    13,
    0,
    2,
    12,
    13,
    34,
    11,
    14,
    9,
    0,
    11,
    14,
    9,
    34,
    5,
    4,
    8,
    0,
    5,
    4,
    8,
    34,
    15,
    12,
    2,
    0,
    15,
    12,
    2,
    34,
    16,
    9,
    17,
    0,
    16,
    9,
    17,
    34,
    9,
    18,
    19,
    0,
    9,
    18,
    19,
    34,
    20,
    21,
    7,
    0,
    20,
    21,
    7,
    34,
    22,
    21,
    23,
    0,
    22,
    21,
    23,
    34,
    7,
    23,
    8,
    0,
    7,
    23,
    8,
    34,
    24,
    25,
    5,
    0,
    24,
    25,
    5,
    34,
    25,
    26,
    5,
    0,
    25,
    26,
    5,
    34,
    18,
    27,
    19,
    0,
    18,
    27,
    19,
    34,
    28,
    29,
    15,
    0,
    28,
    29,
    15,
    34,
    12,
    30,
    29,
    0,
    12,
    30,
    29,
    34,
    6,
    31,
    28,
    0,
    6,
    31,
    28,
    34,
    31,
    32,
    1,
    0,
    31,
    32,
    1,
    34,
    6,
    28,
    2,
    0,
    6,
    28,
    2,
    34,
    2,
    28,
    15,
    0,
    2,
    28,
    15,
    34,
    11,
    33,
    14,
    0,
    11,
    33,
    14,
    34,
    34,
    2,
    13,
    0,
    34,
    2,
    13,
    34,
    35,
    34,
    13,
    0,
    35,
    34,
    13,
    34,
    36,
    1,
    0,
    0,
    36,
    1,
    0,
    34,
    1,
    36,
    31,
    0,
    1,
    36,
    31,
    34,
    29,
    35,
    12,
    0,
    29,
    35,
    12,
    34,
    13,
    12,
    35,
    0,
    13,
    12,
    35,
    34,
    23,
    37,
    8,
    0,
    23,
    37,
    8,
    34,
    24,
    37,
    25,
    0,
    24,
    37,
    25,
    34,
    26,
    20,
    3,
    0,
    26,
    20,
    3,
    34,
    3,
    5,
    26,
    0,
    3,
    5,
    26,
    34,
    0,
    34,
    36,
    0,
    0,
    34,
    36,
    34,
    0,
    2,
    34,
    0,
    0,
    2,
    34,
    34,
    33,
    17,
    14,
    0,
    33,
    17,
    14,
    34,
    9,
    14,
    17,
    0,
    9,
    14,
    17,
    34,
    38,
    21,
    20,
    0,
    38,
    21,
    20,
    34,
    21,
    38,
    23,
    0,
    21,
    38,
    23,
    34,
    16,
    18,
    9,
    0,
    16,
    18,
    9,
    34,
    18,
    16,
    27,
    0,
    18,
    16,
    27,
    34,
    32,
    6,
    1,
    0,
    32,
    6,
    1,
    34,
    6,
    32,
    31,
    0,
    6,
    32,
    31,
    34,
    12,
    15,
    30,
    0,
    12,
    15,
    30,
    34,
    29,
    30,
    15,
    0,
    29,
    30,
    15,
    34,
    20,
    4,
    3,
    0,
    20,
    4,
    3,
    34,
    7,
    4,
    20,
    0,
    7,
    4,
    20,
    34,
    22,
    7,
    21,
    0,
    22,
    7,
    21,
    34,
    23,
    7,
    22,
    0,
    23,
    7,
    22,
    34,
    19,
    10,
    9,
    0,
    19,
    10,
    9,
    34,
    19,
    11,
    10,
    0,
    19,
    11,
    10,
    34,
    5,
    8,
    24,
    0,
    5,
    8,
    24,
    34,
    24,
    8,
    37,
    0,
    24,
    8,
    37
  ]
}