{
  "metadata": {
    "formatVersion": 3.1,
    "sourceFile": "trunk.obj",
    "generatedBy": "OBJConverter",
    "vertices": 55,
    "faces": 87,
    "normals": 55,
    "colors": 0,
    "uvs": 0,
    "materials": 1
  },
  "scale": 0.5,
  "materials": [
    {
      "DbgColor": 15658734,
      "DbgIndex": 0,
      "DbgName": "Standard_19",
      "colorAmbient": [
        0.5879999995,
        0.5879999995,
        0.5879999995
      ],
      "colorDiffuse": [
        0.5879999995,
        0.5879999995,
        0.5879999995
      ],
      "colorSpecular": [
        0,
        0,
        0
      ],
      "illumination": 2,
      "opacity": 1,
      "opticalDensity": 1.5,
      "specularCoef": 10,
      "transparent": true
    }
  ],
  "vertices": [
    0,
    469,
    -1185,
    -291,
    512,
    -1157,
    -53,
    499,
    -1177,
    -253,
    546,
    -976,
    -159,
    523,
    -1178,
    109,
    552,
    -1017,
    211,
    549,
    -994,
    159,
    523,
    -1178,
    196,
    484,
    -1172,
    202,
    455,
    -1180,
    30,
    430,
    -1193,
    -27,
    455,
    -1190,
    -202,
    455,
    -1180,
    -30,
    430,
    -1193,
    -210,
    350,
    -1201,
    -177,
    401,
    -1192,
    -158,
    346,
    -1206,
    -220,
    352,
    -1181,
    0,
    407,
    -1200,
    26,
    455,
    -1187,
    -332,
    537,
    -925,
    291,
    512,
    -1157,
    313,
    477,
    -1153,
    329,
    507,
    -1142,
    332,
    537,
    -925,
    262,
    398,
    -1183,
    159,
    367,
    -1197,
    177,
    401,
    -1192,
    -262,
    398,
    -1183,
    232,
    359,
    -1193,
    220,
    352,
    -1181,
    158,
    346,
    -1206,
    -202,
    455,
    -1163,
    -313,
    477,
    -1136,
    -313,
    477,
    -1153,
    -329,
    507,
    -1142,
    -323,
    500,
    -1128,
    -165,
    418,
    -1191,
    165,
    418,
    -1191,
    -162,
    551,
    -1008,
    -54,
    553,
    -1021,
    -211,
    537,
    -994,
    -54,
    541,
    -1021,
    313,
    477,
    -1136,
    202,
    455,
    -1163,
    262,
    399,
    -1166,
    -232,
    359,
    -1193,
    -262,
    399,
    -1166,
    -166,
    406,
    -1175,
    166,
    406,
    -1175,
    -326,
    525,
    -925,
    0,
    346,
    -1204,
    323,
    500,
    -1128,
    211,
    537,
    -994,
    326,
    525,
    -925
  ],
  "morphTargets": [],
  "morphColors": [],
  "normals": [
    0.028439,
    0.27954,
    -0.95971,
    -0.24576,
    0.6561,
    -0.71353,
    -0.034011,
    0.031917,
    -0.99891,
    0.15811,
    0.90274,
    0.40007,
    -0.1239,
    0.44761,
    -0.8856,
    -0.016133,
    0.95125,
    0.30801,
    -0.16597,
    0.81101,
    0.56099,
    0.068413,
    0.5976,
    -0.79887,
    0.086174,
    0.13817,
    -0.98665,
    0.41028,
    -0.3699,
    -0.83357,
    0.05293,
    0.22133,
    -0.97376,
    0.027795,
    0.24671,
    -0.96869,
    -0.41712,
    -0.3557,
    -0.83636,
    -0.025032,
    0.17354,
    -0.98451,
    -0.21699,
    -0.64232,
    -0.73508,
    -0.22347,
    0.59984,
    -0.76828,
    -0.057869,
    -0.4918,
    -0.86878,
    -0.39101,
    -0.91595,
    0.090301,
    0.0085658,
    0.06795,
    -0.99765,
    0.040909,
    0.24365,
    -0.969,
    -0.57389,
    0.45735,
    0.67933,
    0.25436,
    0.65533,
    -0.71123,
    0.56755,
    -0.57692,
    -0.58741,
    0.85519,
    0.35252,
    -0.37998,
    0.58777,
    0.45864,
    0.66647,
    0.78186,
    0.38979,
    -0.48658,
    0.05523,
    0.24878,
    -0.96698,
    0.23794,
    0.55463,
    -0.79735,
    -0.79079,
    0.39592,
    -0.46679,
    0.55524,
    -0.55376,
    -0.62053,
    0.35619,
    -0.9306,
    -0.084294,
    0.070014,
    -0.63096,
    -0.77265,
    -0.45924,
    -0.88656,
    -0.055814,
    -0.66827,
    -0.74369,
    0.018395,
    -0.56755,
    -0.57692,
    -0.58741,
    -0.85519,
    0.35252,
    -0.37998,
    -0.85418,
    -0.51023,
    0.10023,
    -0.47087,
    0.058525,
    -0.88026,
    0.46693,
    0.067611,
    -0.88171,
    0.050198,
    0.89115,
    0.45092,
    0.0090284,
    0.79834,
    0.60214,
    0.34238,
    -0.14067,
    0.92897,
    0.047438,
    0.026555,
    0.99852,
    0.66827,
    -0.74369,
    0.018395,
    0.45924,
    -0.88656,
    -0.055814,
    0.86913,
    0.49458,
    0.0015171,
    -0.65983,
    -0.59401,
    -0.46019,
    -0.86913,
    0.49458,
    0.0015171,
    -0.88233,
    0.43774,
    -0.17286,
    0.88233,
    0.43774,
    -0.17286,
    -0.33737,
    -0.13789,
    0.93122,
    2e-10,
    -0.97882,
    -0.20472,
    0.85418,
    -0.51023,
    0.10023,
    -0.37438,
    0.036075,
    0.92657,
    0.35444,
    -0.17865,
    0.91785
  ],
  "colors": [],
  "uvs": [
    []
  ],