{
  "metadata": {
    "formatVersion": 3.1,
    "sourceFile": "reflector.obj",
    "generatedBy": "OBJConverter",
    "vertices": 102,
    "faces": 132,
    "normals": 109,
    "colors": 0,
    "uvs": 0,
    "materials": 1
  },
  "scale": 0.5,
  "materials": [
    {
      "DbgColor": 15658734,
      "DbgIndex": 0,
      "DbgName": "08___Default1",
      "colorAmbient": [
        0.5879999995,
        0.5879999995,
        0.5879999995
      ],
      "colorDiffuse": [
        0.5879999995,
        0.5879999995,
        0.5879999995
      ],
      "colorSpecular": [
        0,
        0,
        0
      ],
      "illumination": 2,
      "opacity": 1,
      "opticalDensity": 1.5,
      "specularCoef": 10,
      "transparent": true
    }
  ],
  "vertices": [
    489,
    518,
    338,
    517,
    522,
    319,
    480,
    542,
    338,
    -482,
    542,
    338,
    -523,
    522,
    310,
    -476,
    511,
    344,
    468,
    508,
    348,
    435,
    507,
    360,
    442,
    500,
    369,
    -444,
    500,
    369,
    -436,
    507,
    360,
    -470,
    508,
    348,
    432,
    526,
    366,
    -433,
    526,
    366,
    430,
    551,
    347,
    -431,
    551,
    347,
    445,
    488,
    322,
    422,
    461,
    367,
    413,
    468,
    340,
    -414,
    468,
    340,
    -423,
    461,
    367,
    -447,
    488,
    322,
    -509,
    549,
    300,
    -529,
    532,
    290,
    -531,
    528,
    284,
    -529,
    534,
    301,
    530,
    528,
    284,
    508,
    550,
    295,
    516,
    545,
    306,
    526,
    523,
    290,
    -525,
    509,
    290,
    -497,
    553,
    304,
    -468,
    490,
    315,
    467,
    490,
    315,
    496,
    553,
    304,
    524,
    509,
    290,
    -470,
    492,
    334,
    -470,
    497,
    345,
    -517,
    503,
    310,
    515,
    503,
    310,
    469,
    497,
    345,
    469,
    492,
    334,
    399,
    481,
    340,
    419,
    508,
    334,
    402,
    481,
    393,
    419,
    508,
    338,
    -420,
    508,
    334,
    -401,
    481,
    340,
    -420,
    508,
    338,
    -403,
    481,
    393,
    -419,
    508,
    335,
    -416,
    525,
    336,
    -422,
    525,
    361,
    -436,
    509,
    360,
    421,
    525,
    361,
    414,
    525,
    336,
    418,
    508,
    335,
    435,
    509,
    360,
    474,
    511,
    344,
    -470,
    500,
    351,
    468,
    500,
    351,
    528,
    534,
    301,
    526,
    513,
    291,
    507,
    549,
    300,
    433,
    558,
    328,
    -434,
    558,
    328,
    -509,
    550,
    295,
    -517,
    545,
    306,
    -531,
    523,
    289,
    -528,
    512,
    293,
    -470,
    490,
    312,
    -511,
    497,
    292,
    510,
    497,
    292,
    469,
    490,
    312,
    526,
    512,
    293,
    429,
    553,
    335,
    -430,
    553,
    335,
    470,
    509,
    348,
    515,
    511,
    317,
    470,
    509,
    344,
    -471,
    509,
    348,
    -471,
    509,
    344,
    -516,
    511,
    317,
    -528,
    513,
    291,
    -433,
    556,
    332,
    -425,
    502,
    334,
    424,
    502,
    334,
    431,
    556,
    332,
    -422,
    508,
    352,
    421,
    508,
    352,
    468,
    490,
    317,
    -470,
    490,
    317,
    -408,
    477,
    397,
    406,
    477,
    397,
    527,
    513,
    285,
    -528,
    513,
    285,
    -529,
    530,
    288,
    528,
    530,
    288,
    -416,
    525,
    338,
    415,
    525,
    338,
    468,
    489,
    311,
    -470,
    489,
    311
  ],
  "morphTargets": [],
  "morphColors": [],
  "normals": [
    0.50752,
    0.046544,
    0.86038,
    0.69086,
    -0.42659,
    0.58373,
    0.40765,
    0.60193,
    0.68666,
    -0.44571,
    0.55316,
    0.70382,
    -0.75116,
    0.070683,
    0.65632,
    -0.50313,
    0.023263,
    0.8639,
    0.50096,
    0.38781,
    0.77372,
    -0.11567,
    0.86622,
    0.48609,
    0.41144,
    0.36018,
    0.83725,
    -0.41144,
    0.36018,
    0.83725,
    0.11567,
    0.86622,
    0.48609,
    -0.50096,
    0.38781,
    0.77372,
    -0.021506,
    0.12103,
    0.99242,
    0.017851,
    0.12103,
    0.99249,
    -0.36599,
    0.79253,
    0.4878,
    0.36599,
    0.79253,
    0.4878,
    0.049139,
    -0.53513,
    -0.84334,
    0.67277,
    -0.68496,
    0.27966,
    0.0094045,
    -0.68326,
    -0.73012,
    -0.0094041,
    -0.68326,
    -0.73012,
    -0.67277,
    -0.68496,
    0.27966,
    -0.049139,
    -0.53513,
    -0.84334,
    0.43804,
    -0.86177,
    -0.25588,
    0.75248,
    -0.63064,
    0.18993,
    -0.27641,
    0.41547,
    -0.86659,
    -0.87914,
    0.38108,
    0.28617,
    0.54739,
    -0.097915,
    -0.83113,
    -0.58316,
    0.62102,
    -0.52369,
    0.58231,
    0.7272,
    0.36346,
    0.90297,
    -0.31071,
    0.29683,
    0.41385,
    0.026465,
    -0.90996,
    0.40905,
    0.024381,
    -0.91219,
    0.40355,
    0.02511,
    -0.91462,
    -0.40355,
    0.02511,
    -0.91461,
    -0.40905,
    0.024381,
    -0.91219,
    -0.41385,
    0.026465,
    -0.90996,
    0.50139,
    -0.81945,
    0.27767,
    -0.35694,
    -0.57534,
    0.73592,
    -0.64464,
    -0.66829,
    0.37125,
    0.64464,
    -0.66829,
    0.37125,
    0.35694,
    -0.57534,
    0.73592,
    -0.50139,
    -0.81945,
    0.27767,
    -0.75903,
    0.29551,
    -0.58012,
    -0.34221,
    0.78504,
    -0.51634,
    -0.22135,
    0.81271,
    0.53898,
    -0.50795,
    0.85723,
    0.084478,
    0.3422,
    0.78504,
    -0.51634,
    0.75903,
    0.29551,
    -0.58012,
    0.50795,
    0.85723,
    0.08448,
    0.22135,
    0.81271,
    0.53898,
    0.98097,
    -0.17497,
    -0.084182,
    0.85106,
    0.098944,
    -0.51567,
    0.70261,
    0.059058,
    0.70912,
    0.01703,
    -0.33868,
    0.94075,
    -0.70261,
    0.059058,
    0.70912,
    -0.85106,
    0.098944,
    -0.51567,
    -0.98097,
    -0.17497,
    -0.084182,
    -0.017029,
    -0.33868,
    0.94075,
    0.41877,
    -0.10688,
    0.90178,
    -0.67033,
    -0.43346,
    0.6023,
    0.67033,
    -0.43346,
    0.6023,
    0.91905,
    0.30829,
    0.24557,
    -0.31717,
    0.045852,
    -0.94726,
    -0.47662,
    -0.80863,
    -0.34489,
    -0.55677,
    0.57582,
    -0.59869,
    0.55677,
    0.57582,
    -0.59869,
    0.58317,
    0.62102,
    -0.52369,
    -0.58231,
    0.7272,
    0.36346,
    -0.98208,
    -0.14766,
    0.11713,
    -0.96321,
    -0.17825,
    -0.20111,
    -0.11493,
    -0.99313,
    0.0219,
    -0.080943,
    -0.55632,
    -0.82701,
    0.080943,
    -0.55632,
    -0.82701,
    0.11493,
    -0.99313,
    0.021899,
    0.96321,
    -0.17825,
    -0.20112,
    0.72877,
    -0.66418,
    -0.16663,
    -0.72877,
    -0.66418,
    -0.16663,
    -0.33162,
    0.47309,
    0.81622,
    0.62033,
    0.44519,
    0.64575,
    -0.60145,
    0.79553,
    -0.073381,
    0.33162,
    0.47308,
    0.81622,
    0.60145,
    0.79553,
    -0.073379,
    -0.62033,
    0.44519,
    0.64575,
    -0.76739,
    -0.53957,
    0.34638,
    0.39992,
    0.024912,
    -0.91621,
    0.39571,
    0.027959,
    -0.91795,
    -0.39571,
    0.027959,
    -0.91795,
    -0.39992,
    0.024912,
    -0.91621,
    0.8499,
    -0.24569,
    0.46617,
    -0.8499,
    -0.24569,
    0.46617,
    0.12183,
    -0.99164,
    -0.04255,
    -0.12183,
    -0.99164,
    -0.042551,
    -0.42135,
    0.3515,
    0.83601,
    0.42134,
    0.3515,
    0.83601,
    0.0039857,
    0.77987,
    0.62593,
    0.082847,
    -0.80106,
    -0.59282,
    0.41482,
    0.025727,
    -0.90954,
    -0.41481,
    0.025728,
    -0.90954,
    0.40185,
    0.028892,
    -0.91525,
    -0.40185,
    0.028892,
    -0.91525,
    0.13162,
    -0.98381,
    0.12167,
    0.13162,
    -0.98381,
    0.12167,
    -0.13162,
    0.98381,
    -0.12167,
    -0.13162,
    0.98381,
    -0.12167,
    -0.13162,
    -0.9838,
    0.12168,
    -0.13162,
    -0.9838,
    0.12168,
    0.13162,
    0.9838,
    -0.12168,
    0.13162,
