{
  "metadata": {
    "formatVersion": 3.1,
    "sourceFile": "roof.obj",
    "generatedBy": "OBJConverter",
    "vertices": 64,
    "faces": 113,
    "normals": 64,
    "colors": 0,
    "uvs": 0,
    "materials": 1
  },
  "scale": 0.5,
  "materials": [
    {
      "DbgColor": 15658734,
      "DbgIndex": 0,
      "DbgName": "08___Default1",
      "colorAmbient": [
        0.5879999995,
        0.5879999995,
        0.5879999995
      ],
      "colorDiffuse": [
        0.5879999995,
        0.5879999995,
        0.5879999995
      ],
      "colorSpecular": [
        0,
        0,
        0
      ],
      "illumination": 2,
      "opacity": 1,
      "opticalDensity": 1.5,
      "specularCoef": 10,
      "transparent": true
    }
  ],
  "vertices": [
    116,
    711,
    49,
    59,
    704,
    93,
    169,
    701,
    92,
    -118,
    710,
    -437,
    -216,
    705,
    -437,
    -215,
    717,
    -303,
    -118,
    684,
    -590,
    -60,
    700,
    -514,
    277,
    705,
    -118,
    282,
    694,
    -394,
    278,
    716,
    -160,
    -60,
    717,
    6,
    116,
    721,
    -303,
    59,
    726,
    -160,
    169,
    724,
    -160,
    280,
    711,
    -304,
    -215,
    721,
    -206,
    -283,
    708,
    -351,
    -279,
    716,
    -160,
    -60,
    721,
    -35,
    116,
    721,
    -35,
    0,
    686,
    -590,
    59,
    681,
    -562,
    299,
    672,
    -589,
    285,
    698,
    -437,
    -170,
    677,
    -562,
    -284,
    694,
    -394,
    -283,
    701,
    48,
    -281,
    697,
    5,
    -295,
    671,
    152,
    116,
    683,
    182,
    -117,
    683,
    182,
    0,
    679,
    161,
    -117,
    725,
    -160,
    -214,
    721,
    -118,
    -215,
    713,
    6,
    -280,
    711,
    -36,
    279,
    711,
    -36,
    282,
    701,
    48,
    280,
    697,
    5,
    294,
    671,
    152,
    169,
    702,
    -476,
    59,
    716,
    -394,
    214,
    705,
    -437,
    214,
    717,
    -303,
    116,
    684,
    -590,
    217,
    679,
    -590,
    -218,
    679,
    -590,
    -287,
    698,
    -437,
    -300,
    672,
    -589,
    213,
    713,
    6,
    213,
    721,
    -118,
    -279,
    705,
    -118,
    -295,
    676,
    174,
    -216,
    699,
    92,
    -117,
    703,
    93,
    -170,
    715,
    6,
    298,
    667,
    -562,
    -118,
    721,
    -303,
    -300,
    667,
    -562,
    294,
    676,
    174,
    281,
    708,
    -351,
    213,
    721,
    -206,
    59,
    700,
    -514
  ],
  "morphTargets": [],
  "morphColors": [],
  "normals": [
    0.023352,
    0.9884,
    0.15007,
    0.0052823,
    0.98096,
    0.19413,
    0.04814,
    0.98003,
    0.19294,
    -0.031335,
    0.99191,
    -0.12299,
    -0.066903,
    0.98916,
    -0.13075,
    -0.069801,
    0.99586,
    -0.05828,
    -0.051395,
    0.025502,
    -0.99835,
    -0.018584,
    0.98706,
    -0.15927,
    0.99607,
    -0.088409,
    -0.0059224,
    0.99725,
    -0.051647,
    0.053064,
    0.73169,
    0.68151,
    0.013583,
    -0.0088166,
    0.99201,
    0.12582,
    0.024715,
    0.99813,
    -0.055988,
    0.0088236,
    0.99995,
    0.0040332,
    0.035671,
    0.99934,
    0.0063411,
    0.70327,
    0.71044,
    -0.026202,
    -0.070101,
    0.99727,
    -0.023347,
    -0.71221,
    0.70071,
    -0.042075,
    -0.73141,
    0.68183,
    0.011734,
    -0.013953,
    0.99777,
    0.065294,
    0.02396,
    0.99682,
    0.075996,
    0.033352,
    0.027039,
    -0.99908,
    -0.018593,
    -0.98565,
    -0.16776,
    0.56674,
    -0.044611,
    -0.82269,
    0.70243,
    0.71032,
    -0.045207,
    0.050806,
    -0.98487,
    -0.16567,
    -0.99727,
    -0.051698,
    0.052815,
    -0.66911,
    0.74064,
    0.06123,
    -0.99851,
    -0.030918,
    -0.044953,
    -0.94406,
    -0.32315,
    0.065821,
    0.016668,
    0.032252,
    0.99934,
    -0.015844,
    0.032723,
    0.99934,
    -4.6e-9,
    -0.98096,
    0.1942,
    -0.022934,
    0.9997,
    0.008291,
    -0.059956,
    0.99751,
    0.037215,
    -0.063113,
    0.99216,
    0.10782,
    -0.71932,
    0.6936,
    0.03878,
    0.71932,
    0.6936,
    0.03878,
    0.66671,
    0.74251,
    0.064668,
    0.99851,
    -0.030918,
    -0.044953,
    0.94405,
    -0.32316,
    0.065821,
    0.050734,
    0.98751,
    -0.14913,
    0.01255,
    0.9951,
    -0.098123,
    0.069038,
    0.98973,
    -0.12519,
    0.061871,
    0.99625,
    -0.060459,
    -0.025501,
    0.023745,
    -0.99939,
    0.035296,
    0.034579,
    -0.99878,
    0.010466,
    0.015236,
    -0.99983,
    -0.70243,
    0.71032,
    -0.045207,
    -0.56674,
    -0.044613,
    -0.82269,
    0.064568,
    0.99141,
    0.11376,
    0.066809,
    0.99718,
    0.034284,
    -0.99607,
    -0.088407,
    -0.0059224,
    -0.58805,
    -0.023438,
    0.80848,
    -0.059663,
    0.97996,
    0.19005,
    -0.023011,
    0.98163,
    0.18939,
    -0.043627,
    0.99469,
    0.09324,
    0.94609,
    -0.32021,
    -0.048754,
    -0.02232,
    0.99811,
    -0.0573,
    -0.94627,
    -0.32058,
    -0.042479,
    0.58834,
    -0.02147,
    0.80833,
    0.72351,
    0.68903,
    -0.042065,
    0.063785,
    0.99765,
    -0.025124,
    0.015642,
    0.98733,
    -0.15793
  ],
  "colors": [],
  "uvs": [
    []
  ],