{
  "metadata": {
    "formatVersion": 3.1,
    "sourceFile": "sideskirt.obj",
    "generatedBy": "OBJConverter",
    "vertices": 55,
    "faces": 86,
    "normals": 55,
    "colors": 0,
    "uvs": 0,
    "materials": 1
  },
  "scale": 0.5,
  "materials": [
    {
      "DbgColor": 15658734,
      "DbgIndex": 0,
      "DbgName": "08___Default1",
      "colorAmbient": [
        0.5879999995,
        0.5879999995,
        0.5879999995
      ],
      "colorDiffuse": [
        0.5879999995,
        0.5879999995,
        0.5879999995
      ],
      "colorSpecular": [
        0,
        0,
        0
      ],
      "illumination": 2,
      "opacity": 1,
      "opticalDensity": 1.5,
      "specularCoef": 10,
      "transparent": true
    }
  ],
  "vertices": [
    -427,
    138,
    -492,
    -418,
    127,
    -214,
    -413,
    144,
    -213,
    412,
    144,
    -213,
    417,
    127,
    -214,
    426,
    138,
    -492,
    -401,
    101,
    -103,
    -412,
    86,
    518,
    -424,
    99,
    518,
    -418,
    116,
    174,
    417,
    116,
    174,
    428,
    109,
    518,
    411,
    86,
    518,
    400,
    101,
    -103,
    -427,
    171,
    -460,
    -436,
    173,
    -527,
    -423,
    120,
    -528,
    422,
    120,
    -528,
    435,
    173,
    -527,
    426,
    171,
    -460,
    -413,
    132,
    174,
    -408,
    125,
    439,
    -428,
    139,
    519,
    -413,
    141,
    446,
    -422,
    141,
    446,
    407,
    125,
    439,
    412,
    132,
    174,
    421,
    141,
    446,
    412,
    141,
    446,
    427,
    139,
    519,
    -412,
    101,
    -528,
    -428,
    172,
    -528,
    -399,
    94,
    -528,
    398,
    94,
    -528,
    426,
    172,
    -528,
    411,
    101,
    -528,
    -421,
    154,
    -431,
    435,
    139,
    503,
    -436,
    139,
    503,
    419,
    154,
    -431,
    417,
    171,
    -460,
    -429,
    109,
    518,
    -418,
    125,
    440,
    416,
    125,
    440,
    -419,
    171,
    -460,
    411,
    156,
    -438,
    435,
    139,
    519,
    -437,
    139,
    519,
    -410,
    152,
    -407,
    -400,
    82,
    518,
    -387,
    97,
    -104,
    398,
    82,
    518,
    386,
    97,
    -104,
    -389,
    95,
    -412,
    388,
    95,
    -412
  ],
  "morphTargets": [],
  "morphColors": [],
  "normals": [
    -0.99663,
    -0.016211,
    -0.080363,
    -0.98831,
    -0.15165,
    0.015734,
    -0.70439,
    0.70911,
    0.031667,
    0.94202,
    0.33486,
    0.021657,
    0.98831,
    -0.15165,
    0.015734,
    0.99663,
    -0.01621,
    -0.080363,
    -0.56458,
    -0.82516,
    -0.01872,
    -0.4239,
    -0.64178,
    0.63908,
    -0.61959,
    -0.45036,
    0.64287,
    -0.99997,
    0.0059985,
    -0.0042481,
    0.99997,
    0.0059938,
    -0.0041764,
    0.71078,
    -0.32873,
    0.62188,
    0.4568,
    -0.62736,
    0.63067,
    0.56458,
    -0.82516,
    -0.01872,
    -0.70194,
    0.65559,
    0.27837,
    -0.6948,
    0.51607,
    -0.50092,
    -0.69609,
    -0.34943,
    -0.62718,
    0.69609,
    -0.34943,
    -0.62718,
    0.6948,
    0.51607,
    -0.50092,
    0.69528,
    0.65569,
    0.29438,
    -0.71605,
    0.69783,
    0.017623,
    -0.044504,
    0.8704,
    -0.49033,
    -0.017561,
    0.63793,
    0.76989,
    -0.033992,
    0.77207,
    -0.63462,
    -0.59703,
    0.6226,
    -0.50589,
    0.046308,
    0.87001,
    -0.49085,
    0.71605,
    0.69783,
    0.017623,
    0.59703,
    0.6226,
    -0.50589,
    0.03399,
    0.77208,
    -0.63462,
    0.017657,
    0.63842,
    0.76949,
    -0.58161,
    -0.81343,
    -0.0081535,
    -0.023161,
    0.6491,
    -0.76035,
    -0.70675,
    -0.67552,
    -0.2102,
    0.70674,
    -0.67552,
    -0.2102,
    0.023163,
    0.6491,
    -0.76035,
    0.58161,
    -0.81343,
    -0.00813,
    -0.8528,
    0.4767,
    0.21329,
    0.8122,
    0.57427,
    -0.10268,
    -0.8122,
    0.57427,
    -0.10268,
    0.72102,
    0.67418,
    0.16001,
    0.029517,
    0.94439,
    0.3275,
    -0.70432,
    -0.2752,
    0.65437,
    -0.68882,
    0.63174,
    -0.35557,
    0.68882,
    0.63174,
    -0.35557,
    -0.088427,
    0.95377,
    0.28725,
    -0.014817,
    0.93051,
    0.36597,
    0.66884,
    0.48675,
    0.5619,
    -0.66884,
    0.48675,
    0.5619,
    0.049972,
    0.99563,
    0.078948,
    -0.30642,
    -0.85968,
    0.40873,
    -0.31333,
    -0.9496,
    -0.0091087,
    0.30642,
    -0.85968,
    0.40873,
    0.31333,
    -0.9496,
    -0.0091087,
    -0.15567,
    -0.98769,
    0.015359,
    0.15567,
    -0.98769,
    0.015359
  ],
  "colors": [],
  "uvs": [
    []
  ],